SET NAMES utf8;
SET time_zone = '+00:00';
SET foreign_key_checks = 0;
SET sql_mode = 'NO_AUTO_VALUE_ON_ZERO';

DROP TABLE IF EXISTS `cache`;
CREATE TABLE `cache` (
  `cacheID` varchar(40) NOT NULL,
  `data` mediumtext NOT NULL,
  `cacheTime` int(10) unsigned NOT NULL,
  PRIMARY KEY (`cacheID`)
) ENGINE=InnoDB DEFAULT CHARSET=utf8;

INSERT INTO `cache` (`cacheID`, `data`, `cacheTime`) VALUES
('jsonExport_PDL.php',	'[{\"positionID\":2,\"positionTitle\":\"Chief of Staff\",\"employee\":\"Simonis, Esteban-Esteban\",\"employeeUserName\":\"VTRGRCAYANA\",\"employeeUID\":5,\"supervisor\":\"\",\"service\":\"\",\"payPlan\":\"\",\"series\":\"\",\"payGrade\":\"\",\"fteCeiling\":0,\"currentFte\":0,\"pdNumber\":\"Leaf #123\",\"hrSmartPosition\":\"\",\"employeeEmail\":\"Esteban-Esteban.Simonis@fake-email.com\"},{\"positionID\":3,\"positionTitle\":\"Chief of Everything\",\"employee\":\"Schultz, P&apos;huong\",\"employeeUserName\":\"VTRFAUFELECIA\",\"employeeUID\":4,\"supervisor\":\"\",\"service\":\"Iron Sports\",\"payPlan\":\"\",\"series\":\"\",\"payGrade\":\"\",\"fteCeiling\":0,\"currentFte\":0,\"pdNumber\":\"\",\"hrSmartPosition\":\"\",\"employeeEmail\":\"P\'huong.Schultz@fake-email.com\"},{\"positionID\":5,\"positionTitle\":\"Associate Director\",\"employee\":\"Goodwin, Rhona\",\"employeeUserName\":\"VTRJPSBRANDEE\",\"employeeUID\":39,\"supervisor\":\"\",\"service\":\"\",\"payPlan\":\"\",\"series\":\"\",\"payGrade\":\"\",\"fteCeiling\":0,\"currentFte\":0,\"pdNumber\":\"\",\"hrSmartPosition\":\"\",\"employeeEmail\":\"Rhona.Goodwin@fake-email.com\"},{\"positionID\":6,\"positionTitle\":\"Human Resources Officer\",\"employee\":\"Casper, Glayds\",\"employeeUserName\":\"VTRIPNSHANAE\",\"employeeUID\":56,\"supervisor\":\"Goodwin, Rhona\",\"service\":null,\"payPlan\":\"\",\"series\":\"\",\"payGrade\":\"\",\"fteCeiling\":0,\"currentFte\":0,\"pdNumber\":\"\",\"hrSmartPosition\":\"\",\"employeeEmail\":\"Glayds.Casper@fake-email.com\"},{\"positionID\":7,\"positionTitle\":\"Chief, Medical Records\",\"employee\":\"Howell, Agueda\",\"employeeUserName\":\"VTRGBKJEANNINE\",\"employeeUID\":67,\"supervisor\":\"Goodwin, Rhona\",\"service\":null,\"payPlan\":\"\",\"series\":\"\",\"payGrade\":\"\",\"fteCeiling\":0,\"currentFte\":0,\"pdNumber\":\"\",\"hrSmartPosition\":\"\",\"employeeEmail\":\"Agueda.Howell@fake-email.com\"},{\"positionID\":9,\"positionTitle\":\"Chief, Acute Care\",\"employee\":\"Kulas, Telma\",\"employeeUserName\":\"VTRTGRHONG\",\"employeeUID\":70,\"supervisor\":\"\",\"service\":\"Cotton Movies &amp; Books\",\"payPlan\":\"\",\"series\":\"\",\"payGrade\":\"\",\"fteCeiling\":0,\"currentFte\":0,\"pdNumber\":\"\",\"hrSmartPosition\":\"\",\"employeeEmail\":\"Telma.Kulas@fake-email.com\"},{\"positionID\":10,\"positionTitle\":\"Chief, GEC\",\"employee\":\"Heller, Malik\",\"employeeUserName\":\"VTRRALGERMAINE\",\"employeeUID\":71,\"supervisor\":\"\",\"service\":\"Cotton Movies &amp; Books\",\"payPlan\":\"\",\"series\":\"\",\"payGrade\":\"\",\"fteCeiling\":0,\"currentFte\":0,\"pdNumber\":\"\",\"hrSmartPosition\":\"\",\"employeeEmail\":\"Malik.Heller@fake-email.com\"},{\"positionID\":11,\"positionTitle\":\"LEAF Coaches\",\"employee\":\"Schultz, P&apos;huong\",\"employeeUserName\":\"VTRFAUFELECIA\",\"employeeUID\":4,\"supervisor\":\"Schultz, P&apos;huong\",\"service\":\"Iron Sports\",\"payPlan\":\"\",\"series\":\"\",\"payGrade\":\"\",\"fteCeiling\":0,\"currentFte\":0,\"pdNumber\":\"\",\"hrSmartPosition\":\"\",\"employeeEmail\":\"P\'huong.Schultz@fake-email.com\"},{\"positionID\":12,\"positionTitle\":\"Assistant Director\",\"employee\":\"Green, Erasmo\",\"employeeUserName\":\"VTRHMITOCCARA\",\"employeeUID\":77,\"supervisor\":\"\",\"service\":\"\",\"payPlan\":\"\",\"series\":\"\",\"payGrade\":\"\",\"fteCeiling\":0,\"currentFte\":0,\"pdNumber\":\"\",\"hrSmartPosition\":\"\",\"employeeEmail\":\"Erasmo.Green@fake-email.com\"},{\"positionID\":14,\"positionTitle\":\"Chief, Ground Services\",\"employee\":\"Mertz, Lovie\",\"employeeUserName\":\"VTRDFDNATALIE\",\"employeeUID\":99,\"supervisor\":\"Green, Erasmo\",\"service\":null,\"payPlan\":\"\",\"series\":\"\",\"payGrade\":\"\",\"fteCeiling\":0,\"currentFte\":0,\"pdNumber\":\"\",\"hrSmartPosition\":\"\",\"employeeEmail\":\"Lovie.Mertz@fake-email.com\"},{\"positionID\":15,\"positionTitle\":\"test\",\"employee\":\"Schaden, Boyd\",\"employeeUserName\":\"VTRYUYDEVONA\",\"employeeUID\":27,\"supervisor\":\"Schultz, P&apos;huong\",\"service\":\"Iron Sports\",\"payPlan\":\"\",\"series\":\"\",\"payGrade\":\"\",\"fteCeiling\":0,\"currentFte\":0,\"pdNumber\":\"\",\"hrSmartPosition\":\"\",\"employeeEmail\":\"Boyd.Schaden@fake-email.com\"},{\"positionID\":17,\"positionTitle\":\"HSS\",\"employee\":\"Glover, Donte\",\"employeeUserName\":\"VTRNYKMILLICENT\",\"employeeUID\":91,\"supervisor\":\"\",\"service\":\"\",\"payPlan\":\"\",\"series\":\"\",\"payGrade\":\"\",\"fteCeiling\":0,\"currentFte\":0,\"pdNumber\":\"\",\"hrSmartPosition\":\"\",\"employeeEmail\":\"Donte.Glover@fake-email.com\"},{\"positionID\":21,\"positionTitle\":\"Chief, Supply Chain Management\",\"employee\":\"Goodwin, Rhona\",\"employeeUserName\":\"VTRJPSBRANDEE\",\"employeeUID\":39,\"supervisor\":\"\",\"service\":null,\"payPlan\":\"GS\",\"series\":\"0343\",\"payGrade\":\"12\",\"fteCeiling\":0,\"currentFte\":0,\"pdNumber\":\"\",\"hrSmartPosition\":\"\",\"employeeEmail\":\"Rhona.Goodwin@fake-email.com\"},{\"positionID\":22,\"positionTitle\":\"HRO, Human Resources\",\"employee\":\"Considine, Warren\",\"employeeUserName\":\"VTRZAZSHARLENE\",\"employeeUID\":97,\"supervisor\":\"\",\"service\":null,\"payPlan\":\"\",\"series\":\"\",\"payGrade\":\"\",\"fteCeiling\":0,\"currentFte\":0,\"pdNumber\":\"\",\"hrSmartPosition\":\"\",\"employeeEmail\":\"Warren.Considine@fake-email.com\"},{\"positionID\":23,\"positionTitle\":\"HR Specialist\",\"employee\":\"Bechtelar, Chet\",\"employeeUserName\":\"VTRRJWMARISA\",\"employeeUID\":98,\"supervisor\":\"Considine, Warren\",\"service\":\"Wool Games\",\"payPlan\":\"GS\",\"series\":\"0302\",\"payGrade\":\"\",\"fteCeiling\":0,\"currentFte\":0,\"pdNumber\":\"\",\"hrSmartPosition\":\"\",\"employeeEmail\":\"Chet.Bechtelar@fake-email.com\"},{\"positionID\":24,\"positionTitle\":\"Professional Animal Lover\",\"employee\":\"Gusikowski, Lavern\",\"employeeUserName\":\"VTRGMXMARTHA\",\"employeeUID\":42,\"supervisor\":\"\",\"service\":\"Plastic Jewelry\",\"payPlan\":\"\",\"series\":\"\",\"payGrade\":\"\",\"fteCeiling\":0,\"currentFte\":0,\"pdNumber\":\"\",\"hrSmartPosition\":\"\",\"employeeEmail\":\"Lavern.Gusikowski@fake-email.com\"},{\"positionID\":25,\"positionTitle\":\"Animal Banker (1.85 FTE)\",\"employee\":\"Hoeger, Azalee\",\"employeeUserName\":\"VTRMFIFALLON\",\"employeeUID\":108,\"supervisor\":\"Gusikowski, Lavern\",\"service\":\"Plastic Jewelry\",\"payPlan\":\"\",\"series\":\"\",\"payGrade\":\"\",\"fteCeiling\":0,\"currentFte\":0,\"pdNumber\":\"\",\"hrSmartPosition\":\"\",\"employeeEmail\":\"Azalee.Hoeger@fake-email.com\"},{\"positionID\":26,\"positionTitle\":\"Money Bags\",\"employee\":\"\",\"employeeUserName\":\"\",\"employeeUID\":\"\",\"supervisor\":\"Hoeger, Azalee\",\"service\":\"Steel Movies\",\"payPlan\":\"GS\",\"series\":\"343\",\"payGrade\":\"13\",\"fteCeiling\":\"0.85\",\"currentFte\":0,\"pdNumber\":\"LEAF 1234 VACANT\",\"hrSmartPosition\":\"\",\"employeeEmail\":\"\"},{\"positionID\":27,\"positionTitle\":\"Poor House\",\"employee\":\"Predovic, Augustine\",\"employeeUserName\":\"VTRVXHCONCEPTION\",\"employeeUID\":109,\"supervisor\":\"Hoeger, Azalee\",\"service\":\"Steel Movies\",\"payPlan\":\"GS\",\"series\":\"343\",\"payGrade\":\"09\",\"fteCeiling\":\"1\",\"currentFte\":\"1\",\"pdNumber\":\"\",\"hrSmartPosition\":\"\",\"employeeEmail\":\"Augustine.Predovic@fake-email.com\"},{\"positionID\":28,\"positionTitle\":\"Chief of Staff\",\"employee\":\"Lind, Freddie\",\"employeeUserName\":\"VTRPAHGEORGEANN\",\"employeeUID\":117,\"supervisor\":\"\",\"service\":\"Copper Electronics &amp; Sports\",\"payPlan\":\"\",\"series\":\"\",\"payGrade\":\"\",\"fteCeiling\":0,\"currentFte\":0,\"pdNumber\":\"\",\"hrSmartPosition\":\"\",\"employeeEmail\":\"Freddie.Lind@fake-email.com\"},{\"positionID\":29,\"positionTitle\":\"Chief, Logistics\",\"employee\":\"Casper, Glayds\",\"employeeUserName\":\"VTRIPNSHANAE\",\"employeeUID\":56,\"supervisor\":\"\",\"service\":null,\"payPlan\":\"\",\"series\":\"\",\"payGrade\":\"\",\"fteCeiling\":0,\"currentFte\":0,\"pdNumber\":\"\",\"hrSmartPosition\":\"\",\"employeeEmail\":\"Glayds.Casper@fake-email.com\"},{\"positionID\":30,\"positionTitle\":\"Nurse, GEC\",\"employee\":\"tester, tester\",\"employeeUserName\":\"tester\",\"employeeUID\":1,\"supervisor\":\"Heller, Malik\",\"service\":\"Wooden Beauty\",\"payPlan\":\"RN\",\"series\":\"210\",\"payGrade\":\"3\",\"fteCeiling\":\"1\",\"currentFte\":\"0.5\",\"pdNumber\":\"\",\"hrSmartPosition\":\"\",\"employeeEmail\":\"tester.tester@fake-email.com\"},{\"positionID\":31,\"positionTitle\":\"Deputy COS\",\"employee\":\"Goodwin, Rhona\",\"employeeUserName\":\"VTRJPSBRANDEE\",\"employeeUID\":39,\"supervisor\":\"Lind, Freddie\",\"service\":\"Copper Electronics &amp; Sports\",\"payPlan\":\"\",\"series\":\"\",\"payGrade\":\"\",\"fteCeiling\":0,\"currentFte\":0,\"pdNumber\":\"\",\"hrSmartPosition\":\"\",\"employeeEmail\":\"Rhona.Goodwin@fake-email.com\"},{\"positionID\":32,\"positionTitle\":\"Chief, Surgical Services\",\"employee\":\"Goodwin, Rhona\",\"employeeUserName\":\"VTRJPSBRANDEE\",\"employeeUID\":39,\"supervisor\":\"Goodwin, Rhona\",\"service\":\"Copper Electronics &amp; Sports\",\"payPlan\":\"\",\"series\":\"\",\"payGrade\":\"\",\"fteCeiling\":0,\"currentFte\":0,\"pdNumber\":\"\",\"hrSmartPosition\":\"\",\"employeeEmail\":\"Rhona.Goodwin@fake-email.com\"},{\"positionID\":34,\"positionTitle\":\"Coffeee Person\",\"employee\":\"Wilkinson, Carey\",\"employeeUserName\":\"VTRJPLLEILA\",\"employeeUID\":129,\"supervisor\":\"\",\"service\":\"Cotton Automotive\",\"payPlan\":\"GS\",\"series\":\"303\",\"payGrade\":\"17\",\"fteCeiling\":0,\"currentFte\":0,\"pdNumber\":\"\",\"hrSmartPosition\":\"\",\"employeeEmail\":\"Carey.Wilkinson@fake-email.com\"},{\"positionID\":35,\"positionTitle\":\"Associate Director\",\"employee\":\"Pouros, Shawnna\",\"employeeUserName\":\"VTREAFFATIMAH\",\"employeeUID\":132,\"supervisor\":\"\",\"service\":\"Concrete Electronics\",\"payPlan\":\"\",\"series\":\"\",\"payGrade\":\"\",\"fteCeiling\":0,\"currentFte\":0,\"pdNumber\":\"\",\"hrSmartPosition\":\"\",\"employeeEmail\":\"Shawnna.Pouros@fake-email.com\"},{\"positionID\":37,\"positionTitle\":\"Chief, Dog Sitters\",\"employee\":\"Casper, Glayds\",\"employeeUserName\":\"VTRIPNSHANAE\",\"employeeUID\":56,\"supervisor\":\"Pouros, Shawnna\",\"service\":\"Concrete Electronics\",\"payPlan\":\"\",\"series\":\"\",\"payGrade\":\"\",\"fteCeiling\":0,\"currentFte\":0,\"pdNumber\":\"\",\"hrSmartPosition\":\"\",\"employeeEmail\":\"Glayds.Casper@fake-email.com\"},{\"positionID\":40,\"positionTitle\":\"Dog Sitter West Region\",\"employee\":\"Schultz, P&apos;huong\",\"employeeUserName\":\"VTRFAUFELECIA\",\"employeeUID\":4,\"supervisor\":\"Casper, Glayds\",\"service\":\"Cotton Computers\",\"payPlan\":\"\",\"series\":\"\",\"payGrade\":\"\",\"fteCeiling\":0,\"currentFte\":0,\"pdNumber\":\"\",\"hrSmartPosition\":\"\",\"employeeEmail\":\"P\'huong.Schultz@fake-email.com\"},{\"positionID\":41,\"positionTitle\":\"Meme writer\",\"employee\":\"Predovic, Augustine\",\"employeeUserName\":\"VTRVXHCONCEPTION\",\"employeeUID\":109,\"supervisor\":\"Gusikowski, Lavern\",\"service\":\"Plastic Jewelry\",\"payPlan\":\"\",\"series\":\"\",\"payGrade\":\"\",\"fteCeiling\":0,\"currentFte\":0,\"pdNumber\":\"\",\"hrSmartPosition\":\"\",\"employeeEmail\":\"Augustine.Predovic@fake-email.com\"},{\"positionID\":42,\"positionTitle\":\"All things wonderful\",\"employee\":\"Stracke, Roy\",\"employeeUserName\":\"VTRVYKAGATHA\",\"employeeUID\":168,\"supervisor\":\"Schultz, P&apos;huong\",\"service\":\"Iron Sports\",\"payPlan\":\"GS\",\"series\":\"341\",\"payGrade\":\"13\",\"fteCeiling\":\"0.85\",\"currentFte\":\"0.85\",\"pdNumber\":\"\",\"hrSmartPosition\":\"[protected data]\",\"employeeEmail\":\"Roy.Stracke@fake-email.com\"},{\"positionID\":45,\"positionTitle\":\"Assistant #2\",\"employee\":\"Aufderhar, Carissa\",\"employeeUserName\":\"VTRLDNMYRTIE\",\"employeeUID\":185,\"supervisor\":\"\",\"service\":\"Marble Games\",\"payPlan\":\"\",\"series\":\"\",\"payGrade\":\"\",\"fteCeiling\":0,\"currentFte\":0,\"pdNumber\":\"\",\"hrSmartPosition\":\"\",\"employeeEmail\":\"Carissa.Aufderhar@fake-email.com\"},{\"positionID\":46,\"positionTitle\":\"AS - Chief of AS\",\"employee\":\"tester, tester\",\"employeeUserName\":\"tester\",\"employeeUID\":1,\"supervisor\":\"\",\"service\":\"AS - Service\",\"payPlan\":\"\",\"series\":\"\",\"payGrade\":\"\",\"fteCeiling\":0,\"currentFte\":0,\"pdNumber\":\"\",\"hrSmartPosition\":\"\",\"employeeEmail\":\"tester.tester@fake-email.com\"}]',	1665757654),
('lastModified',	'1694035800',	1694035800);

DROP TABLE IF EXISTS `categories`;
CREATE TABLE `categories` (
  `categoryID` enum('employee','position','group') NOT NULL,
  `parentID` varchar(50) NOT NULL,
  `dataTable` varchar(20) NOT NULL,
  `categoryName` varchar(50) NOT NULL,
  `categoryDescription` varchar(255) NOT NULL,
  `sort` tinyint(3) unsigned NOT NULL DEFAULT '0',
  `disabled` tinyint(4) NOT NULL DEFAULT '0',
  KEY `parentID` (`parentID`)
) ENGINE=InnoDB DEFAULT CHARSET=utf8;

INSERT INTO `categories` (`categoryID`, `parentID`, `dataTable`, `categoryName`, `categoryDescription`, `sort`, `disabled`) VALUES
('employee',	'',	'employee_data',	'Employee',	'',	0,	0),
('position',	'',	'position_data',	'Position',	'',	0,	0),
('group',	'',	'group_data',	'Group',	'',	0,	0);

DROP TABLE IF EXISTS `data_action_log`;
CREATE TABLE `data_action_log` (
  `empUID` varchar(36) DEFAULT NULL,
  `id` int(11) NOT NULL AUTO_INCREMENT,
  `action` varchar(45) DEFAULT NULL,
  `userID` int(11) DEFAULT NULL,
  `timestamp` datetime DEFAULT NULL,
  `userDisplay` varchar(255) DEFAULT NULL,
  PRIMARY KEY (`id`)
) ENGINE=InnoDB DEFAULT CHARSET=utf8;

INSERT INTO `data_action_log` (`empUID`, `id`, `action`, `userID`, `timestamp`, `userDisplay`) VALUES
('1',	1,	'add-group',	1,	'2020-05-29 15:01:15',	'Terry Beaulah'),
('1',	2,	'modify-privileges',	1,	'2020-05-29 15:01:15',	'Terry Beaulah'),
('1',	3,	'modify-privileges',	1,	'2020-05-29 15:01:15',	'Terry Beaulah'),
('1',	4,	'modify-privileges',	1,	'2020-05-29 15:01:15',	'Terry Beaulah'),
('1',	5,	'modify-privileges',	1,	'2020-05-29 15:01:15',	'Terry Beaulah'),
('1',	6,	'modify-privileges',	1,	'2020-05-29 15:01:15',	'Terry Beaulah'),
('1',	7,	'modify-privileges',	1,	'2020-05-29 15:01:15',	'Terry Beaulah'),
('1',	8,	'add-tag',	1,	'2020-05-29 15:01:15',	'Terry Beaulah'),
('1',	9,	'add-employee',	1,	'2020-05-29 15:01:38',	'Terry Beaulah'),
('1',	10,	'add-group',	1,	'2020-09-08 18:19:49',	'Terry Beaulah'),
('1',	11,	'modify-privileges',	1,	'2020-09-08 18:19:49',	'Terry Beaulah'),
('1',	12,	'modify-privileges',	1,	'2020-09-08 18:19:49',	'Terry Beaulah'),
('1',	13,	'modify-privileges',	1,	'2020-09-08 18:19:49',	'Terry Beaulah'),
('1',	14,	'modify-privileges',	1,	'2020-09-08 18:19:49',	'Terry Beaulah'),
('1',	15,	'modify-privileges',	1,	'2020-09-08 18:19:49',	'Terry Beaulah'),
('1',	16,	'modify-privileges',	1,	'2020-09-08 18:19:49',	'Terry Beaulah'),
('1',	17,	'add-tag',	1,	'2020-09-08 18:19:50',	'Terry Beaulah'),
('221',	18,	'add-group',	221,	'2020-09-18 16:57:50',	'Ullrich Von Lichtenstein'),
('221',	19,	'modify-privileges',	221,	'2020-09-18 16:57:50',	'Ullrich Von Lichtenstein'),
('221',	20,	'modify-privileges',	221,	'2020-09-18 16:57:51',	'Ullrich Von Lichtenstein'),
('221',	21,	'modify-privileges',	221,	'2020-09-18 16:57:51',	'Ullrich Von Lichtenstein'),
('221',	22,	'modify-privileges',	221,	'2020-09-18 16:57:51',	'Ullrich Von Lichtenstein'),
('221',	23,	'modify-privileges',	221,	'2020-09-18 16:57:51',	'Ullrich Von Lichtenstein'),
('221',	24,	'add-tag',	221,	'2020-09-18 16:57:51',	'Ullrich Von Lichtenstein'),
('166',	25,	'add-employee',	166,	'2020-10-14 22:02:53',	'Nida Hammes'),
('166',	26,	'delete-group',	166,	'2020-10-14 22:03:00',	'Nida Hammes'),
('222',	27,	'add-group',	222,	'2020-10-14 22:37:13',	'Hoyt McLaughlin'),
('222',	28,	'modify-privileges',	222,	'2020-10-14 22:37:13',	'Hoyt McLaughlin'),
('222',	29,	'modify-privileges',	222,	'2020-10-14 22:37:13',	'Hoyt McLaughlin'),
('222',	30,	'modify-privileges',	222,	'2020-10-14 22:37:13',	'Hoyt McLaughlin'),
('222',	31,	'modify-privileges',	222,	'2020-10-14 22:37:13',	'Hoyt McLaughlin'),
('222',	32,	'modify-privileges',	222,	'2020-10-14 22:37:13',	'Hoyt McLaughlin'),
('222',	33,	'add-tag',	222,	'2020-10-14 22:37:13',	'Hoyt McLaughlin'),
('222',	34,	'add-employee',	222,	'2020-10-14 22:37:40',	'Hoyt McLaughlin'),
('222',	35,	'add-employee',	222,	'2020-10-14 22:40:20',	'Hoyt McLaughlin'),
('222',	36,	'modify-group',	222,	'2020-10-14 22:41:06',	'Hoyt McLaughlin'),
('222',	37,	'add-group',	222,	'2020-10-14 22:47:40',	'Hoyt McLaughlin'),
('222',	38,	'modify-privileges',	222,	'2020-10-14 22:47:40',	'Hoyt McLaughlin'),
('222',	39,	'modify-privileges',	222,	'2020-10-14 22:47:40',	'Hoyt McLaughlin'),
('222',	40,	'modify-privileges',	222,	'2020-10-14 22:47:40',	'Hoyt McLaughlin'),
('222',	41,	'modify-privileges',	222,	'2020-10-14 22:47:40',	'Hoyt McLaughlin'),
('222',	42,	'modify-privileges',	222,	'2020-10-14 22:47:40',	'Hoyt McLaughlin'),
('222',	43,	'add-tag',	222,	'2020-10-14 22:47:40',	'Hoyt McLaughlin'),
('222',	44,	'add-employee',	222,	'2020-10-14 22:48:12',	'Hoyt McLaughlin'),
('222',	45,	'delete-group',	222,	'2020-10-14 22:48:38',	'Hoyt McLaughlin'),
('222',	46,	'delete-group',	222,	'2020-10-14 22:50:23',	'Hoyt McLaughlin'),
('166',	47,	'add-tag',	166,	'2020-10-16 15:45:03',	'Nida Hammes'),
('221',	48,	'add-group',	221,	'2020-11-03 19:42:54',	'Ullrich Von Lichtenstein'),
('221',	49,	'modify-privileges',	221,	'2020-11-03 19:42:54',	'Ullrich Von Lichtenstein'),
('221',	50,	'modify-privileges',	221,	'2020-11-03 19:42:54',	'Ullrich Von Lichtenstein'),
('221',	51,	'modify-privileges',	221,	'2020-11-03 19:42:54',	'Ullrich Von Lichtenstein'),
('221',	52,	'modify-privileges',	221,	'2020-11-03 19:42:54',	'Ullrich Von Lichtenstein'),
('221',	53,	'modify-privileges',	221,	'2020-11-03 19:42:54',	'Ullrich Von Lichtenstein'),
('221',	54,	'add-tag',	221,	'2020-11-03 19:42:54',	'Ullrich Von Lichtenstein'),
('222',	55,	'add-group',	222,	'2020-11-12 19:38:08',	'Hoyt McLaughlin'),
('222',	56,	'modify-privileges',	222,	'2020-11-12 19:38:08',	'Hoyt McLaughlin'),
('222',	57,	'modify-privileges',	222,	'2020-11-12 19:38:08',	'Hoyt McLaughlin'),
('222',	58,	'modify-privileges',	222,	'2020-11-12 19:38:08',	'Hoyt McLaughlin'),
('222',	59,	'modify-privileges',	222,	'2020-11-12 19:38:08',	'Hoyt McLaughlin'),
('222',	60,	'modify-privileges',	222,	'2020-11-12 19:38:08',	'Hoyt McLaughlin'),
('222',	61,	'add-tag',	222,	'2020-11-12 19:38:08',	'Hoyt McLaughlin'),
('222',	62,	'add-employee',	222,	'2020-11-12 19:38:39',	'Hoyt McLaughlin'),
('222',	63,	'add-employee',	222,	'2020-11-13 17:37:49',	'Hoyt McLaughlin'),
('222',	64,	'delete-employee',	222,	'2020-11-13 17:37:54',	'Hoyt McLaughlin'),
('221',	65,	'add-group',	221,	'2020-12-04 20:09:18',	'Ullrich Von Lichtenstein'),
('221',	66,	'modify-privileges',	221,	'2020-12-04 20:09:18',	'Ullrich Von Lichtenstein'),
('221',	67,	'modify-privileges',	221,	'2020-12-04 20:09:18',	'Ullrich Von Lichtenstein'),
('221',	68,	'modify-privileges',	221,	'2020-12-04 20:09:18',	'Ullrich Von Lichtenstein'),
('221',	69,	'modify-privileges',	221,	'2020-12-04 20:09:18',	'Ullrich Von Lichtenstein'),
('221',	70,	'modify-privileges',	221,	'2020-12-04 20:09:18',	'Ullrich Von Lichtenstein'),
('221',	71,	'add-tag',	221,	'2020-12-04 20:09:18',	'Ullrich Von Lichtenstein'),
('221',	72,	'add-employee',	221,	'2020-12-04 20:10:46',	'Ullrich Von Lichtenstein'),
('221',	73,	'add-tag',	221,	'2020-12-04 20:11:26',	'Ullrich Von Lichtenstein'),
(NULL,	74,	'add-group',	1,	'2022-09-07 17:32:59',	'tester tester'),
(NULL,	75,	'modify-privileges',	1,	'2022-09-07 17:32:59',	'tester tester'),
(NULL,	76,	'modify-privileges',	1,	'2022-09-07 17:32:59',	'tester tester'),
(NULL,	77,	'modify-privileges',	1,	'2022-09-07 17:32:59',	'tester tester'),
(NULL,	78,	'modify-privileges',	1,	'2022-09-07 17:32:59',	'tester tester'),
(NULL,	79,	'modify-privileges',	1,	'2022-09-07 17:32:59',	'tester tester'),
(NULL,	80,	'modify-privileges',	1,	'2022-09-07 17:32:59',	'tester tester'),
(NULL,	81,	'add-employee',	1,	'2022-09-07 17:33:08',	'tester tester'),
(NULL,	82,	'add-primary_admin',	1,	'2022-09-07 17:33:29',	'tester tester'),
(NULL,	83,	'add-group',	1,	'2022-09-07 17:34:19',	'tester tester'),
(NULL,	84,	'modify-privileges',	1,	'2022-09-07 17:34:19',	'tester tester'),
(NULL,	85,	'modify-privileges',	1,	'2022-09-07 17:34:19',	'tester tester'),
(NULL,	86,	'modify-privileges',	1,	'2022-09-07 17:34:19',	'tester tester'),
(NULL,	87,	'modify-privileges',	1,	'2022-09-07 17:34:19',	'tester tester'),
(NULL,	88,	'modify-privileges',	1,	'2022-09-07 17:34:19',	'tester tester'),
(NULL,	89,	'modify-privileges',	1,	'2022-09-07 17:34:19',	'tester tester'),
(NULL,	90,	'add-tag',	1,	'2022-09-07 17:34:19',	'tester tester'),
(NULL,	91,	'add-tag',	1,	'2022-09-07 17:34:19',	'tester tester'),
(NULL,	92,	'add-position',	1,	'2022-09-07 17:34:19',	'tester tester'),
(NULL,	93,	'add-tag',	1,	'2022-09-07 17:34:32',	'tester tester'),
(NULL,	94,	'add-tag',	1,	'2022-09-07 17:39:54',	'tester tester'),
(NULL,	95,	'add-tag',	1,	'2022-09-07 17:40:26',	'tester tester'),
(NULL,	96,	'add-position',	1,	'2022-09-07 17:40:35',	'tester tester'),
(NULL,	97,	'add-employee',	1,	'2022-09-15 18:52:50',	'tester tester'),
(NULL,	98,	'delete-tag',	1,	'2022-09-15 18:52:59',	'tester tester'),
(NULL,	99,	'add-tag',	1,	'2022-09-15 18:53:38',	'tester tester'),
(NULL,	100,	'add-group',	1,	'2022-09-16 13:31:48',	'tester tester'),
(NULL,	101,	'modify-privileges',	1,	'2022-09-16 13:31:48',	'tester tester'),
(NULL,	102,	'modify-privileges',	1,	'2022-09-16 13:31:48',	'tester tester'),
(NULL,	103,	'modify-privileges',	1,	'2022-09-16 13:31:48',	'tester tester'),
(NULL,	104,	'modify-privileges',	1,	'2022-09-16 13:31:48',	'tester tester'),
(NULL,	105,	'modify-privileges',	1,	'2022-09-16 13:31:48',	'tester tester'),
(NULL,	106,	'modify-privileges',	1,	'2022-09-16 13:31:48',	'tester tester'),
(NULL,	107,	'modify-privileges',	1,	'2022-09-16 13:31:48',	'tester tester'),
(NULL,	108,	'add-employee',	1,	'2022-09-16 13:32:14',	'tester tester'),
(NULL,	109,	'add-employee',	1,	'2022-09-16 13:33:22',	'tester tester'),
(NULL,	110,	'add-tag',	1,	'2022-09-16 13:33:43',	'tester tester'),
(NULL,	111,	'add-employee',	1,	'2022-09-16 13:34:07',	'tester tester'),
(NULL,	112,	'add-employee',	1,	'2022-09-16 13:34:56',	'tester tester'),
(NULL,	113,	'add-employee',	1,	'2022-09-16 13:46:08',	'tester tester'),
(NULL,	114,	'delete-employee',	1,	'2022-09-16 17:04:02',	'tester tester'),
(NULL,	115,	'delete-employee',	1,	'2022-09-16 17:04:05',	'tester tester'),
(NULL,	116,	'delete-employee',	1,	'2022-09-16 17:04:07',	'tester tester'),
(NULL,	117,	'add-employee',	1,	'2022-09-16 17:04:51',	'tester tester'),
(NULL,	118,	'delete-employee',	1,	'2022-09-16 17:06:33',	'tester tester'),
(NULL,	119,	'delete-employee',	1,	'2022-09-16 17:06:36',	'tester tester'),
(NULL,	120,	'add-employee',	1,	'2022-09-19 13:50:12',	'tester tester'),
(NULL,	121,	'add-employee',	1,	'2022-09-19 13:51:31',	'tester tester'),
(NULL,	122,	'add-employee',	1,	'2022-09-19 13:52:35',	'tester tester'),
(NULL,	123,	'delete-employee',	1,	'2022-09-19 13:53:03',	'tester tester'),
(NULL,	124,	'delete-employee',	1,	'2022-09-19 13:53:05',	'tester tester'),
(NULL,	125,	'delete-employee',	1,	'2022-09-19 13:53:08',	'tester tester'),
(NULL,	126,	'add-employee',	1,	'2022-09-19 14:10:03',	'tester tester'),
(NULL,	127,	'delete-tag',	1,	'2022-09-19 14:11:44',	'tester tester'),
(NULL,	128,	'add-tag',	1,	'2022-09-19 14:11:49',	'tester tester'),
(NULL,	129,	'delete-employee',	1,	'2022-09-19 14:12:24',	'tester tester'),
(NULL,	130,	'add-employee',	1,	'2022-09-19 14:12:54',	'tester tester'),
(NULL,	131,	'delete-employee',	1,	'2022-09-19 14:13:24',	'tester tester'),
(NULL,	132,	'add-employee',	1,	'2022-09-19 14:16:30',	'tester tester'),
(NULL,	133,	'add-employee',	1,	'2022-09-19 14:17:41',	'tester tester'),
(NULL,	134,	'add-employee',	1,	'2022-09-19 14:18:33',	'tester tester'),
(NULL,	135,	'delete-employee',	1,	'2022-09-19 14:19:27',	'tester tester'),
(NULL,	136,	'delete-employee',	1,	'2022-09-19 14:19:29',	'tester tester'),
(NULL,	137,	'delete-employee',	1,	'2022-09-19 14:19:31',	'tester tester'),
(NULL,	138,	'delete-tag',	1,	'2022-09-19 14:19:38',	'tester tester'),
(NULL,	139,	'add-tag',	1,	'2022-09-19 14:19:43',	'tester tester'),
(NULL,	140,	'add-employee',	1,	'2022-09-19 16:40:07',	'tester tester'),
(NULL,	141,	'delete-employee',	1,	'2022-09-19 16:40:29',	'tester tester'),
(NULL,	142,	'add-employee',	1,	'2022-09-19 16:41:36',	'tester tester'),
(NULL,	143,	'add-employee',	1,	'2022-09-19 16:42:37',	'tester tester'),
(NULL,	144,	'add-employee',	1,	'2022-09-19 16:43:35',	'tester tester'),
(NULL,	145,	'delete-employee',	1,	'2022-09-19 16:45:22',	'tester tester'),
(NULL,	146,	'delete-employee',	1,	'2022-09-19 16:45:25',	'tester tester'),
(NULL,	147,	'delete-employee',	1,	'2022-09-19 16:45:27',	'tester tester'),
(NULL,	148,	'delete-tag',	1,	'2022-09-19 16:45:38',	'tester tester'),
(NULL,	149,	'add-tag',	1,	'2022-09-19 16:45:44',	'tester tester'),
(NULL,	150,	'add-employee',	1,	'2022-09-19 17:10:20',	'tester tester'),
(NULL,	151,	'add-employee',	1,	'2022-09-19 17:11:55',	'tester tester'),
(NULL,	152,	'add-employee',	1,	'2022-09-19 17:12:36',	'tester tester'),
(NULL,	153,	'add-group',	1,	'2022-09-22 14:45:07',	'tester tester'),
(NULL,	154,	'modify-privileges',	1,	'2022-09-22 14:45:07',	'tester tester'),
(NULL,	155,	'modify-privileges',	1,	'2022-09-22 14:45:07',	'tester tester'),
(NULL,	156,	'modify-privileges',	1,	'2022-09-22 14:45:07',	'tester tester'),
(NULL,	157,	'modify-privileges',	1,	'2022-09-22 14:45:07',	'tester tester'),
(NULL,	158,	'modify-privileges',	1,	'2022-09-22 14:45:07',	'tester tester'),
(NULL,	159,	'modify-privileges',	1,	'2022-09-22 14:45:07',	'tester tester'),
(NULL,	160,	'modify-privileges',	1,	'2022-09-22 14:45:07',	'tester tester'),
(NULL,	161,	'add-position',	1,	'2022-09-22 14:45:16',	'tester tester'),
(NULL,	162,	'add-employee',	1,	'2022-09-22 14:45:25',	'tester tester'),
(NULL,	163,	'add-employee',	1,	'2022-09-22 14:45:35',	'tester tester'),
(NULL,	164,	'add-employee',	1,	'2022-09-22 14:45:42',	'tester tester'),
(NULL,	165,	'add-tag',	1,	'2022-09-22 14:45:55',	'tester tester'),
(NULL,	166,	'delete-tag',	1,	'2022-09-22 14:46:10',	'tester tester'),
(NULL,	167,	'delete-tag',	1,	'2022-09-22 14:46:14',	'tester tester'),
(NULL,	168,	'delete-tag',	1,	'2022-09-22 14:46:17',	'tester tester'),
(NULL,	169,	'delete-tag',	1,	'2022-09-22 14:46:22',	'tester tester'),
(NULL,	170,	'delete-tag',	1,	'2022-09-22 14:46:26',	'tester tester'),
(NULL,	171,	'delete-tag',	1,	'2022-09-22 14:46:33',	'tester tester'),
(NULL,	172,	'delete-tag',	1,	'2022-09-22 14:46:37',	'tester tester'),
(NULL,	173,	'delete-tag',	1,	'2022-09-22 14:46:41',	'tester tester'),
(NULL,	174,	'delete-tag',	1,	'2022-09-22 14:46:45',	'tester tester'),
(NULL,	175,	'delete-tag',	1,	'2022-09-22 14:46:48',	'tester tester'),
(NULL,	176,	'delete-tag',	1,	'2022-09-22 14:46:52',	'tester tester'),
(NULL,	177,	'delete-tag',	1,	'2022-09-22 14:46:57',	'tester tester'),
(NULL,	178,	'delete-tag',	1,	'2022-09-22 14:47:02',	'tester tester'),
(NULL,	179,	'delete-tag',	1,	'2022-09-22 14:47:08',	'tester tester'),
(NULL,	180,	'delete-tag',	1,	'2022-09-22 14:47:12',	'tester tester'),
(NULL,	181,	'delete-tag',	1,	'2022-09-22 14:47:16',	'tester tester'),
(NULL,	182,	'delete-tag',	1,	'2022-09-22 14:47:20',	'tester tester'),
(NULL,	183,	'delete-tag',	1,	'2022-09-22 14:47:24',	'tester tester'),
(NULL,	184,	'delete-tag',	1,	'2022-09-22 14:47:28',	'tester tester'),
(NULL,	185,	'delete-tag',	1,	'2022-09-22 14:47:32',	'tester tester'),
(NULL,	186,	'delete-tag',	1,	'2022-09-22 14:47:36',	'tester tester'),
(NULL,	187,	'delete-tag',	1,	'2022-09-22 14:47:41',	'tester tester'),
(NULL,	188,	'delete-tag',	1,	'2022-09-22 14:47:46',	'tester tester'),
(NULL,	189,	'delete-tag',	1,	'2022-09-22 14:47:50',	'tester tester'),
(NULL,	190,	'delete-tag',	1,	'2022-09-22 14:47:53',	'tester tester'),
(NULL,	191,	'delete-tag',	1,	'2022-09-22 14:48:00',	'tester tester'),
(NULL,	192,	'delete-tag',	1,	'2022-09-22 14:48:25',	'tester tester'),
(NULL,	193,	'delete-tag',	1,	'2022-09-22 14:48:31',	'tester tester'),
(NULL,	194,	'delete-tag',	1,	'2022-09-22 14:48:35',	'tester tester'),
(NULL,	195,	'delete-tag',	1,	'2022-09-22 14:48:39',	'tester tester'),
(NULL,	196,	'delete-tag',	1,	'2022-09-22 14:48:45',	'tester tester'),
(NULL,	197,	'delete-tag',	1,	'2022-09-22 14:48:49',	'tester tester'),
(NULL,	198,	'delete-tag',	1,	'2022-09-23 16:37:33',	'tester tester'),
(NULL,	199,	'add-tag',	1,	'2022-09-23 16:37:39',	'tester tester'),
(NULL,	200,	'add-group',	1,	'2023-01-11 20:02:16',	'tester tester'),
(NULL,	201,	'modify-privileges',	1,	'2023-01-11 20:02:16',	'tester tester'),
(NULL,	202,	'modify-privileges',	1,	'2023-01-11 20:02:16',	'tester tester'),
(NULL,	203,	'modify-privileges',	1,	'2023-01-11 20:02:16',	'tester tester'),
(NULL,	204,	'modify-privileges',	1,	'2023-01-11 20:02:16',	'tester tester'),
(NULL,	205,	'modify-privileges',	1,	'2023-01-11 20:02:16',	'tester tester'),
(NULL,	206,	'modify-privileges',	1,	'2023-01-11 20:02:16',	'tester tester'),
(NULL,	207,	'modify-privileges',	1,	'2023-01-11 20:02:16',	'tester tester'),
(NULL,	208,	'modify-privileges',	1,	'2023-01-11 20:02:16',	'tester tester'),
(NULL,	209,	'add-position',	1,	'2023-01-11 20:02:16',	'tester tester'),
(NULL,	210,	'add-tag',	1,	'2023-01-11 20:02:16',	'tester tester'),
(NULL,	211,	'add-tag',	1,	'2023-01-11 20:02:16',	'tester tester'),
(NULL,	212,	'add-employee',	1,	'2023-01-19 14:34:28',	'tester tester'),
(NULL,	213,	'delete-employee',	1,	'2023-01-20 14:54:23',	'tester tester'),
(NULL,	214,	'add-employee',	1,	'2023-01-20 14:56:51',	'tester tester'),
(NULL,	215,	'delete-employee',	1,	'2023-01-20 14:56:56',	'tester tester'),
(NULL,	216,	'delete-employee',	1,	'2023-01-20 14:57:21',	'tester tester'),
(NULL,	217,	'add-tag',	1,	'2023-02-01 15:49:23',	'tester tester'),
(NULL,	218,	'add-employee',	1,	'2023-02-13 19:56:23',	'tester tester'),
(NULL,	219,	'delete-tag',	1,	'2023-02-13 19:56:29',	'tester tester'),
(NULL,	220,	'add-tag',	1,	'2023-02-13 19:56:36',	'tester tester'),
(NULL,	221,	'add-employee',	1,	'2023-02-22 17:21:23',	'tester tester'),
(NULL,	222,	'add-employee',	1,	'2023-02-22 17:21:30',	'tester tester'),
(NULL,	223,	'add-employee',	1,	'2023-02-22 17:21:40',	'tester tester'),
(NULL,	224,	'add-employee',	1,	'2023-02-22 17:21:49',	'tester tester'),
(NULL,	225,	'add-tag',	1,	'2023-02-22 17:23:03',	'tester tester'),
(NULL,	226,	'add-tag',	1,	'2023-02-22 17:23:12',	'tester tester'),
(NULL,	227,	'delete-tag',	1,	'2023-02-22 17:23:16',	'tester tester'),
(NULL,	228,	'add-tag',	1,	'2023-02-22 17:23:29',	'tester tester'),
(NULL,	229,	'add-tag',	1,	'2023-02-22 17:23:44',	'tester tester'),
(NULL,	230,	'add-position',	1,	'2023-02-22 17:30:33',	'tester tester'),
(NULL,	231,	'add-employee',	1,	'2023-02-22 17:47:42',	'tester tester'),
(NULL,	232,	'delete-employee',	1,	'2023-02-22 17:47:42',	'tester tester'),
(NULL,	233,	'add-employee',	1,	'2023-02-22 17:47:42',	'tester tester'),
(NULL,	234,	'delete-employee',	1,	'2023-02-22 17:47:42',	'tester tester'),
(NULL,	235,	'add-employee',	1,	'2023-02-22 17:47:42',	'tester tester'),
(NULL,	236,	'add-employee',	1,	'2023-02-22 17:47:42',	'tester tester'),
(NULL,	237,	'delete-employee',	1,	'2023-02-22 17:47:42',	'tester tester'),
(NULL,	238,	'delete-employee',	1,	'2023-02-22 17:47:42',	'tester tester'),
(NULL,	239,	'delete-tag',	1,	'2023-02-24 17:13:11',	'tester tester'),
(NULL,	240,	'add-employee',	1,	'2023-02-24 19:28:38',	'tester tester'),
(NULL,	241,	'add-employee',	1,	'2023-02-24 19:28:39',	'tester tester'),
(NULL,	242,	'delete-employee',	1,	'2023-02-24 19:28:39',	'tester tester'),
(NULL,	243,	'delete-employee',	1,	'2023-02-24 19:28:39',	'tester tester'),
(NULL,	244,	'add-employee',	1,	'2023-02-24 19:28:39',	'tester tester'),
(NULL,	245,	'add-employee',	1,	'2023-02-24 19:28:39',	'tester tester'),
(NULL,	246,	'delete-employee',	1,	'2023-02-24 19:28:39',	'tester tester'),
(NULL,	247,	'delete-employee',	1,	'2023-02-24 19:28:39',	'tester tester'),
(NULL,	248,	'add-employee',	1,	'2023-02-27 18:04:57',	'tester tester'),
(NULL,	249,	'delete-employee',	1,	'2023-02-27 18:04:58',	'tester tester'),
(NULL,	250,	'add-employee',	1,	'2023-02-27 18:04:58',	'tester tester'),
(NULL,	251,	'add-employee',	1,	'2023-02-27 18:04:58',	'tester tester'),
(NULL,	252,	'delete-employee',	1,	'2023-02-27 18:04:59',	'tester tester'),
(NULL,	253,	'add-employee',	1,	'2023-02-27 18:04:59',	'tester tester'),
(NULL,	254,	'delete-employee',	1,	'2023-02-27 18:04:59',	'tester tester'),
(NULL,	255,	'delete-employee',	1,	'2023-02-27 18:04:59',	'tester tester'),
(NULL,	256,	'add-employee',	1,	'2023-02-28 16:07:26',	'tester tester'),
(NULL,	257,	'add-employee',	1,	'2023-02-28 16:07:26',	'tester tester'),
(NULL,	258,	'delete-employee',	1,	'2023-02-28 16:07:26',	'tester tester'),
(NULL,	259,	'delete-employee',	1,	'2023-02-28 16:07:26',	'tester tester'),
(NULL,	260,	'add-employee',	1,	'2023-02-28 16:07:27',	'tester tester'),
(NULL,	261,	'add-employee',	1,	'2023-02-28 16:07:27',	'tester tester'),
(NULL,	262,	'delete-employee',	1,	'2023-02-28 16:07:27',	'tester tester'),
(NULL,	263,	'delete-employee',	1,	'2023-02-28 16:07:27',	'tester tester'),
(NULL,	265,	'add-position',	1,	'2023-03-02 14:52:27',	'tester tester'),
(NULL,	266,	'modify-privileges',	1,	'2023-03-02 14:52:51',	'tester tester'),
(NULL,	267,	'modify-privileges',	1,	'2023-03-02 14:52:54',	'tester tester'),
(NULL,	268,	'add-group',	1,	'2023-07-12 18:23:06',	'tester tester'),
(NULL,	269,	'modify-privileges',	1,	'2023-07-12 18:23:06',	'tester tester'),
(NULL,	270,	'modify-privileges',	1,	'2023-07-12 18:23:06',	'tester tester'),
(NULL,	271,	'modify-privileges',	1,	'2023-07-12 18:23:06',	'tester tester'),
(NULL,	272,	'modify-privileges',	1,	'2023-07-12 18:23:06',	'tester tester'),
(NULL,	273,	'modify-privileges',	1,	'2023-07-12 18:23:06',	'tester tester'),
(NULL,	274,	'modify-privileges',	1,	'2023-07-12 18:23:06',	'tester tester'),
(NULL,	275,	'modify-privileges',	1,	'2023-07-12 18:23:06',	'tester tester'),
(NULL,	276,	'modify-privileges',	1,	'2023-07-12 18:23:06',	'tester tester'),
(NULL,	277,	'add-tag',	1,	'2023-07-12 18:23:06',	'tester tester'),
(NULL,	278,	'add-position',	1,	'2023-07-12 18:23:06',	'tester tester'),
(NULL,	279,	'add-group',	1,	'2023-09-06 21:30:00',	'tester tester'),
(NULL,	280,	'modify-privileges',	1,	'2023-09-06 21:30:00',	'tester tester'),
(NULL,	281,	'modify-privileges',	1,	'2023-09-06 21:30:00',	'tester tester'),
(NULL,	282,	'modify-privileges',	1,	'2023-09-06 21:30:00',	'tester tester'),
(NULL,	283,	'modify-privileges',	1,	'2023-09-06 21:30:00',	'tester tester'),
(NULL,	284,	'modify-privileges',	1,	'2023-09-06 21:30:00',	'tester tester'),
(NULL,	285,	'modify-privileges',	1,	'2023-09-06 21:30:00',	'tester tester'),
(NULL,	286,	'modify-privileges',	1,	'2023-09-06 21:30:00',	'tester tester'),
(NULL,	287,	'modify-privileges',	1,	'2023-09-06 21:30:00',	'tester tester'),
(NULL,	288,	'modify-privileges',	1,	'2023-09-06 21:30:00',	'tester tester');

DROP TABLE IF EXISTS `data_log_items`;
CREATE TABLE `data_log_items` (
  `data_action_log_fk` int(11) NOT NULL,
  `tableName` varchar(75) NOT NULL,
  `column` varchar(75) NOT NULL,
  `value` text NOT NULL,
  `displayValue` varchar(256) DEFAULT NULL,
  PRIMARY KEY (`data_action_log_fk`,`tableName`,`column`)
) ENGINE=InnoDB DEFAULT CHARSET=utf8;

INSERT INTO `data_log_items` (`data_action_log_fk`, `tableName`, `column`, `value`, `displayValue`) VALUES
(74,	'groups',	'groupID',	'200',	NULL),
(74,	'groups',	'groupTitle',	'AS Test Group',	NULL),
(74,	'groups',	'parentID',	'0',	NULL),
(75,	'group_privileges',	'grant',	'true',	NULL),
(75,	'group_privileges',	'groupID',	'200',	'AS Test Group'),
(75,	'group_privileges',	'read',	'true',	NULL),
(75,	'group_privileges',	'UID',	'4',	'Chief Biomed for the VISN'),
(75,	'group_privileges',	'write',	'true',	NULL),
(76,	'group_privileges',	'grant',	'true',	NULL),
(76,	'group_privileges',	'groupID',	'200',	'AS Test Group'),
(76,	'group_privileges',	'read',	'true',	NULL),
(76,	'group_privileges',	'UID',	'30',	'Nurse, GEC'),
(76,	'group_privileges',	'write',	'true',	NULL),
(77,	'group_privileges',	'categoryID',	'group',	NULL),
(77,	'group_privileges',	'grant',	'false',	NULL),
(77,	'group_privileges',	'groupID',	'200',	'AS Test Group'),
(77,	'group_privileges',	'read',	'true',	NULL),
(77,	'group_privileges',	'UID',	'1',	'Sys Admins'),
(77,	'group_privileges',	'write',	'false',	NULL),
(78,	'group_privileges',	'categoryID',	'group',	NULL),
(78,	'group_privileges',	'grant',	'false',	NULL),
(78,	'group_privileges',	'groupID',	'200',	'AS Test Group'),
(78,	'group_privileges',	'read',	'true',	NULL),
(78,	'group_privileges',	'UID',	'1',	'Sys Admins'),
(78,	'group_privileges',	'write',	'true',	NULL),
(79,	'group_privileges',	'categoryID',	'group',	NULL),
(79,	'group_privileges',	'grant',	'true',	NULL),
(79,	'group_privileges',	'groupID',	'200',	'AS Test Group'),
(79,	'group_privileges',	'read',	'true',	NULL),
(79,	'group_privileges',	'UID',	'1',	'Sys Admins'),
(79,	'group_privileges',	'write',	'true',	NULL),
(80,	'group_privileges',	'categoryID',	'group',	NULL),
(80,	'group_privileges',	'grant',	'false',	NULL),
(80,	'group_privileges',	'groupID',	'200',	'AS Test Group'),
(80,	'group_privileges',	'read',	'true',	NULL),
(80,	'group_privileges',	'UID',	'2',	'Everyone else'),
(80,	'group_privileges',	'write',	'false',	NULL),
(81,	'relation_group_employee',	'empUID',	'1',	'tester tester'),
(81,	'relation_group_employee',	'groupID',	'200',	'AS Test Group'),
(82,	'settings',	'data',	'1',	'tester tester'),
(82,	'settings',	'setting',	'primaryAdmin',	NULL),
(83,	'groups',	'groupID',	'201',	NULL),
(83,	'groups',	'groupTitle',	'AS - Service',	NULL),
(83,	'groups',	'parentID',	'0',	NULL),
(84,	'group_privileges',	'grant',	'true',	NULL),
(84,	'group_privileges',	'groupID',	'201',	'AS - Service'),
(84,	'group_privileges',	'read',	'true',	NULL),
(84,	'group_privileges',	'UID',	'4',	'Chief Biomed for the VISN'),
(84,	'group_privileges',	'write',	'true',	NULL),
(85,	'group_privileges',	'grant',	'true',	NULL),
(85,	'group_privileges',	'groupID',	'201',	'AS - Service'),
(85,	'group_privileges',	'read',	'true',	NULL),
(85,	'group_privileges',	'UID',	'30',	'Nurse, GEC'),
(85,	'group_privileges',	'write',	'true',	NULL),
(86,	'group_privileges',	'categoryID',	'group',	NULL),
(86,	'group_privileges',	'grant',	'false',	NULL),
(86,	'group_privileges',	'groupID',	'201',	'AS - Service'),
(86,	'group_privileges',	'read',	'true',	NULL),
(86,	'group_privileges',	'UID',	'1',	'Sys Admins'),
(86,	'group_privileges',	'write',	'false',	NULL),
(87,	'group_privileges',	'categoryID',	'group',	NULL),
(87,	'group_privileges',	'grant',	'false',	NULL),
(87,	'group_privileges',	'groupID',	'201',	'AS - Service'),
(87,	'group_privileges',	'read',	'true',	NULL),
(87,	'group_privileges',	'UID',	'1',	'Sys Admins'),
(87,	'group_privileges',	'write',	'true',	NULL),
(88,	'group_privileges',	'categoryID',	'group',	NULL),
(88,	'group_privileges',	'grant',	'true',	NULL),
(88,	'group_privileges',	'groupID',	'201',	'AS - Service'),
(88,	'group_privileges',	'read',	'true',	NULL),
(88,	'group_privileges',	'UID',	'1',	'Sys Admins'),
(88,	'group_privileges',	'write',	'true',	NULL),
(89,	'group_privileges',	'categoryID',	'group',	NULL),
(89,	'group_privileges',	'grant',	'false',	NULL),
(89,	'group_privileges',	'groupID',	'201',	'AS - Service'),
(89,	'group_privileges',	'read',	'true',	NULL),
(89,	'group_privileges',	'UID',	'2',	'Everyone else'),
(89,	'group_privileges',	'write',	'false',	NULL),
(90,	'group_tags',	'groupID',	'201',	NULL),
(90,	'group_tags',	'tag',	'pentad',	NULL),
(91,	'group_tags',	'groupID',	'201',	NULL),
(91,	'group_tags',	'tag',	'service',	NULL),
(92,	'relation_group_position',	'groupID',	'201',	'AS - Service'),
(92,	'relation_group_position',	'positionID',	'46',	'AS - Chief of AS'),
(93,	'group_tags',	'groupID',	'200',	NULL),
(93,	'group_tags',	'tag',	'Academy_Demo1',	NULL),
(94,	'group_tags',	'groupID',	'200',	NULL),
(94,	'group_tags',	'tag',	'service',	NULL),
(95,	'group_tags',	'groupID',	'200',	NULL),
(95,	'group_tags',	'tag',	'pentad',	NULL),
(96,	'relation_group_position',	'groupID',	'200',	'AS Test Group'),
(96,	'relation_group_position',	'positionID',	'46',	'AS - Chief of AS'),
(97,	'relation_group_employee',	'empUID',	'1',	'tester tester'),
(97,	'relation_group_employee',	'groupID',	'65',	'Aluminum Home'),
(98,	'group_tags',	'groupID',	'65',	NULL),
(98,	'group_tags',	'tag',	'Academy_Demo1',	NULL),
(99,	'group_tags',	'groupID',	'65',	NULL),
(99,	'group_tags',	'tag',	'Academy_Demo1',	NULL),
(100,	'groups',	'groupID',	'202',	NULL),
(100,	'groups',	'groupTitle',	'2911 TEST Group',	NULL),
(100,	'groups',	'parentID',	'0',	NULL),
(101,	'group_privileges',	'grant',	'true',	NULL),
(101,	'group_privileges',	'groupID',	'202',	'2911 TEST Group'),
(101,	'group_privileges',	'read',	'true',	NULL),
(101,	'group_privileges',	'UID',	'4',	'Chief Biomed for the VISN'),
(101,	'group_privileges',	'write',	'true',	NULL),
(102,	'group_privileges',	'grant',	'true',	NULL),
(102,	'group_privileges',	'groupID',	'202',	'2911 TEST Group'),
(102,	'group_privileges',	'read',	'true',	NULL),
(102,	'group_privileges',	'UID',	'30',	'Nurse, GEC'),
(102,	'group_privileges',	'write',	'true',	NULL),
(103,	'group_privileges',	'grant',	'true',	NULL),
(103,	'group_privileges',	'groupID',	'202',	'2911 TEST Group'),
(103,	'group_privileges',	'read',	'true',	NULL),
(103,	'group_privileges',	'UID',	'46',	'AS - Chief of AS'),
(103,	'group_privileges',	'write',	'true',	NULL),
(104,	'group_privileges',	'categoryID',	'group',	NULL),
(104,	'group_privileges',	'grant',	'false',	NULL),
(104,	'group_privileges',	'groupID',	'202',	'2911 TEST Group'),
(104,	'group_privileges',	'read',	'true',	NULL),
(104,	'group_privileges',	'UID',	'1',	'Sys Admins'),
(104,	'group_privileges',	'write',	'false',	NULL),
(105,	'group_privileges',	'categoryID',	'group',	NULL),
(105,	'group_privileges',	'grant',	'false',	NULL),
(105,	'group_privileges',	'groupID',	'202',	'2911 TEST Group'),
(105,	'group_privileges',	'read',	'true',	NULL),
(105,	'group_privileges',	'UID',	'1',	'Sys Admins'),
(105,	'group_privileges',	'write',	'true',	NULL),
(106,	'group_privileges',	'categoryID',	'group',	NULL),
(106,	'group_privileges',	'grant',	'true',	NULL),
(106,	'group_privileges',	'groupID',	'202',	'2911 TEST Group'),
(106,	'group_privileges',	'read',	'true',	NULL),
(106,	'group_privileges',	'UID',	'1',	'Sys Admins'),
(106,	'group_privileges',	'write',	'true',	NULL),
(107,	'group_privileges',	'categoryID',	'group',	NULL),
(107,	'group_privileges',	'grant',	'false',	NULL),
(107,	'group_privileges',	'groupID',	'202',	'2911 TEST Group'),
(107,	'group_privileges',	'read',	'true',	NULL),
(107,	'group_privileges',	'UID',	'2',	'Everyone else'),
(107,	'group_privileges',	'write',	'false',	NULL),
(108,	'relation_group_employee',	'empUID',	'2',	'Tracy Hane'),
(108,	'relation_group_employee',	'groupID',	'202',	'2911 TEST Group'),
(109,	'relation_group_employee',	'empUID',	'64',	'Morton Anderson'),
(109,	'relation_group_employee',	'groupID',	'202',	'2911 TEST Group'),
(110,	'group_tags',	'groupID',	'202',	NULL),
(110,	'group_tags',	'tag',	'Academy_Demo1',	NULL),
(111,	'relation_group_employee',	'empUID',	'232',	'Benito Fay'),
(111,	'relation_group_employee',	'groupID',	'202',	'2911 TEST Group'),
(112,	'relation_group_employee',	'empUID',	'87',	'Adam Bauch'),
(112,	'relation_group_employee',	'groupID',	'202',	'2911 TEST Group'),
(113,	'relation_group_employee',	'empUID',	'262',	'Nita Veum'),
(113,	'relation_group_employee',	'groupID',	'202',	'2911 TEST Group'),
(114,	'relation_group_employee',	'empUID',	'262',	'Nita Veum'),
(114,	'relation_group_employee',	'groupID',	'202',	'2911 TEST Group'),
(115,	'relation_group_employee',	'empUID',	'2',	'Tracy Hane'),
(115,	'relation_group_employee',	'groupID',	'202',	'2911 TEST Group'),
(116,	'relation_group_employee',	'empUID',	'232',	'Benito Fay'),
(116,	'relation_group_employee',	'groupID',	'202',	'2911 TEST Group'),
(117,	'relation_group_employee',	'empUID',	'7',	'Loyd Cartwright'),
(117,	'relation_group_employee',	'groupID',	'202',	'2911 TEST Group'),
(118,	'relation_group_employee',	'empUID',	'87',	'Adam Bauch'),
(118,	'relation_group_employee',	'groupID',	'202',	'2911 TEST Group'),
(119,	'relation_group_employee',	'empUID',	'7',	'Loyd Cartwright'),
(119,	'relation_group_employee',	'groupID',	'202',	'2911 TEST Group'),
(120,	'relation_group_employee',	'empUID',	'121',	'Booker Feeney'),
(120,	'relation_group_employee',	'groupID',	'202',	'2911 TEST Group'),
(121,	'relation_group_employee',	'empUID',	'87',	'Adam Bauch'),
(121,	'relation_group_employee',	'groupID',	'202',	'2911 TEST Group'),
(122,	'relation_group_employee',	'empUID',	'7',	'Loyd Cartwright'),
(122,	'relation_group_employee',	'groupID',	'202',	'2911 TEST Group'),
(123,	'relation_group_employee',	'empUID',	'87',	'Adam Bauch'),
(123,	'relation_group_employee',	'groupID',	'202',	'2911 TEST Group'),
(124,	'relation_group_employee',	'empUID',	'7',	'Loyd Cartwright'),
(124,	'relation_group_employee',	'groupID',	'202',	'2911 TEST Group'),
(125,	'relation_group_employee',	'empUID',	'121',	'Booker Feeney'),
(125,	'relation_group_employee',	'groupID',	'202',	'2911 TEST Group'),
(126,	'relation_group_employee',	'empUID',	'121',	'Booker Feeney'),
(126,	'relation_group_employee',	'groupID',	'202',	'2911 TEST Group'),
(127,	'group_tags',	'groupID',	'202',	NULL),
(127,	'group_tags',	'tag',	'Academy_Demo1',	NULL),
(128,	'group_tags',	'groupID',	'202',	NULL),
(128,	'group_tags',	'tag',	'Academy_Demo1',	NULL),
(129,	'relation_group_employee',	'empUID',	'121',	'Booker Feeney'),
(129,	'relation_group_employee',	'groupID',	'202',	'2911 TEST Group'),
(130,	'relation_group_employee',	'empUID',	'121',	'Booker Feeney'),
(130,	'relation_group_employee',	'groupID',	'202',	'2911 TEST Group'),
(131,	'relation_group_employee',	'empUID',	'121',	'Booker Feeney'),
(131,	'relation_group_employee',	'groupID',	'202',	'2911 TEST Group'),
(132,	'relation_group_employee',	'empUID',	'121',	'Booker Feeney'),
(132,	'relation_group_employee',	'groupID',	'202',	'2911 TEST Group'),
(133,	'relation_group_employee',	'empUID',	'87',	'Adam Bauch'),
(133,	'relation_group_employee',	'groupID',	'202',	'2911 TEST Group'),
(134,	'relation_group_employee',	'empUID',	'7',	'Loyd Cartwright'),
(134,	'relation_group_employee',	'groupID',	'202',	'2911 TEST Group'),
(135,	'relation_group_employee',	'empUID',	'121',	'Booker Feeney'),
(135,	'relation_group_employee',	'groupID',	'202',	'2911 TEST Group'),
(136,	'relation_group_employee',	'empUID',	'7',	'Loyd Cartwright'),
(136,	'relation_group_employee',	'groupID',	'202',	'2911 TEST Group'),
(137,	'relation_group_employee',	'empUID',	'87',	'Adam Bauch'),
(137,	'relation_group_employee',	'groupID',	'202',	'2911 TEST Group'),
(138,	'group_tags',	'groupID',	'202',	NULL),
(138,	'group_tags',	'tag',	'Academy_Demo1',	NULL),
(139,	'group_tags',	'groupID',	'202',	NULL),
(139,	'group_tags',	'tag',	'Academy_Demo1',	NULL),
(140,	'relation_group_employee',	'empUID',	'121',	'Booker Feeney'),
(140,	'relation_group_employee',	'groupID',	'202',	'2911 TEST Group'),
(141,	'relation_group_employee',	'empUID',	'121',	'Booker Feeney'),
(141,	'relation_group_employee',	'groupID',	'202',	'2911 TEST Group'),
(142,	'relation_group_employee',	'empUID',	'121',	'Booker Feeney'),
(142,	'relation_group_employee',	'groupID',	'202',	'2911 TEST Group'),
(143,	'relation_group_employee',	'empUID',	'118',	'Roman Abbott'),
(143,	'relation_group_employee',	'groupID',	'202',	'2911 TEST Group'),
(144,	'relation_group_employee',	'empUID',	'7',	'Loyd Cartwright'),
(144,	'relation_group_employee',	'groupID',	'202',	'2911 TEST Group'),
(145,	'relation_group_employee',	'empUID',	'118',	'Roman Abbott'),
(145,	'relation_group_employee',	'groupID',	'202',	'2911 TEST Group'),
(146,	'relation_group_employee',	'empUID',	'121',	'Booker Feeney'),
(146,	'relation_group_employee',	'groupID',	'202',	'2911 TEST Group'),
(147,	'relation_group_employee',	'empUID',	'7',	'Loyd Cartwright'),
(147,	'relation_group_employee',	'groupID',	'202',	'2911 TEST Group'),
(148,	'group_tags',	'groupID',	'202',	NULL),
(148,	'group_tags',	'tag',	'Academy_Demo1',	NULL),
(149,	'group_tags',	'groupID',	'202',	NULL),
(149,	'group_tags',	'tag',	'Academy_Demo1',	NULL),
(150,	'relation_group_employee',	'empUID',	'121',	'Booker Feeney'),
(150,	'relation_group_employee',	'groupID',	'202',	'2911 TEST Group'),
(151,	'relation_group_employee',	'empUID',	'118',	'Roman Abbott'),
(151,	'relation_group_employee',	'groupID',	'202',	'2911 TEST Group'),
(152,	'relation_group_employee',	'empUID',	'7',	'Loyd Cartwright'),
(152,	'relation_group_employee',	'groupID',	'202',	'2911 TEST Group'),
(153,	'groups',	'groupID',	'203',	NULL),
(153,	'groups',	'groupTitle',	'AS TEST GROUP 1',	NULL),
(153,	'groups',	'parentID',	'0',	NULL),
(154,	'group_privileges',	'grant',	'true',	NULL),
(154,	'group_privileges',	'groupID',	'203',	'AS TEST GROUP 1'),
(154,	'group_privileges',	'read',	'true',	NULL),
(154,	'group_privileges',	'UID',	'4',	'Chief Biomed for the VISN'),
(154,	'group_privileges',	'write',	'true',	NULL),
(155,	'group_privileges',	'grant',	'true',	NULL),
(155,	'group_privileges',	'groupID',	'203',	'AS TEST GROUP 1'),
(155,	'group_privileges',	'read',	'true',	NULL),
(155,	'group_privileges',	'UID',	'30',	'Nurse, GEC'),
(155,	'group_privileges',	'write',	'true',	NULL),
(156,	'group_privileges',	'grant',	'true',	NULL),
(156,	'group_privileges',	'groupID',	'203',	'AS TEST GROUP 1'),
(156,	'group_privileges',	'read',	'true',	NULL),
(156,	'group_privileges',	'UID',	'46',	'AS - Chief of AS'),
(156,	'group_privileges',	'write',	'true',	NULL),
(157,	'group_privileges',	'categoryID',	'group',	NULL),
(157,	'group_privileges',	'grant',	'false',	NULL),
(157,	'group_privileges',	'groupID',	'203',	'AS TEST GROUP 1'),
(157,	'group_privileges',	'read',	'true',	NULL),
(157,	'group_privileges',	'UID',	'1',	'Sys Admins'),
(157,	'group_privileges',	'write',	'false',	NULL),
(158,	'group_privileges',	'categoryID',	'group',	NULL),
(158,	'group_privileges',	'grant',	'false',	NULL),
(158,	'group_privileges',	'groupID',	'203',	'AS TEST GROUP 1'),
(158,	'group_privileges',	'read',	'true',	NULL),
(158,	'group_privileges',	'UID',	'1',	'Sys Admins'),
(158,	'group_privileges',	'write',	'true',	NULL),
(159,	'group_privileges',	'categoryID',	'group',	NULL),
(159,	'group_privileges',	'grant',	'true',	NULL),
(159,	'group_privileges',	'groupID',	'203',	'AS TEST GROUP 1'),
(159,	'group_privileges',	'read',	'true',	NULL),
(159,	'group_privileges',	'UID',	'1',	'Sys Admins'),
(159,	'group_privileges',	'write',	'true',	NULL),
(160,	'group_privileges',	'categoryID',	'group',	NULL),
(160,	'group_privileges',	'grant',	'false',	NULL),
(160,	'group_privileges',	'groupID',	'203',	'AS TEST GROUP 1'),
(160,	'group_privileges',	'read',	'true',	NULL),
(160,	'group_privileges',	'UID',	'2',	'Everyone else'),
(160,	'group_privileges',	'write',	'false',	NULL),
(161,	'relation_group_position',	'groupID',	'203',	'AS TEST GROUP 1'),
(161,	'relation_group_position',	'positionID',	'46',	'AS - Chief of AS'),
(162,	'relation_group_employee',	'empUID',	'118',	'Roman Abbott'),
(162,	'relation_group_employee',	'groupID',	'203',	'AS TEST GROUP 1'),
(163,	'relation_group_employee',	'empUID',	'121',	'Booker Feeney'),
(163,	'relation_group_employee',	'groupID',	'203',	'AS TEST GROUP 1'),
(164,	'relation_group_employee',	'empUID',	'7',	'Loyd Cartwright'),
(164,	'relation_group_employee',	'groupID',	'203',	'AS TEST GROUP 1'),
(165,	'group_tags',	'groupID',	'203',	NULL),
(165,	'group_tags',	'tag',	'Academy_Demo1',	NULL),
(166,	'group_tags',	'groupID',	'63',	NULL),
(166,	'group_tags',	'tag',	'Academy_Demo1',	NULL),
(167,	'group_tags',	'groupID',	'89',	NULL),
(167,	'group_tags',	'tag',	'Academy_Demo1',	NULL),
(168,	'group_tags',	'groupID',	'118',	NULL),
(168,	'group_tags',	'tag',	'Academy_Demo1',	NULL),
(169,	'group_tags',	'groupID',	'40',	NULL),
(169,	'group_tags',	'tag',	'Academy_Demo1',	NULL),
(170,	'group_tags',	'groupID',	'78',	NULL),
(170,	'group_tags',	'tag',	'Academy_Demo1',	NULL),
(171,	'group_tags',	'groupID',	'60',	NULL),
(171,	'group_tags',	'tag',	'Academy_Demo1',	NULL),
(172,	'group_tags',	'groupID',	'59',	NULL),
(172,	'group_tags',	'tag',	'Academy_Demo1',	NULL),
(173,	'group_tags',	'groupID',	'96',	NULL),
(173,	'group_tags',	'tag',	'Academy_Demo1',	NULL),
(174,	'group_tags',	'groupID',	'64',	NULL),
(174,	'group_tags',	'tag',	'Academy_Demo1',	NULL),
(175,	'group_tags',	'groupID',	'93',	NULL),
(175,	'group_tags',	'tag',	'Academy_Demo1',	NULL),
(176,	'group_tags',	'groupID',	'58',	NULL),
(176,	'group_tags',	'tag',	'Academy_Demo1',	NULL),
(177,	'group_tags',	'groupID',	'105',	NULL),
(177,	'group_tags',	'tag',	'Academy_Demo1',	NULL),
(178,	'group_tags',	'groupID',	'41',	NULL),
(178,	'group_tags',	'tag',	'Academy_Demo1',	NULL),
(179,	'group_tags',	'groupID',	'73',	NULL),
(179,	'group_tags',	'tag',	'Academy_Demo1',	NULL),
(180,	'group_tags',	'groupID',	'42',	NULL),
(180,	'group_tags',	'tag',	'Academy_Demo1',	NULL),
(181,	'group_tags',	'groupID',	'94',	NULL),
(181,	'group_tags',	'tag',	'Academy_Demo1',	NULL),
(182,	'group_tags',	'groupID',	'115',	NULL),
(182,	'group_tags',	'tag',	'Academy_Demo1',	NULL),
(183,	'group_tags',	'groupID',	'98',	NULL),
(183,	'group_tags',	'tag',	'Academy_Demo1',	NULL),
(184,	'group_tags',	'groupID',	'95',	NULL),
(184,	'group_tags',	'tag',	'Academy_Demo1',	NULL),
(185,	'group_tags',	'groupID',	'101',	NULL),
(185,	'group_tags',	'tag',	'Academy_Demo1',	NULL),
(186,	'group_tags',	'groupID',	'61',	NULL),
(186,	'group_tags',	'tag',	'Academy_Demo1',	NULL),
(187,	'group_tags',	'groupID',	'16',	NULL),
(187,	'group_tags',	'tag',	'Academy_Demo1',	NULL),
(188,	'group_tags',	'groupID',	'99',	NULL),
(188,	'group_tags',	'tag',	'Academy_Demo1',	NULL),
(189,	'group_tags',	'groupID',	'100',	NULL),
(189,	'group_tags',	'tag',	'Academy_Demo1',	NULL),
(190,	'group_tags',	'groupID',	'62',	NULL),
(190,	'group_tags',	'tag',	'Academy_Demo1',	NULL),
(191,	'group_tags',	'groupID',	'109',	NULL),
(191,	'group_tags',	'tag',	'Academy_Demo1',	NULL),
(192,	'group_tags',	'groupID',	'54',	NULL),
(192,	'group_tags',	'tag',	'Academy_Demo1',	NULL),
(193,	'group_tags',	'groupID',	'106',	NULL),
(193,	'group_tags',	'tag',	'Academy_Demo1',	NULL),
(194,	'group_tags',	'groupID',	'56',	NULL),
(194,	'group_tags',	'tag',	'Academy_Demo1',	NULL),
(195,	'group_tags',	'groupID',	'108',	NULL),
(195,	'group_tags',	'tag',	'Academy_Demo1',	NULL),
(196,	'group_tags',	'groupID',	'32',	NULL),
(196,	'group_tags',	'tag',	'Academy_Demo1',	NULL),
(197,	'group_tags',	'groupID',	'119',	NULL),
(197,	'group_tags',	'tag',	'Academy_Demo1',	NULL),
(198,	'group_tags',	'groupID',	'203',	NULL),
(198,	'group_tags',	'tag',	'Academy_Demo1',	NULL),
(199,	'group_tags',	'groupID',	'203',	NULL),
(199,	'group_tags',	'tag',	'Academy_Demo1',	NULL),
(200,	'groups',	'groupID',	'204',	NULL),
(200,	'groups',	'groupTitle',	'Office of the Director ELT',	NULL),
(200,	'groups',	'parentID',	'0',	NULL),
(201,	'group_privileges',	'grant',	'true',	NULL),
(201,	'group_privileges',	'groupID',	'204',	'Office of the Director ELT'),
(201,	'group_privileges',	'read',	'true',	NULL),
(201,	'group_privileges',	'UID',	'1',	'Network Director'),
(201,	'group_privileges',	'write',	'true',	NULL),
(202,	'group_privileges',	'grant',	'true',	NULL),
(202,	'group_privileges',	'groupID',	'204',	'Office of the Director ELT'),
(202,	'group_privileges',	'read',	'true',	NULL),
(202,	'group_privileges',	'UID',	'4',	'Chief Biomed for the VISN'),
(202,	'group_privileges',	'write',	'true',	NULL),
(203,	'group_privileges',	'grant',	'true',	NULL),
(203,	'group_privileges',	'groupID',	'204',	'Office of the Director ELT'),
(203,	'group_privileges',	'read',	'true',	NULL),
(203,	'group_privileges',	'UID',	'30',	'Nurse, GEC'),
(203,	'group_privileges',	'write',	'true',	NULL),
(204,	'group_privileges',	'grant',	'true',	NULL),
(204,	'group_privileges',	'groupID',	'204',	'Office of the Director ELT'),
(204,	'group_privileges',	'read',	'true',	NULL),
(204,	'group_privileges',	'UID',	'46',	'AS - Chief of AS'),
(204,	'group_privileges',	'write',	'true',	NULL),
(205,	'group_privileges',	'categoryID',	'group',	NULL),
(205,	'group_privileges',	'grant',	'false',	NULL),
(205,	'group_privileges',	'groupID',	'204',	'Office of the Director ELT'),
(205,	'group_privileges',	'read',	'true',	NULL),
(205,	'group_privileges',	'UID',	'1',	'Sys Admins'),
(205,	'group_privileges',	'write',	'false',	NULL),
(206,	'group_privileges',	'categoryID',	'group',	NULL),
(206,	'group_privileges',	'grant',	'false',	NULL),
(206,	'group_privileges',	'groupID',	'204',	'Office of the Director ELT'),
(206,	'group_privileges',	'read',	'true',	NULL),
(206,	'group_privileges',	'UID',	'1',	'Sys Admins'),
(206,	'group_privileges',	'write',	'true',	NULL),
(207,	'group_privileges',	'categoryID',	'group',	NULL),
(207,	'group_privileges',	'grant',	'true',	NULL),
(207,	'group_privileges',	'groupID',	'204',	'Office of the Director ELT'),
(207,	'group_privileges',	'read',	'true',	NULL),
(207,	'group_privileges',	'UID',	'1',	'Sys Admins'),
(207,	'group_privileges',	'write',	'true',	NULL),
(208,	'group_privileges',	'categoryID',	'group',	NULL),
(208,	'group_privileges',	'grant',	'false',	NULL),
(208,	'group_privileges',	'groupID',	'204',	'Office of the Director ELT'),
(208,	'group_privileges',	'read',	'true',	NULL),
(208,	'group_privileges',	'UID',	'2',	'Everyone else'),
(208,	'group_privileges',	'write',	'false',	NULL),
(209,	'relation_group_position',	'groupID',	'204',	'Office of the Director ELT'),
(209,	'relation_group_position',	'positionID',	'1',	'Network Director'),
(210,	'group_tags',	'groupID',	'204',	NULL),
(210,	'group_tags',	'tag',	'ELT',	NULL),
(211,	'group_tags',	'groupID',	'204',	NULL),
(211,	'group_tags',	'tag',	'service',	NULL),
(212,	'relation_group_employee',	'empUID',	'350',	'Classie Parisian'),
(212,	'relation_group_employee',	'groupID',	'203',	'AS TEST GROUP 1'),
(213,	'relation_group_employee',	'empUID',	'160',	'Lina Dickinson'),
(213,	'relation_group_employee',	'groupID',	'97',	'Steel Tools & Movies'),
(214,	'relation_group_employee',	'empUID',	'106',	'Cory Hartmann'),
(214,	'relation_group_employee',	'groupID',	'97',	'Steel Tools & Movies'),
(215,	'relation_group_employee',	'empUID',	'39',	'Rhona Goodwin'),
(215,	'relation_group_employee',	'groupID',	'97',	'Steel Tools & Movies'),
(216,	'relation_group_employee',	'empUID',	'161',	'Luther Feeney'),
(216,	'relation_group_employee',	'groupID',	'97',	'Steel Tools & Movies'),
(217,	'group_tags',	'groupID',	'194',	NULL),
(217,	'group_tags',	'tag',	'Academy_Demo1',	NULL),
(218,	'relation_group_employee',	'empUID',	'103',	'Elisha Bruen'),
(218,	'relation_group_employee',	'groupID',	'194',	'Bronze Computers'),
(219,	'group_tags',	'groupID',	'194',	NULL),
(219,	'group_tags',	'tag',	'Academy_Demo1',	NULL),
(220,	'group_tags',	'groupID',	'194',	NULL),
(220,	'group_tags',	'tag',	'Academy_Demo1',	NULL),
(221,	'relation_group_employee',	'empUID',	'142',	'Xenia Zboncak'),
(221,	'relation_group_employee',	'groupID',	'53',	'Aluminum Books'),
(222,	'relation_group_employee',	'empUID',	'142',	'Xenia Zboncak'),
(222,	'relation_group_employee',	'groupID',	'37',	'Bronze Garden & Beauty'),
(223,	'relation_group_employee',	'empUID',	'142',	'Xenia Zboncak'),
(223,	'relation_group_employee',	'groupID',	'46',	'Granite Baby'),
(224,	'relation_group_employee',	'empUID',	'142',	'Xenia Zboncak'),
(224,	'relation_group_employee',	'groupID',	'190',	'Iron Games'),
(225,	'group_tags',	'groupID',	'25',	NULL),
(225,	'group_tags',	'tag',	'Academy_Demo1',	NULL),
(226,	'group_tags',	'groupID',	'37',	NULL),
(226,	'group_tags',	'tag',	'Academy_Demo1',	NULL),
(227,	'group_tags',	'groupID',	'25',	NULL),
(227,	'group_tags',	'tag',	'Academy_Demo1',	NULL),
(228,	'group_tags',	'groupID',	'46',	NULL),
(228,	'group_tags',	'tag',	'Academy_Demo1',	NULL),
(229,	'group_tags',	'groupID',	'190',	NULL),
(229,	'group_tags',	'tag',	'Academy_Demo1',	NULL),
(230,	'relation_group_position',	'groupID',	'65',	'Aluminum Home'),
(230,	'relation_group_position',	'positionID',	'37',	'Chief, Dog Sitters'),
(231,	'relation_group_employee',	'empUID',	'176',	'Alonzo Walker'),
(231,	'relation_group_employee',	'groupID',	'53',	'Aluminum Books'),
(232,	'relation_group_employee',	'empUID',	'142',	'Xenia Zboncak'),
(232,	'relation_group_employee',	'groupID',	'53',	'Aluminum Books'),
(233,	'relation_group_employee',	'empUID',	'176',	'Alonzo Walker'),
(233,	'relation_group_employee',	'groupID',	'37',	'Bronze Garden & Beauty'),
(234,	'relation_group_employee',	'empUID',	'142',	'Xenia Zboncak'),
(234,	'relation_group_employee',	'groupID',	'37',	'Bronze Garden & Beauty'),
(235,	'relation_group_employee',	'empUID',	'176',	'Alonzo Walker'),
(235,	'relation_group_employee',	'groupID',	'46',	'Granite Baby'),
(236,	'relation_group_employee',	'empUID',	'176',	'Alonzo Walker'),
(236,	'relation_group_employee',	'groupID',	'190',	'Iron Games'),
(237,	'relation_group_employee',	'empUID',	'142',	'Xenia Zboncak'),
(237,	'relation_group_employee',	'groupID',	'46',	'Granite Baby'),
(238,	'relation_group_employee',	'empUID',	'142',	'Xenia Zboncak'),
(238,	'relation_group_employee',	'groupID',	'190',	'Iron Games'),
(239,	'group_tags',	'groupID',	'87',	NULL),
(239,	'group_tags',	'tag',	'Academy_Demo1',	NULL),
(240,	'relation_group_employee',	'empUID',	'142',	'Xenia Zboncak'),
(240,	'relation_group_employee',	'groupID',	'53',	'Aluminum Books'),
(241,	'relation_group_employee',	'empUID',	'142',	'Xenia Zboncak'),
(241,	'relation_group_employee',	'groupID',	'37',	'Bronze Garden & Beauty'),
(242,	'relation_group_employee',	'empUID',	'176',	'Alonzo Walker'),
(242,	'relation_group_employee',	'groupID',	'53',	'Aluminum Books'),
(243,	'relation_group_employee',	'empUID',	'176',	'Alonzo Walker'),
(243,	'relation_group_employee',	'groupID',	'37',	'Bronze Garden & Beauty'),
(244,	'relation_group_employee',	'empUID',	'142',	'Xenia Zboncak'),
(244,	'relation_group_employee',	'groupID',	'46',	'Granite Baby'),
(245,	'relation_group_employee',	'empUID',	'142',	'Xenia Zboncak'),
(245,	'relation_group_employee',	'groupID',	'190',	'Iron Games'),
(246,	'relation_group_employee',	'empUID',	'176',	'Alonzo Walker'),
(246,	'relation_group_employee',	'groupID',	'46',	'Granite Baby'),
(247,	'relation_group_employee',	'empUID',	'176',	'Alonzo Walker'),
(247,	'relation_group_employee',	'groupID',	'190',	'Iron Games'),
(248,	'relation_group_employee',	'empUID',	'176',	'Alonzo Walker'),
(248,	'relation_group_employee',	'groupID',	'53',	'Aluminum Books'),
(249,	'relation_group_employee',	'empUID',	'142',	'Xenia Zboncak'),
(249,	'relation_group_employee',	'groupID',	'53',	'Aluminum Books'),
(250,	'relation_group_employee',	'empUID',	'176',	'Alonzo Walker'),
(250,	'relation_group_employee',	'groupID',	'37',	'Bronze Garden & Beauty'),
(251,	'relation_group_employee',	'empUID',	'176',	'Alonzo Walker'),
(251,	'relation_group_employee',	'groupID',	'46',	'Granite Baby'),
(252,	'relation_group_employee',	'empUID',	'142',	'Xenia Zboncak'),
(252,	'relation_group_employee',	'groupID',	'37',	'Bronze Garden & Beauty'),
(253,	'relation_group_employee',	'empUID',	'176',	'Alonzo Walker'),
(253,	'relation_group_employee',	'groupID',	'190',	'Iron Games'),
(254,	'relation_group_employee',	'empUID',	'142',	'Xenia Zboncak'),
(254,	'relation_group_employee',	'groupID',	'46',	'Granite Baby'),
(255,	'relation_group_employee',	'empUID',	'142',	'Xenia Zboncak'),
(255,	'relation_group_employee',	'groupID',	'190',	'Iron Games'),
(256,	'relation_group_employee',	'empUID',	'142',	'Xenia Zboncak'),
(256,	'relation_group_employee',	'groupID',	'53',	'Aluminum Books'),
(257,	'relation_group_employee',	'empUID',	'142',	'Xenia Zboncak'),
(257,	'relation_group_employee',	'groupID',	'37',	'Bronze Garden & Beauty'),
(258,	'relation_group_employee',	'empUID',	'176',	'Alonzo Walker'),
(258,	'relation_group_employee',	'groupID',	'53',	'Aluminum Books'),
(259,	'relation_group_employee',	'empUID',	'176',	'Alonzo Walker'),
(259,	'relation_group_employee',	'groupID',	'37',	'Bronze Garden & Beauty'),
(260,	'relation_group_employee',	'empUID',	'142',	'Xenia Zboncak'),
(260,	'relation_group_employee',	'groupID',	'46',	'Granite Baby'),
(261,	'relation_group_employee',	'empUID',	'142',	'Xenia Zboncak'),
(261,	'relation_group_employee',	'groupID',	'190',	'Iron Games'),
(262,	'relation_group_employee',	'empUID',	'176',	'Alonzo Walker'),
(262,	'relation_group_employee',	'groupID',	'190',	'Iron Games'),
(263,	'relation_group_employee',	'empUID',	'176',	'Alonzo Walker'),
(263,	'relation_group_employee',	'groupID',	'46',	'Granite Baby'),
(265,	'relation_group_position',	'groupID',	'53',	'Aluminum Books'),
(265,	'relation_group_position',	'positionID',	'33',	'Accountability Officer'),
(266,	'group_privileges',	'categoryID',	'position',	NULL),
(266,	'group_privileges',	'grant',	'true',	NULL),
(266,	'group_privileges',	'groupID',	'53',	'Aluminum Books'),
(266,	'group_privileges',	'read',	'true',	NULL),
(266,	'group_privileges',	'UID',	'16',	NULL),
(266,	'group_privileges',	'write',	'true',	NULL),
(267,	'group_privileges',	'categoryID',	'group',	NULL),
(267,	'group_privileges',	'grant',	'false',	NULL),
(267,	'group_privileges',	'groupID',	'53',	'Aluminum Books'),
(267,	'group_privileges',	'read',	'true',	NULL),
(267,	'group_privileges',	'UID',	'2',	'Everyone else'),
(267,	'group_privileges',	'write',	'false',	NULL),
(268,	'groups',	'groupID',	'205',	NULL),
(268,	'groups',	'groupTitle',	'Office of Associate Director of Patient Care Services',	NULL),
(268,	'groups',	'parentID',	'0',	NULL),
(269,	'group_privileges',	'grant',	'true',	NULL),
(269,	'group_privileges',	'groupID',	'205',	'Office of Associate Director of Patient Care Services'),
(269,	'group_privileges',	'read',	'true',	NULL),
(269,	'group_privileges',	'UID',	'1',	'Network Director'),
(269,	'group_privileges',	'write',	'true',	NULL),
(270,	'group_privileges',	'grant',	'true',	NULL),
(270,	'group_privileges',	'groupID',	'205',	'Office of Associate Director of Patient Care Services'),
(270,	'group_privileges',	'read',	'true',	NULL),
(270,	'group_privileges',	'UID',	'4',	'Chief Biomed for the VISN'),
(270,	'group_privileges',	'write',	'true',	NULL),
(271,	'group_privileges',	'grant',	'true',	NULL),
(271,	'group_privileges',	'groupID',	'205',	'Office of Associate Director of Patient Care Services'),
(271,	'group_privileges',	'read',	'true',	NULL),
(271,	'group_privileges',	'UID',	'30',	'Nurse, GEC'),
(271,	'group_privileges',	'write',	'true',	NULL),
(272,	'group_privileges',	'grant',	'true',	NULL),
(272,	'group_privileges',	'groupID',	'205',	'Office of Associate Director of Patient Care Services'),
(272,	'group_privileges',	'read',	'true',	NULL),
(272,	'group_privileges',	'UID',	'46',	'AS - Chief of AS'),
(272,	'group_privileges',	'write',	'true',	NULL),
(273,	'group_privileges',	'categoryID',	'group',	NULL),
(273,	'group_privileges',	'grant',	'false',	NULL),
(273,	'group_privileges',	'groupID',	'205',	'Office of Associate Director of Patient Care Services'),
(273,	'group_privileges',	'read',	'true',	NULL),
(273,	'group_privileges',	'UID',	'1',	'Sys Admins'),
(273,	'group_privileges',	'write',	'false',	NULL),
(274,	'group_privileges',	'categoryID',	'group',	NULL),
(274,	'group_privileges',	'grant',	'false',	NULL),
(274,	'group_privileges',	'groupID',	'205',	'Office of Associate Director of Patient Care Services'),
(274,	'group_privileges',	'read',	'true',	NULL),
(274,	'group_privileges',	'UID',	'1',	'Sys Admins'),
(274,	'group_privileges',	'write',	'true',	NULL),
(275,	'group_privileges',	'categoryID',	'group',	NULL),
(275,	'group_privileges',	'grant',	'true',	NULL),
(275,	'group_privileges',	'groupID',	'205',	'Office of Associate Director of Patient Care Services'),
(275,	'group_privileges',	'read',	'true',	NULL),
(275,	'group_privileges',	'UID',	'1',	'Sys Admins'),
(275,	'group_privileges',	'write',	'true',	NULL),
(276,	'group_privileges',	'categoryID',	'group',	NULL),
(276,	'group_privileges',	'grant',	'false',	NULL),
(276,	'group_privileges',	'groupID',	'205',	'Office of Associate Director of Patient Care Services'),
(276,	'group_privileges',	'read',	'true',	NULL),
(276,	'group_privileges',	'UID',	'2',	'Everyone else'),
(276,	'group_privileges',	'write',	'false',	NULL),
(277,	'group_tags',	'groupID',	'205',	NULL),
(277,	'group_tags',	'tag',	'service',	NULL),
(278,	'relation_group_position',	'groupID',	'205',	'Office of Associate Director of Patient Care Services'),
(278,	'relation_group_position',	'positionID',	'47',	'Associate Director of Patient Care Services'),
(279,	'groups',	'groupID',	'206',	NULL),
(279,	'groups',	'groupTitle',	'Group A',	NULL),
(279,	'groups',	'parentID',	'0',	NULL),
(280,	'group_privileges',	'grant',	'true',	NULL),
(280,	'group_privileges',	'groupID',	'206',	'Group A'),
(280,	'group_privileges',	'read',	'true',	NULL),
(280,	'group_privileges',	'UID',	'1',	'Network Director'),
(280,	'group_privileges',	'write',	'true',	NULL),
(281,	'group_privileges',	'grant',	'true',	NULL),
(281,	'group_privileges',	'groupID',	'206',	'Group A'),
(281,	'group_privileges',	'read',	'true',	NULL),
(281,	'group_privileges',	'UID',	'4',	'Chief Biomed for the VISN'),
(281,	'group_privileges',	'write',	'true',	NULL),
(282,	'group_privileges',	'grant',	'true',	NULL),
(282,	'group_privileges',	'groupID',	'206',	'Group A'),
(282,	'group_privileges',	'read',	'true',	NULL),
(282,	'group_privileges',	'UID',	'30',	'Nurse, GEC'),
(282,	'group_privileges',	'write',	'true',	NULL),
(283,	'group_privileges',	'grant',	'true',	NULL),
(283,	'group_privileges',	'groupID',	'206',	'Group A'),
(283,	'group_privileges',	'read',	'true',	NULL),
(283,	'group_privileges',	'UID',	'46',	'AS - Chief of AS'),
(283,	'group_privileges',	'write',	'true',	NULL),
(284,	'group_privileges',	'grant',	'true',	NULL),
(284,	'group_privileges',	'groupID',	'206',	'Group A'),
(284,	'group_privileges',	'read',	'true',	NULL),
(284,	'group_privileges',	'UID',	'47',	'Associate Director of Patient Care Services'),
(284,	'group_privileges',	'write',	'true',	NULL),
(285,	'group_privileges',	'categoryID',	'group',	NULL),
(285,	'group_privileges',	'grant',	'false',	NULL),
(285,	'group_privileges',	'groupID',	'206',	'Group A'),
(285,	'group_privileges',	'read',	'true',	NULL),
(285,	'group_privileges',	'UID',	'1',	'Sys Admins'),
(285,	'group_privileges',	'write',	'false',	NULL),
(286,	'group_privileges',	'categoryID',	'group',	NULL),
(286,	'group_privileges',	'grant',	'false',	NULL),
(286,	'group_privileges',	'groupID',	'206',	'Group A'),
(286,	'group_privileges',	'read',	'true',	NULL),
(286,	'group_privileges',	'UID',	'1',	'Sys Admins'),
(286,	'group_privileges',	'write',	'true',	NULL),
(287,	'group_privileges',	'categoryID',	'group',	NULL),
(287,	'group_privileges',	'grant',	'true',	NULL),
(287,	'group_privileges',	'groupID',	'206',	'Group A'),
(287,	'group_privileges',	'read',	'true',	NULL),
(287,	'group_privileges',	'UID',	'1',	'Sys Admins'),
(287,	'group_privileges',	'write',	'true',	NULL),
(288,	'group_privileges',	'categoryID',	'group',	NULL),
(288,	'group_privileges',	'grant',	'false',	NULL),
(288,	'group_privileges',	'groupID',	'206',	'Group A'),
(288,	'group_privileges',	'read',	'true',	NULL),
(288,	'group_privileges',	'UID',	'2',	'Everyone else'),
(288,	'group_privileges',	'write',	'false',	NULL);

DROP TABLE IF EXISTS `employee`;
CREATE TABLE `employee` (
  `empUID` mediumint(8) unsigned NOT NULL AUTO_INCREMENT,
  `userName` varchar(30) NOT NULL,
  `lastName` varchar(30) NOT NULL,
  `firstName` varchar(30) NOT NULL,
  `middleName` varchar(30) NOT NULL,
  `phoneticFirstName` varchar(20) NOT NULL,
  `phoneticLastName` varchar(20) NOT NULL,
  `domain` varchar(16) DEFAULT NULL,
  `deleted` int(10) unsigned NOT NULL DEFAULT '0',
  `lastUpdated` int(10) unsigned NOT NULL DEFAULT '0',
  `new_empUUID` varchar(36) DEFAULT NULL,
  PRIMARY KEY (`empUID`),
  UNIQUE KEY `username` (`userName`),
  KEY `lastName` (`lastName`),
  KEY `firstName` (`firstName`),
  KEY `phoneticFirstName` (`phoneticFirstName`),
  KEY `phoneticLastName` (`phoneticLastName`),
  KEY `deleted` (`deleted`),
  KEY `lastUpdated` (`lastUpdated`),
  KEY `domain` (`domain`)
) ENGINE=InnoDB DEFAULT CHARSET=utf8;

INSERT INTO `employee` (`empUID`, `userName`, `lastName`, `firstName`, `middleName`, `phoneticFirstName`, `phoneticLastName`, `domain`, `deleted`, `lastUpdated`, `new_empUUID`) VALUES
(1,	'tester',	'tester',	'tester',	'testerAllReady',	'mghnn',	'kzy',	'VTR-2351',	0,	1623196990,	'4c5007fa-56d8-4c34-8357-13223fea45f3'),
(2,	'VTRPAZMICKIE0',	'O\'Hane',	'Tracy',	'Spencer',	'trcy',	'hn',	'VTR-931',	0,	1623606593,	'ed0c706d-997e-4a72-97d7-7b7ae715c9ed'),
(3,	'VTRHLQJANETH',	'Kutch-Kutch',	'Spencer',	'Howell',	'spncr',	'ktch',	'VTR-2013',	0,	1623606595,	'f6916955-b8bf-4157-9f21-64cb6f1770cf'),
(4,	'VTRFAUFELECIA',	'Schultz',	'P\'huong',	'Boyer',	'phng',	'schltz',	'VTR-2275',	0,	1623606597,	'3f08eb8a-e9d5-4a99-a36f-57130c5a9fd3'),
(5,	'VTRGRCAYANA',	'Simonis',	'Esteban-Esteban',	'Hills',	'stbn',	'smns',	'VTR-2762',	0,	1623606599,	'7d949975-944b-4b46-a01f-fb05f9ba0c8d'),
(6,	'VTRFODNICHELLE',	'Wintheiser',	'Irwin',	'Caspr',	'rwn',	'wnthsr',	'VTR-6075',	0,	1623606601,	'20c733aa-8a53-447f-aa20-ee03307bb9b7'),
(7,	'VTRHIDEVAN',	'Cartwright',	'Loyd',	'Howell',	'lyd',	'crtwrght',	'VTR-6992',	0,	1623606603,	'58ff5678-e044-4dbc-b8c8-336ae1ce612e'),
(8,	'VTRXRMFLO',	'Ledner',	'Verne',	'Considine',	'vrn',	'ldnr',	'VTR-1967',	0,	1623606605,	'7a07519d-ed5e-4154-9e49-13229514055e'),
(9,	'VTRLGRDONNETTE',	'Douglas',	'Rayford',	'Rodrguez',	'ryfrd',	'dgls',	'VTR-9744',	0,	1623606607,	'f590553d-5900-43a4-8ca9-67f2c3271680'),
(10,	'VTRQOUTULA',	'Aufderhar',	'rwin',	'Carroll',	'rwn',	'fdrhr',	'VTR-1117',	0,	1623606609,	'c6a48c82-ee69-49a2-bd3c-b032943cd804'),
(11,	'VTRIGZCRISTAL',	'Keebler',	'Ris',	'Hyatt',	'rs',	'kblr',	'VTR-3779',	0,	1623606611,	'a7ffa49d-1701-41d6-b332-14e36b623939'),
(12,	'VTRKCZAI',	'Mrazik',	'Derick',	'Block',	'drck',	'mrzk',	'VTR-5783',	0,	1623606613,	'598a0c89-162b-44f5-afd8-6ac5e5097c4f'),
(13,	'VTRGALLUCILE',	'Collier',	'Ten',	'O\'dricka',	'tn',	'cllr',	'VTR-9220',	0,	1623606615,	'a54f77cc-8ec3-4e6b-bf97-23bb00180ce3'),
(14,	'VTRXTVDIAN',	'Nicolas',	'herlyn',	'Hels',	'shrlyn',	'ncls',	'VTR-8170',	0,	1623606618,	'42fec074-43ec-414d-bb82-9a75d58d4df0'),
(15,	'VTRADFELAYNE',	'Nolan',	'Sammie-Hg',	'Haag',	'smm',	'nln',	'VTR-7104',	0,	1623606619,	'e8cb4338-a7dc-4ffc-a4d7-df01e4a9e3f3'),
(16,	'VTRQEUVENESSA',	'Heathcote',	'Regena',	'Beahan',	'rgn',	'hthct',	'VTR-6161',	0,	1623606621,	'5491e5a4-841e-4f10-8e66-e721aec00e65'),
(17,	'VTRKVWMARYANNE',	'Spinka',	'Cecily',	'Howell',	'ccly',	'spnk',	'VTR-9049',	0,	1623606624,	'988a5627-fc82-4fac-b3dc-dabce64e06cf'),
(18,	'VTROKJFELICIA',	'Kshlerin',	'Jarvis',	'Hane',	'jrvs',	'kshlrn',	'VTR-8077',	0,	1623606626,	'6c5d2a7e-70f2-4b6c-8a58-f73a5bc2d64d'),
(19,	'VTRBFTMINA',	'Tromp',	'Marjory',	'Robel',	'mrjry',	'trmp',	'VTR-6064',	0,	1623606628,	'd6dd346b-76bc-471e-9114-7f38f38d21b9'),
(20,	'VTROOARANAE',	'Jenkins',	'Ivana',	'Wiegand',	'vn',	'jnkns',	'VTR-991',	0,	1623606630,	'dce90753-a668-4e8f-9787-410275385959'),
(21,	'VTRNGGRICKI',	'Smith',	'Harvey',	'Schiller',	'hrvy',	'smth',	'VTR-1571',	0,	1623606632,	'4ea5238f-8915-4da5-b171-192d00b4de13'),
(22,	'VTRFZGISABELLA',	'Ortiz',	'Raymond',	'Johns',	'rymnd',	'rtz',	'VTR-8621',	0,	1623606635,	'84652e81-2386-44ef-90e1-cd6deaf48d77'),
(23,	'VTRHMJMARCELINA',	'Brown',	'Neil',	'Schamberger',	'nl',	'brwn',	'VTR-8870',	0,	1623606636,	'7c17b455-2295-43cc-9acf-13ded3754153'),
(24,	'VTRSJKDEB',	'Conn',	'Danial',	'Labadie',	'dnl',	'cnn',	'VTR-2803',	0,	1623606639,	'e7b961de-a5cd-4812-95e2-e381aab77966'),
(25,	'VTRUXEJAMIE',	'Balistreri',	'Dorian',	'Dickens',	'drn',	'blstrr',	'VTR-4504',	0,	1623606641,	'944a00e2-8951-4ee4-8ffc-b0f79fb67bbb'),
(26,	'VTRBDUULA',	'Murray',	'Misty',	'Larson',	'msty',	'mrry',	'VTR-7272',	0,	1623606643,	'47f41e41-22ce-4371-9268-7d722cf37ecd'),
(27,	'VTRYUYDEVONA',	'Schaden',	'Boyd',	'Breitenberg',	'byd',	'schdn',	'VTR-6545',	0,	1623606645,	'eb49295c-8a7d-44d5-b7d6-79645f5b9614'),
(28,	'VTRFEHALEISHA',	'McLaughlin',	'Flossie',	'Simonis',	'flss',	'mclghln',	'VTR-6001',	0,	1623606647,	'0d1788a8-ca74-4f70-9330-cd2c3d6d2cf2'),
(29,	'VTRKBLCONCEPTION',	'Jast',	'Reggie',	'Marks',	'rgg',	'jst',	'VTR-8432',	0,	1623606648,	'94e0be09-aad3-470b-baf8-e6523038f167'),
(30,	'VTRDJRBETTY',	'Halvorson',	'Domenic',	'Hilll',	'dmnc',	'hlvrsn',	'VTR-8463',	0,	1623606651,	'a5a74d1b-41b6-41fb-b9e1-73401db3f874'),
(31,	'VTRHPMELFRIEDE',	'Schaefer',	'Margo',	'Homenick',	'mrg',	'schfr',	'VTR-3959',	0,	1623606653,	'ccc16845-28a6-49f3-aea1-a253bb7854ff'),
(32,	'VTRXXVTANESHA',	'Cremin',	'Scotty',	'White',	'sctty',	'crmn',	'VTR-9399',	0,	1623606655,	'387dc6d2-457a-4191-99bd-adc71935b5d0'),
(33,	'VTRQIKTHALIA',	'Boyle',	'Lucius',	'Schaden',	'lcs',	'byl',	'VTR-7277',	0,	1623606657,	'2440ecef-6073-409b-8a6f-57ac3db3feb6'),
(34,	'VTRBPXALLYN',	'Lind',	'Seema',	'Mayer',	'sm',	'lnd',	'VTR-577',	0,	1623606660,	'619fd0fa-02a8-45de-9d9b-386e1b42abd6'),
(35,	'VTRBJQCHANTE',	'Dibbert',	'Fausto',	'Schulist',	'fst',	'dbbrt',	'VTR-7798',	0,	1623606662,	'd6fb2d0b-ac0e-4366-abff-9a7ee4de973e'),
(36,	'VTRPPMJAME',	'Donnelly',	'Terese',	'Rodriguez',	'trs',	'dnnlly',	'VTR-260',	0,	1623197202,	'5da83dda-06bc-4b5c-b5f7-6eee9d1362be'),
(37,	'VTRHXDLIZ',	'Sipes',	'Walter',	'Nader',	'wltr',	'sps',	'VTR-279',	0,	1623606666,	'e4df3cc5-ebf4-4451-bf92-72b81c104a9c'),
(38,	'VTRBMMSHANEL',	'Gleichner',	'Rae',	'Kiehn',	'r',	'glchnr',	'VTR-4525',	0,	1623606668,	'78c7b880-ef0a-44b7-8535-b8cc4826f763'),
(39,	'VTRJPSBRANDEE',	'Goodwin',	'Rhona',	'Jacobson',	'rhn',	'gdwn',	'VTR-4399',	0,	1623606669,	'9a8a867c-5f3e-4369-97de-e7333be200bb'),
(40,	'VTRBTWCHERRY',	'Zboncak',	'Hilary',	'Schowalter',	'hlry',	'zbnck',	'VTR-4245',	0,	1623606671,	'de1c4db8-b22d-4461-a6a5-9f9109fe403a'),
(41,	'VTRGVKLISHA',	'DuBuque',	'Florencio',	'Emmerich',	'flrnc',	'dbq',	'VTR-2566',	0,	1623606673,	'f8881c31-023d-4c34-88d4-0e28a71c34b9'),
(42,	'VTRGMXMARTHA',	'Gusikowski',	'Lavern',	'Rau',	'lvrn',	'gskwsk',	'VTR-6425',	0,	1623606675,	'6ba31e65-98be-475c-9f6d-47d5582f5ff1'),
(43,	'VTRKBLCHRISTOPHER',	'Predovic',	'Leora',	'Zulauf',	'lr',	'prdvc',	'VTR-5139',	0,	1623606677,	'3abb2141-5180-4b42-bb40-957cb504f709'),
(44,	'VTRHOQBRITTNY',	'Daniel',	'Scot',	'Conroy',	'sct',	'dnl',	'VTR-3900',	0,	1623606679,	'f17b980f-a871-4492-9f0c-853aac3e1ff7'),
(45,	'VTRUJYVONDA',	'Okuneva',	'Minh',	'Luettgen',	'mnh',	'knv',	'VTR-6006',	0,	1623606681,	'8c69c432-8ae6-4097-a46c-58d9ff66cdbd'),
(46,	'VTRZHHFLORA',	'Kirlin',	'Mia',	'Volkman',	'm',	'krln',	'VTR-8235',	0,	1623606682,	'af7e0e7a-692c-454b-ab5c-3ba81fadf97c'),
(47,	'VTRUJXBRIDGETT',	'Hermiston',	'Joselyn',	'Williamson',	'jslyn',	'hrmstn',	'VTR-6419',	0,	1623606685,	'bdd6b6b4-982d-4c4d-ad40-8ed75f44419f'),
(48,	'VTREMMCAMILLE',	'Emard',	'Seth',	'Gusikowski',	'sth',	'mrd',	'VTR-8933',	0,	1623606687,	'55c04f94-03c2-4b92-83f0-9d06f9168d02'),
(49,	'VTROVQMADONNA',	'Schaden',	'Dominick',	'Gleason',	'dmnck',	'schdn',	'VTR-7207',	0,	1623606689,	'81cf5a9b-0491-46d2-81be-cd8cc085c5f6'),
(50,	'VTRQZRDEBERA',	'Parisian',	'Kelley',	'Bauch',	'klly',	'prsn',	'VTR-1935',	0,	1623197289,	'11bc0c46-2742-40a8-9a11-7a99f59e9b72'),
(51,	'VTRTURMAJORIE',	'Schiller',	'Marnie',	'Welch',	'mrn',	'schllr',	'VTR-2877',	0,	1623606694,	'39894557-cfd8-4872-aee9-0ed917003dae'),
(52,	'VTRDQLLYNDA',	'Moore',	'Winnie',	'Krajcik',	'wnn',	'mr',	'VTR-1952',	0,	1623606696,	'3562422f-d83a-4768-9859-7e25fb7beece'),
(53,	'VTRHUYARCELIA',	'Kunde',	'Pamala',	'Parisian',	'pml',	'knd',	'VTR-6866',	0,	1623197307,	'849c6aaa-72e7-44fb-a11d-6745a4168cc7'),
(54,	'VTRVIDTIFFANIE',	'Little',	'Geoffrey',	'Boehm',	'gffry',	'lttl',	'VTR-6105',	0,	1623606700,	'806998d4-7c9e-4fef-8ef8-f3c5d9185c78'),
(55,	'VTRMNJWENONA',	'Lemke',	'Alice',	'Kovacek',	'lc',	'lmk',	'VTR-6966',	0,	1623606702,	'38793e31-c361-441c-b3a9-44adcf2af25f'),
(56,	'VTRIPNSHANAE',	'Casper',	'Glayds',	'Rippin',	'glyds',	'cspr',	'VTR-3986',	0,	1623606704,	'43f7c1cd-3181-4db0-9d39-e92f62798315'),
(57,	'VTRSLMVIRGIL',	'Kilback',	'Jonah',	'Balistreri',	'jnh',	'klbck',	'VTR-1261',	0,	1623606706,	'58ee395d-6757-45eb-9966-b4c04279183b'),
(58,	'VTRJYBKIRSTIN',	'Fritsch',	'Dorsey',	'Jerde',	'drsy',	'frtsch',	'VTR-3631',	0,	1623606708,	'557ef993-1f1e-4301-85a1-6e994f1b7767'),
(59,	'VTRQGLALISON',	'Hintz',	'Leonida',	'Steuber',	'lnd',	'hntz',	'VTR-1784',	0,	1623606710,	'1f6e3ced-c6f9-4e39-b826-d67f01a6e1f5'),
(60,	'VTRQANCARIE',	'Huels',	'Beau',	'Prosacco',	'b',	'hls',	'VTR-371',	0,	1623606713,	'e51ec7e3-6f2b-4d4f-b9a9-be7dc2fd0e11'),
(61,	'VTRDTCPAULENE',	'Kohler',	'Joaquina',	'Yost',	'jqn',	'khlr',	'VTR-7892',	0,	1623606715,	'8409bd5b-f9b6-4442-a04a-c50520936784'),
(62,	'VTRVSWALLA',	'Reilly',	'Roger',	'Muller',	'rgr',	'rlly',	'VTR-204',	0,	1623606717,	'c66979d4-c9bd-4baf-bb9e-cbfdedf73d30'),
(63,	'VTRURWCAITLIN',	'Zulauf',	'Danyelle',	'Thiel',	'dnyll',	'zlf',	'VTR-4084',	0,	1623606719,	'fda7ccd1-bd61-4708-97e1-1f799c50da82'),
(64,	'VTROJQREBECCA',	'Anderson',	'Morton',	'Padberg',	'mrtn',	'ndrsn',	'VTR-7004',	0,	1623606721,	'1268a3de-410a-4b68-a181-63189fdd8a0f'),
(65,	'VTRRSLCANDANCE',	'Kuhic',	'Elden',	'Franecki',	'ldn',	'khc',	'VTR-5675',	0,	1623606722,	'dc1df7a7-ade7-4402-96dc-68cb938c440a'),
(66,	'VTRFZLGLENNA',	'Schmitt',	'Delorse',	'Wisoky',	'dlrs',	'schmtt',	'VTR-8144',	0,	1623606725,	'74f1210d-3a00-4b22-a256-822304efc87c'),
(67,	'VTRGBKJEANNINE',	'Howell',	'Agueda',	'Homenick',	'gd',	'hwll',	'VTR-4888',	0,	1623606728,	'58441aed-fc4a-4071-973f-508377faa634'),
(68,	'VTRUCLTAUNYA',	'Harber',	'Dong',	'Buckridge',	'dng',	'hrbr',	'VTR-3431',	0,	1623606730,	'e73ad738-749f-4f0b-a0c9-642e6a12799d'),
(69,	'VTRVVTELLIE',	'Marvin',	'Omar',	'Lesch',	'mr',	'mrvn',	'VTR-6440',	0,	1623606731,	'1c0b0259-00e0-4d8c-9f6e-30d7415a132f'),
(70,	'VTRTGRHONG',	'Kulas',	'Telma',	'Rippin',	'tlm',	'kls',	'VTR-1966',	0,	1623606734,	'154b220f-878c-4ebd-af4e-14057fa0dfcb'),
(71,	'VTRRALGERMAINE',	'Heller',	'Malik',	'Ullrich',	'mlk',	'hllr',	'VTR-5532',	0,	1623606736,	'82852a75-1ca5-400b-9255-714980c05246'),
(72,	'VTRXAQJANIS',	'Bernhard',	'Kimberlee',	'Emard',	'kmbrl',	'brnhrd',	'VTR-9801',	0,	1623606738,	'f9faac4b-6b19-4a04-9d27-397abd5f6739'),
(73,	'VTRKJOOPAL',	'Predovic',	'Wonda',	'Gleason',	'wnd',	'prdvc',	'VTR-1025',	0,	1623606740,	'57117896-fb82-4d7b-a6de-96df83d4bc8c'),
(74,	'VTRGPHBERNEICE',	'Fisher',	'Stephanie',	'Conroy',	'stphn',	'fshr',	'VTR-1452',	0,	1623197446,	'9ec93c85-59e8-447b-b7de-118500dda80c'),
(75,	'VTRZXKARLEAN',	'Leuschke',	'Brandee',	'Hoeger',	'brnd',	'lschk',	'VTR-1098',	0,	1623606743,	'c45ec494-9197-4bd7-b5d4-15defd9f682c'),
(76,	'VTRXEWSTACIE',	'Tromp',	'Sarina',	'Gerlach',	'srn',	'trmp',	'VTR-7785',	0,	1623606745,	'5ce4bc87-edde-4dbb-9ed5-4020de819eac'),
(77,	'VTRHMITOCCARA',	'Green',	'Erasmo',	'Heidenreich',	'rsm',	'grn',	'VTR-4748',	0,	1623606747,	'16538f2d-295c-4122-9dbe-1155214a4171'),
(78,	'VTRVNYMILISSA',	'Monahan',	'Karry',	'Gerhold',	'krry',	'mnhn',	'VTR-8439',	0,	1623606749,	'6547132f-d584-4978-864f-a5d1b5486693'),
(79,	'VTRMVTLYNNETTE',	'Jacobs',	'Gilbert',	'Wilderman',	'glbrt',	'jcbs',	'VTR-9427',	0,	1623606751,	'24e5145c-c54b-424a-81a5-6b57225f1881'),
(80,	'VTRWHGGENNIE',	'Bergnaum',	'Shari',	'Christiansen',	'shr',	'brgnm',	'VTR-9181',	0,	1623606753,	'22318db3-2d5e-41f1-b434-9354054574c2'),
(81,	'VTRAIXJOETTE',	'Rempel',	'Joann',	'Murphy',	'jnn',	'rmpl',	'VTR-4719',	0,	1623606755,	'b80e5f2a-7238-4a73-a3a6-72c55f573d54'),
(82,	'VTRNXEJUNE',	'McClure',	'Mia',	'Hansen',	'm',	'mcclr',	'VTR-1614',	0,	1623606756,	'c49c5c94-7c2c-4455-96da-acce6afd6116'),
(83,	'VTRRVQKATHALEEN',	'Brekke',	'Jody',	'Gislason',	'jdy',	'brkk',	'VTR-6674',	0,	1623606759,	'8c5758cb-6fc8-44b8-b20a-12c1bcae8680'),
(84,	'VTRNWUALLENA',	'Effertz',	'Leo',	'McGlynn',	'l',	'ffrtz',	'VTR-4843',	0,	1623606762,	'07dafada-65ec-4cd4-bba9-16821926add6'),
(85,	'VTRTDVTIA',	'Kuphal',	'Ryan',	'Thiel',	'ryn',	'kphl',	'VTR-91',	0,	1623606764,	'c38fc175-fa6f-40b0-b381-34c0fc6e68d5'),
(86,	'VTRADQMYRA',	'Cummings',	'Cristopher',	'Frami',	'crstphr',	'cmmngs',	'VTR-8751',	0,	1623606766,	'54659bf3-437f-4cef-ab35-7ba21c83d125'),
(87,	'VTRSHHZOFIA',	'Bauch',	'Adam',	'Koelpin',	'dm',	'bch',	'VTR-5788',	0,	1623606768,	'184d3a92-18f6-4ae8-ba2f-a4c93e1a6270'),
(88,	'VTRXSIDEBBY',	'Altenwerth',	'Ernest',	'Bernier',	'rnst',	'ltnwrth',	'VTR-2463',	0,	1623606771,	'a484d571-a060-47ff-878e-26e823bbd19b'),
(89,	'VTRBNOMARX',	'Hoppe',	'Hyman',	'Altenwerth',	'hymn',	'hpp',	'VTR-480',	0,	1623606773,	'7f676720-f893-4377-a5d2-1d2cb79229d8'),
(90,	'VTRQGRLASHONDA',	'Breitenberg',	'Neal',	'Barton',	'nl',	'brtnbrg',	'VTR-9295',	0,	1623606775,	'fb4aa032-bec3-4ad3-90e9-1dd29882dd88'),
(91,	'VTRNYKMILLICENT',	'Glover',	'Donte',	'Senger',	'dnt',	'glvr',	'VTR-3338',	0,	1623606777,	'dc928fb8-13ad-4578-890c-a65ed6d2d0b0'),
(92,	'VTRDSRKERRY',	'Braun',	'Shaniqua',	'Sauer',	'shnq',	'brn',	'VTR-9533',	0,	1623606779,	'499c06a8-bc26-48fc-8ec2-9f07244b2915'),
(93,	'VTRVCHLEENA',	'Corwin',	'Laraine',	'Gislason',	'lrn',	'crwn',	'VTR-7533',	0,	1623606782,	'1d0b29ad-85c7-4329-962a-7ec0146e0dc0'),
(94,	'VTRHJHROSARIO',	'Wolf',	'Adan',	'Williamson',	'dn',	'wlf',	'VTR-5650',	0,	1623606784,	'2fddfee8-3a41-4c9f-b890-4f4757eacb1d'),
(95,	'VTRXQBTERRELL',	'Little',	'Mckinley',	'Rau',	'mcknly',	'lttl',	'VTR-8505',	0,	1623606787,	'087e5427-033f-42bb-8654-5635959a57e2'),
(96,	'VTRDAUKARI',	'Emard',	'Sterling',	'Volkman',	'strlng',	'mrd',	'VTR-7785',	0,	1623606788,	'23f35df8-2ce0-4cb4-b313-e061fb77e30b'),
(97,	'VTRZAZSHARLENE',	'Considine',	'Warren',	'Bayer',	'wrrn',	'cnsdn',	'VTR-6651',	0,	1623606790,	'63c93e59-82bb-4f42-b97f-34f408c5d543'),
(98,	'VTRRJWMARISA',	'Bechtelar',	'Chet',	'Keeling',	'cht',	'bchtlr',	'VTR-1749',	0,	1623606793,	'3237cd8c-af06-4935-8922-257fd69f085f'),
(99,	'VTRDFDNATALIE',	'Mertz',	'Lovie',	'Nolan',	'lv',	'mrtz',	'VTR-3654',	0,	1623606795,	'c0bc76fa-1f8e-423c-8a4c-142501a22e71'),
(100,	'VTRZUAKENISHA',	'Mitchell',	'Beulah',	'Schulist',	'blh',	'mtchll',	'VTR-9065',	0,	1623606798,	'd4a890c5-00d5-4985-a493-29093c9a472d'),
(101,	'VTRZAVSHERELL',	'Aufderhar',	'Alexander',	'Jakubowski',	'lxndr',	'fdrhr',	'VTR-1519',	0,	1623606800,	'827d9f15-89d6-4b89-9a44-ea6b2a720384'),
(102,	'VTRYFBMARICA',	'Pagac',	'Tiny',	'Macejkovic',	'tny',	'pgc',	'VTR-3779',	0,	1623606802,	'1d150ea8-2c63-4182-9953-09c7a52bbf5a'),
(103,	'VTRUZEVASHTI',	'Bruen',	'Elisha',	'Mueller',	'lsh',	'brn',	'VTR-326',	0,	1623606803,	'7bd4dee7-d12b-4c31-ab55-9952194f7464'),
(104,	'VTRDEYGOLDIE',	'Stoltenberg',	'Les',	'Goldner',	'ls',	'stltnbrg',	'VTR-2864',	0,	1623606805,	'ab36c402-1b95-440d-96d9-04b091c6a894'),
(105,	'VTRCFDJENINE',	'Dare',	'Lyn',	'Waters',	'lyn',	'dr',	'VTR-1131',	0,	1623606808,	'22c3345f-0c4b-4edc-b3ce-404801f2feb7'),
(106,	'VTRDPAASHANTI',	'Hartmann',	'Cory',	'Wilderman',	'cry',	'hrtmnn',	'VTR-9119',	1674496949,	1623606809,	'9a5cbe75-ed4f-4e44-9ce6-daa871caf393'),
(107,	'VTRSKZHYO',	'Macejkovic',	'Kendrick',	'Batz',	'kndrck',	'mcjkvc',	'VTR-2869',	0,	1623606811,	'e0d11077-86a6-47b2-8793-c115195e5ee0'),
(108,	'VTRMFIFALLON',	'Hoeger',	'Azalee',	'Mraz',	'zl',	'hgr',	'VTR-7973',	0,	1623606814,	'6f12e600-d5c7-40ea-a37e-9c7a3e261488'),
(109,	'VTRVXHCONCEPTION',	'Predovic',	'Augustine',	'Hammes',	'gstn',	'prdvc',	'VTR-535',	0,	1623606815,	'067d8bac-a7b0-4069-9e69-0c16cb2e3605'),
(110,	'VTRQDLCOLLEN',	'West',	'Byron',	'Stokes',	'byrn',	'wst',	'VTR-6902',	0,	1623606817,	'a7ae9394-ed80-4b15-8c52-8ffa0ac9448f'),
(111,	'VTRSTSSHIRLENE',	'Gutkowski',	'Melissa',	'Langosh',	'mlss',	'gtkwsk',	'VTR-2122',	0,	1623606819,	'efea9a86-fdbf-4e98-b221-e8ad33005bbd'),
(112,	'VTRWXQYAEKO',	'Kub',	'Ignacio',	'Yundt',	'gnc',	'kb',	'VTR-8341',	0,	1623606822,	'ac2093db-96f6-4925-bea8-f1586cf3aebe'),
(113,	'VTRZDYALEEN',	'Nikolaus',	'Carlton',	'Hills',	'crltn',	'nkls',	'VTR-476',	0,	1623606824,	'751515d2-f0e7-4663-8dfb-17ccfd7b50be'),
(114,	'VTRFLPHOLLI',	'Mitchell',	'Lindsay',	'Rohan',	'lndsy',	'mtchll',	'VTR-7791',	0,	1623606828,	'e3af12c1-dc4d-472c-b072-dca8744ec85b'),
(115,	'VTRJEMSHANDRA',	'Emard',	'Coralie',	'Dare',	'crl',	'mrd',	'VTR-6221',	0,	1623606829,	'686e5ee4-8a6f-4206-b063-4f280a6615c0'),
(116,	'VTRIUJTALISHA',	'Kozey',	'Kirstin',	'Schimmel',	'krstn',	'kzy',	'VTR-8409',	0,	1623606832,	'9429c442-545e-491c-9591-37a7a0bf7c21'),
(117,	'VTRPAHGEORGEANN',	'Lind',	'Freddie',	'Green',	'frdd',	'lnd',	'VTR-6694',	0,	1623606834,	'4f767a61-3795-48e9-8b43-3f1da24c5e82'),
(118,	'VTROTABRANDI',	'Abbott',	'Roman',	'Spencer',	'rmn',	'bbtt',	'VTR-12',	0,	1623606836,	'6bc8e6c4-02b8-41a2-bfe4-7ae7cb8d2940'),
(119,	'VTRUWLDEETTA',	'Bogisich',	'Tony',	'Oberbrunner',	'tny',	'bgsch',	'VTR-6889',	0,	1623606838,	'86f0c405-c57f-4799-ab85-8b670250a5e1'),
(120,	'VTRNLWSANDY',	'Bernier',	'Yong',	'Swaniawski',	'yng',	'brnr',	'VTR-8797',	0,	1623606841,	'e2b4a2a9-f545-49b5-8d6f-19d255aa2427'),
(121,	'VTRXSNELIZA',	'Feeney',	'Booker',	'Hessel',	'bkr',	'fny',	'VTR-5794',	0,	1623606844,	'ec3b1ab8-518e-4738-9969-68d99d418497'),
(122,	'VTRVITBERNARDINE',	'Satterfield',	'Malka',	'Heathcote',	'mlk',	'sttrfld',	'VTR-4677',	0,	1623606847,	'601a6135-3008-41f3-bdb1-f481c3a4bfc8'),
(123,	'VTRRCYTOYA',	'Jacobson',	'Pennie',	'Skiles',	'pnn',	'jcbsn',	'VTR-7093',	0,	1623606849,	'12578a78-67c8-408c-a20f-8d98f8f6c66c'),
(124,	'VTRAOJMARGARETTA',	'Dickinson',	'Rae',	'Flatley',	'r',	'dcknsn',	'VTR-1813',	0,	1623606851,	'd5859449-a5f2-4a6d-847f-9865802b6769'),
(125,	'VTRWDISHAN',	'Reynolds',	'Christy',	'Flatley',	'chrsty',	'rynlds',	'VTR-6455',	0,	1623606853,	'0975e52f-805d-4467-82dd-78632c3ae29b'),
(126,	'VTREBTMILLY',	'Huel',	'Myron',	'Walsh',	'myrn',	'hl',	'VTR-1145',	0,	1623606856,	'7e8266e5-b6ca-49a8-9c9f-a101bdbf1819'),
(127,	'VTRSETJENE',	'Hagenes',	'Stacee',	'Hyatt',	'stc',	'hgns',	'VTR-4811',	0,	1623606858,	'a0405162-d791-49ff-a89f-89bcbea64cde'),
(128,	'VTRHXRROBBI',	'Wisoky',	'Mariano',	'Swift',	'mrn',	'wsky',	'VTR-3017',	0,	1623606862,	'33c87ce2-7a22-47df-90e0-c2716f9dfff7'),
(129,	'VTRJPLLEILA',	'Wilkinson',	'Carey',	'White',	'cry',	'wlknsn',	'VTR-5303',	0,	1623606864,	'6fa260af-e36d-4be3-b90d-33a33791db2f'),
(130,	'VTREJHMARSHALL',	'Koss',	'Erick',	'Crist',	'rck',	'kss',	'VTR-9800',	0,	1623606866,	'd189740f-6d26-47a7-8399-a382ad9328c8'),
(131,	'VTRJJHJULIANNE',	'Will',	'Donnie',	'Hirthe',	'dnn',	'wll',	'VTR-3421',	0,	1623606868,	'0b5dd757-7bfc-4aee-bdaf-67c686fec918'),
(132,	'VTREAFFATIMAH',	'Pouros',	'Shawnna',	'Lehner',	'shwnn',	'prs',	'VTR-1852',	0,	1623606870,	'b9e7af4b-58b0-40ca-a212-427105ef36c4'),
(133,	'VTRWDYISIDRA',	'Corwin',	'Allen',	'Reichel',	'lln',	'crwn',	'VTR-8715',	1674496906,	1623606871,	'd91f727f-165f-4bfd-90d8-4a104fab1ee1'),
(134,	'VTRDZONOBUKO',	'Gorczany',	'Wade',	'Hills',	'wd',	'grczny',	'VTR-5823',	0,	1623606874,	'e3865e87-3362-4f07-b03c-2515e2f06cc6'),
(135,	'VTRUPOWINTER',	'Botsford',	'Cesar',	'Ankunding',	'csr',	'btsfrd',	'VTR-398',	0,	1623606878,	'27ff7eee-d6c9-4b1c-8252-1ded35ce5141'),
(136,	'VTRNHJALBERT',	'Franecki',	'Alta',	'Powlowski',	'lt',	'frnck',	'VTR-8258',	0,	1623606881,	'0558c919-00d0-4c17-bc0b-1e16f496f378'),
(137,	'VTRRSNRAYMOND',	'Weber',	'Chasity',	'Leannon',	'chsty',	'wbr',	'VTR-6804',	0,	1623606883,	'ec1fab4c-b511-4056-a0ee-a7f255f3cee0'),
(138,	'VTRIWEALDA',	'Morissette',	'Trenton',	'Hyatt',	'trntn',	'mrsstt',	'VTR-5499',	0,	1623197872,	'3f728b6f-b4e1-40df-8995-29ff6ac264c5'),
(139,	'VTRLWBAURELIA',	'Stroman',	'Marcel',	'Harber',	'mrcl',	'strmn',	'VTR-526',	0,	1623606888,	'81ba79cf-18a0-4800-b639-402edfe4142c'),
(140,	'VTRETWBILLIE',	'Bartell',	'Kari',	'Cruickshank',	'kr',	'brtll',	'VTR-6480',	0,	1623606890,	'034bfafc-21d4-4467-9280-f70c3ba5e8f8'),
(141,	'VTRIVOJEANNETTA',	'Bins',	'Terina',	'Corkery',	'trn',	'bns',	'VTR-1907',	0,	1623606893,	'2c71f284-e2e9-4a12-9a2f-82b8720d8452'),
(142,	'VTRANFWHITLEY',	'Zboncak',	'Xenia',	'Tremblay',	'xn',	'zbnck',	'VTR-3757',	0,	1623606896,	'a2353f79-fc1e-4550-a623-bc903a2f8457'),
(143,	'VTROZFCATERINA',	'Legros',	'Lakeesha',	'Jacobson',	'lksh',	'lgrs',	'VTR-5173',	0,	1623606897,	'6b419081-c7ab-4669-860b-5602c0b9bfd5'),
(144,	'VTRQIECARLOTA',	'Kirlin',	'Roger',	'Gleichner',	'rgr',	'krln',	'VTR-1779',	0,	1623606899,	'9e476486-57ca-42fc-acd1-1860c5bf7e68'),
(145,	'VTRAWQCORINNE',	'Kilback',	'Brendan',	'Dibbert',	'brndn',	'klbck',	'VTR-3611',	0,	1623606901,	'092f6556-1df4-4db7-a7b0-2c34eca62b9b'),
(146,	'VTRGRODORIS',	'Marquardt',	'Larhonda',	'Stehr',	'lrhnd',	'mrqrdt',	'VTR-394',	0,	1623606903,	'c1c964a2-e7d7-4cec-a312-48861da29d69'),
(147,	'VTRTKYVALERIE',	'Willms',	'Jeanice',	'Adams',	'jnc',	'wllms',	'VTR-8676',	0,	1623606905,	'd5d9ad54-0e73-4359-94a5-869b813cbb39'),
(148,	'VTRSWMSHERY',	'Cronin',	'Shoshana',	'Prosacco',	'shshn',	'crnn',	'VTR-9123',	0,	1623606907,	'49cb20d0-b2d0-4e73-80f7-0c9b9c96120c'),
(149,	'VTRSKFKAYLEE',	'Hills',	'Alyssa',	'Wyman',	'lyss',	'hlls',	'VTR-7960',	0,	1623606909,	'de5dfc06-e730-4149-a90c-6c06fae56e07'),
(150,	'VTRJBDANTONETTA',	'Leuschke',	'Tashia',	'Kuphal',	'tsh',	'lschk',	'VTR-5225',	0,	1623606912,	'11e35618-71ba-464e-aeff-91fbdf945850'),
(151,	'VTRIYKCHANTEL',	'Rosenbaum',	'Criselda',	'Thiel',	'crsld',	'rsnbm',	'VTR-3816',	0,	1623606914,	'b542fab8-0663-45fd-ae57-9c6578714223'),
(152,	'VTRPGYSHIELA',	'Hickle',	'Garland',	'Kub',	'grlnd',	'hckl',	'VTR-1645',	0,	1623606916,	'ea2e7c93-9e1b-4ade-bd50-2ae24fa8afc8'),
(153,	'VTRKTHAI',	'Waelchi',	'Genevive',	'Feest',	'gnvv',	'wlch',	'VTR-8138',	0,	1623606919,	'849b6136-5713-43eb-9880-54e95da743e7'),
(154,	'VTRDFBDAMARIS',	'Prosacco',	'Lavern',	'Kunze',	'lvrn',	'prscc',	'VTR-1410',	0,	1623606922,	'14a15fa1-5835-4022-b681-300d82dcb29f'),
(155,	'VTRDBDLYNETTA',	'Erdman',	'Rashida',	'McDermott',	'rshd',	'rdmn',	'VTR-3136',	0,	1623606924,	'32f2407a-1e72-4445-911d-e976ab5cdf9c'),
(156,	'VTRQHTCLASSIE',	'Maggio',	'Cecille',	'Schimmel',	'ccll',	'mgg',	'VTR-879',	0,	1623606928,	'3f6adbdc-a4e1-4fc5-9314-332d80cf6a9c'),
(157,	'VTRBGAHERMINA',	'Upton',	'Antone',	'Gulgowski',	'ntn',	'ptn',	'VTR-1368',	0,	1623606931,	'2dde898f-61fb-476d-a740-88a83077e6e3'),
(158,	'VTRNSVESTEFANA',	'Trantow',	'Fran',	'Runolfsson',	'frn',	'trntw',	'VTR-4633',	0,	1623606932,	'fc7e3aaf-ab65-47b9-b442-e97952b3ca98'),
(159,	'VTRYYXCANDIDA',	'Dare',	'Alysa',	'Schaefer',	'lys',	'dr',	'VTR-3544',	0,	1623606935,	'c7825753-61fe-46a1-a368-0d5f99c6e5fd'),
(160,	'VTRYDZLARAINE',	'Dickinson',	'Lina',	'Blick',	'ln',	'dcknsn',	'VTR-5488',	0,	1623606939,	'e5d4dbbe-c62b-4d5c-acc1-e8cbdfd5d69b'),
(161,	'VTRPYOZANDRA',	'Feeney',	'Luther',	'Mertz',	'lthr',	'fny',	'VTR-5878',	0,	1623606940,	'b0266629-be6a-4b8b-943f-8872c5a8fe6e'),
(162,	'VTRDRTBRUNILDA',	'Collins',	'Lucille',	'McClure',	'lcll',	'cllns',	'VTR-8641',	0,	1623606943,	'c2c13f8b-e25b-4e5d-9790-18b7d627ea19'),
(163,	'VTRAMHLORY',	'Cruickshank',	'Naida',	'Reinger',	'nd',	'crckshnk',	'VTR-4087',	0,	1623606945,	'ee475fcd-ecd6-44ad-8aeb-bd0353dc4386'),
(164,	'VTRHHLCHI',	'Bauch',	'Gale',	'Raynor',	'gl',	'bch',	'VTR-8193',	0,	1623606947,	'b636cf48-f6ed-4bfe-b79b-d66c5a1d3d3e'),
(165,	'VTRUYZMORA',	'Bradtke',	'Remona',	'Romaguera',	'rmn',	'brdtk',	'VTR-5189',	0,	1623606950,	'e0bfeca1-d6e6-47eb-b6f2-726f93065249'),
(166,	'VTRZKFEVE',	'Leffler',	'Danna',	'Goldner',	'dnn',	'lfflr',	'VTR-609',	0,	1623606951,	'd13b33fd-9bba-4176-bd72-e00cf32296f8'),
(167,	'VTRQWXOZIE',	'Purdy',	'Gregg',	'Mosciski',	'grgg',	'prdy',	'VTR-2363',	0,	1623606953,	'6dacbdfb-ecad-4849-85b3-b823b76255c0'),
(168,	'VTRVYKAGATHA',	'Stracke',	'Roy',	'Stokes',	'ry',	'strck',	'VTR-1161',	0,	1623606956,	'6c562c27-d23b-4368-bf73-499e89a9967c'),
(169,	'VTRIYVMELIA',	'Sauer',	'Valentin',	'Will',	'vlntn',	'sr',	'VTR-5622',	0,	1623606957,	'd099d838-9ffa-4596-bec6-38ad2052c694'),
(170,	'VTRAPBYEVETTE',	'Murphy',	'Jamar',	'Bechtelar',	'jmr',	'mrphy',	'VTR-4397',	0,	1623606961,	'2f96b640-2e2b-4de2-9f04-decc00d43aef'),
(171,	'VTRRZGTENA',	'Kreiger',	'Damian',	'Adams',	'dmn',	'krgr',	'VTR-3855',	0,	1623606964,	'0cad4e11-1c8c-4bf7-83d8-f8ce07d11588'),
(172,	'VTRYVKMARGART',	'Dickinson',	'Andy',	'Auer',	'ndy',	'dcknsn',	'VTR-2362',	0,	1623606966,	'500c187b-6c0c-4f34-8569-3d277ae7d813'),
(173,	'VTRDIBHILDA',	'Miller',	'Cleora',	'Nikolaus',	'clr',	'mllr',	'VTR-1714',	0,	1623606970,	'16c669cf-7cee-4682-a14e-40ab510539bc'),
(174,	'VTRMFATANDRA',	'Koss',	'Ayana',	'Runolfsson',	'yn',	'kss',	'VTR-5331',	0,	1623606972,	'874637ce-984e-4453-8adc-d3c2ef5874a0'),
(175,	'VTRVCOVERLINE',	'Reichel',	'Marquis',	'Rohan',	'mrqs',	'rchl',	'VTR-8342',	0,	1623606974,	'4175063e-2cb1-4403-9052-b904cacaa713'),
(176,	'VTRPGDCHELSEA',	'Walker',	'Alonzo',	'Gutkowski',	'lnz',	'wlkr',	'VTR-5553',	0,	1623606976,	'edada7fd-2696-4589-8916-99744e704598'),
(177,	'VTRNXILARRAINE',	'McKenzie',	'Paulita',	'Maggio',	'plt',	'mcknz',	'VTR-8872',	0,	1623606978,	'936e8efd-842a-4c91-891c-eb217f73d2d6'),
(178,	'VTRXVPMADELAINE',	'Hackett',	'Linsey',	'Spinka',	'lnsy',	'hcktt',	'VTR-6480',	0,	1623606980,	'c24be1f4-e3e5-46f7-b0e5-351481854da6'),
(179,	'VTRYOWSUZI',	'Cole',	'Ernesto',	'Jones',	'rnst',	'cl',	'VTR-1960',	0,	1623198146,	'c4dac369-9ef3-4ef8-b697-3e793bc7e652'),
(180,	'VTRKKKDANNIELLE',	'Anderson',	'Charlie',	'Luettgen',	'chrl',	'ndrsn',	'VTR-4988',	0,	1623606984,	'75f02b70-5786-44df-a727-132f71d10172'),
(181,	'VTRMFDREITA',	'Wolff',	'Sherita',	'Schaden',	'shrt',	'wlff',	'VTR-5100',	0,	1623606986,	'6284b858-efd5-4935-958b-0fd55a6a0cf1'),
(182,	'VTRMWBKRISTIAN',	'Cummings',	'Rosy',	'Balistreri',	'rsy',	'cmmngs',	'VTR-3043',	0,	1623606988,	'f2e742c3-f807-42d5-9d19-ace7e6d97964'),
(183,	'VTREODLETTY',	'Halvorson',	'Duncan',	'Corwin',	'dncn',	'hlvrsn',	'VTR-3579',	0,	1623606990,	'2b398b6e-4d48-4dce-87dd-24bf66c28874'),
(184,	'VTRSSVURSULA',	'Walsh',	'Stacy',	'Wintheiser',	'stcy',	'wlsh',	'VTR-999',	0,	1623606992,	'7baf28b5-ab5b-4a50-97e8-41d7d898a92e'),
(185,	'VTRLDNMYRTIE',	'Aufderhar',	'Carissa',	'Hettinger',	'crss',	'fdrhr',	'VTR-1266',	0,	1623606994,	'365a76bd-343d-427f-ab1a-9b7d0c6aa7b2'),
(186,	'VTRJGSDARCEY',	'Harvey',	'Shalonda',	'Funk',	'shlnd',	'hrvy',	'VTR-1843',	0,	1623606997,	'61e3ed30-88e7-4fc9-90b8-b44dfbb9226b'),
(187,	'VTRBLYMARNIE',	'Pagac',	'Elizabeth',	'Gusikowski',	'lzbth',	'pgc',	'VTR-8312',	0,	1623606999,	'c0831c2a-17f2-4d1a-b158-48660c7aad4e'),
(188,	'VTRKDNLAVONNE',	'Brown',	'Natisha',	'Kozey',	'ntsh',	'brwn',	'VTR-5007',	0,	1623607000,	'e827b134-05f4-4cb1-a5f3-80ffbd5df13e'),
(189,	'VTRXTCKAYLEIGH',	'Pfeffer',	'Dianna',	'Heller',	'dnn',	'pfffr',	'VTR-5394',	0,	1623607003,	'88749d74-b0a0-4a70-a3b2-c47c2d3e7add'),
(190,	'VTRLVCCHASITY',	'Reichert',	'Steven',	'Kuvalis',	'stvn',	'rchrt',	'VTR-6658',	0,	1623607005,	'e85833bc-2a81-42ed-8140-611f32232d2d'),
(191,	'VTRBAXTALISHA',	'Conroy',	'Dorsey',	'Corwin',	'drsy',	'cnry',	'VTR-8261',	0,	1623607007,	'f38879a6-03a2-4752-9454-cae419628f11'),
(192,	'VTRCOLSENAIDA',	'Hermann',	'Fred',	'Ryan',	'frd',	'hrmnn',	'VTR-2891',	0,	1623607009,	'0296bfb5-a721-48ec-875b-f91639d4395e'),
(193,	'VTRCONCAROL',	'Koelpin',	'Fredrick',	'Carter',	'frdrck',	'klpn',	'VTR-6348',	0,	1623198245,	'5a461422-718c-415a-b636-2d0fa4f97497'),
(194,	'VTRXOPRACHELLE',	'Weber',	'Kurt',	'Bradtke',	'krt',	'wbr',	'VTR-8598',	0,	1623607014,	'f639f207-7410-4ca3-bd9c-f962bea4b31d'),
(195,	'VTRSHQMARLENA',	'Bednar',	'Heriberto',	'Ledner',	'hrbrt',	'bdnr',	'VTR-5712',	0,	1623607018,	'0e409f85-9ec6-4917-a4ff-e3e996e4b53f'),
(196,	'VTRUFNARNETTE',	'Murphy',	'Noah',	'Herzog',	'nh',	'mrphy',	'VTR-5470',	0,	1623607020,	'b2c0ca66-450f-469a-bc0e-47863ceec4e5'),
(197,	'VTREFNNIDIA',	'Bergstrom',	'Rolf',	'Zboncak',	'rlf',	'brgstrm',	'VTR-2974',	0,	1623607023,	'15ed6829-486c-4dbf-8c8b-8694fcd8635a'),
(198,	'VTRURCBUENA',	'Little',	'Mardell',	'Klocko',	'mrdll',	'lttl',	'VTR-6416',	0,	1623607025,	'8d82fd36-c733-485b-8451-e3c31e734ed2'),
(199,	'VTRSFYFLOSSIE',	'Bins',	'Carmine',	'Casper',	'crmn',	'bns',	'VTR-2608',	0,	1623607027,	'962c9270-e3a2-467e-a420-b416512d44dc'),
(200,	'VTROPWGRACIA',	'Runte',	'Cathy',	'Wilkinson',	'cthy',	'rnt',	'VTR-9429',	0,	1623607031,	'f5e75e93-5390-4273-87ca-e56130027c9f'),
(201,	'VTRYCXBETHANY',	'Watsica',	'Ramon',	'Yundt',	'rmn',	'wtsc',	'VTR-8522',	0,	1623607035,	'd572bbbd-f60e-4a9a-8145-53c0d5212a4a'),
(202,	'VTRWPULAKIESHA',	'Moen',	'Jay',	'Sporer',	'jy',	'mn',	'VTR-3626',	0,	1623607038,	'433c464d-bd25-45a3-a338-8fb71b0986c7'),
(203,	'VTRXANSALLIE',	'Brown',	'Leland',	'Mann',	'llnd',	'brwn',	'VTR-3851',	0,	1623607040,	'349ce002-0c3e-4759-b3b9-fdcc482d150f'),
(204,	'VTRXENNOVELLA',	'Towne',	'Kimberely',	'Price',	'kmbrly',	'twn',	'VTR-7821',	0,	1623607043,	'7a0c0cda-d955-4f1f-879b-e26375252190'),
(205,	'VTRZQKJAY',	'Hodkiewicz',	'Christina',	'Pfannerstill',	'chrstn',	'hdkwcz',	'VTR-99',	0,	1623607045,	'4eb8585b-e23c-44bc-842c-3f2fbd12578e'),
(206,	'VTRYZIORA',	'Terry',	'Rodney',	'Jacobi',	'rdny',	'trry',	'VTR-9115',	0,	1623607049,	'33df4d14-ce4f-43b1-b84b-672f616ab870'),
(207,	'VTRHNHKEIKO',	'Gaylord',	'Ramonita',	'Tremblay',	'rmnt',	'gylrd',	'VTR-2516',	0,	1623607051,	'06834da4-0e0e-4f6b-991d-275c24d79e7b'),
(208,	'VTRILMTEMPIE',	'Feil',	'Cierra',	'Witting',	'crr',	'fl',	'VTR-1599',	0,	1623607053,	'45c37ca6-557b-49d6-8912-e2c0daeea780'),
(209,	'VTRNWBSHAVONDA',	'Boyer',	'Liberty',	'Wintheiser',	'lbrty',	'byr',	'VTR-5050',	0,	1623607056,	'29834149-1bb8-438f-a414-14789d9876de'),
(210,	'VTRLLADREW',	'Mohr',	'Lauran',	'Sauer',	'lrn',	'mhr',	'VTR-2362',	0,	1623607059,	'ae70644e-bec8-44fb-949c-a2cef4cee783'),
(211,	'VTRLEPMAGDALEN',	'Haag',	'Chauncey',	'Abbott',	'chncy',	'hg',	'VTR-1245',	0,	1623198460,	'4aa252ef-e056-4d98-9c1d-0679352e1a13'),
(212,	'VTRTUYKHALILAH',	'Gottlieb',	'Elizabeth',	'Franecki',	'lzbth',	'gttlb',	'VTR-6579',	0,	1623607064,	'a7a73e30-27fb-45e9-acc6-0783206f43ed'),
(213,	'VTRJXTKELLE',	'Prosacco',	'Ivy',	'Bashirian',	'vy',	'prscc',	'VTR-9040',	0,	1623607068,	'c7227dc3-2bd3-4a67-b573-55948defb420'),
(214,	'VTREOJREDA',	'Cole',	'Rutha',	'Reinger',	'rth',	'cl',	'VTR-6099',	0,	1623607070,	'ff699ef1-e0f7-4250-bece-9f0dfef1b8d8'),
(215,	'VTRJZUMARCHELLE',	'Ernser',	'Marleen',	'Wunsch',	'mrln',	'rnsr',	'VTR-3799',	0,	1623607072,	'2cb4a766-143e-48c2-b9a0-fdac6f1d28a6'),
(216,	'VTRGLFJENNELL',	'Tillman',	'Jake',	'Wintheiser',	'jk',	'tllmn',	'VTR-2313',	0,	1623607074,	'37393cd8-d58d-413c-8e48-85dcf5e9caf3'),
(217,	'VTRIZUBULA',	'Rau',	'Lawerence',	'Kuhlman',	'lwrnc',	'r',	'VTR-544',	0,	1623607079,	'886dd498-5aa9-4ffd-b5b0-520406d30dd0'),
(218,	'VTRXPHHOLLY',	'Howe',	'Lise',	'Klocko',	'ls',	'hw',	'VTR-9569',	0,	1623607081,	'3685fd1f-52d9-40dd-9c01-c445e8335905'),
(219,	'VTRKQVCARIDAD',	'Conn',	'Lindsey',	'Jenkins',	'lndsy',	'cnn',	'VTR-3422',	0,	1623607085,	'a18ccaf3-5d0c-446b-b7a1-f2d0939e7354'),
(220,	'VTRKSXLIZBETH',	'Powlowski',	'Chelsey',	'Rice',	'chlsy',	'pwlwsk',	'VTR-9915',	0,	1623607088,	'13017630-91ba-4cef-9e1d-bdc78e64fd4c'),
(221,	'VTRATJALYSON',	'Davis',	'Jacinta',	'Wilkinson',	'jcnt',	'dvs',	'VTR-3020',	0,	1623607090,	'fcc13a57-4ad2-4fc6-89b9-1640dae22b0c'),
(222,	'VTRMRILILA',	'Wisozk',	'Tony',	'Steuber',	'tny',	'wszk',	'VTR-4224',	0,	1623607092,	'a4459702-31ca-4165-bd53-6528a99a7767'),
(223,	'VTRSZEFREDRICKA',	'Becker',	'Forest',	'Deckow',	'frst',	'bckr',	'VTR-7927',	0,	1623607094,	'1eaac5ca-9f37-4f3a-80e7-a1f284b98d96'),
(224,	'VTRCJEDELORES',	'Sauer',	'Hsiu',	'Wisoky',	'hs',	'sr',	'VTR-3051',	0,	1623198607,	'e0656c24-8e7e-4dc8-a873-99a1d2664aff'),
(225,	'VTRVBUOLETA',	'Bradtke',	'Jospeh',	'Jacobi',	'jsph',	'brdtk',	'VTR-6377',	0,	1623607101,	'c2feb874-5dc5-48b1-8d9a-2d4291db0325'),
(226,	'VTRKMPDENNISE',	'Reinger',	'Dario',	'Dietrich',	'dr',	'rngr',	'VTR-99',	0,	1623607103,	'f37a114d-b310-48ab-a156-e24643e48020'),
(227,	'VTRWNLLOUISA',	'Lakin',	'Glory',	'Funk',	'glry',	'lkn',	'VTR-1004',	0,	1623607105,	'2d011c16-bb3b-406b-a539-00eeeee46bdd'),
(228,	'VTRCJHYI',	'Kuhic',	'Latonia',	'Zieme',	'ltn',	'khc',	'VTR-5851',	0,	1623607107,	'd4f2af5f-f0d3-4c70-8032-e72f94acf4b4'),
(229,	'VTRZYTIMELDA',	'Walsh',	'Teena',	'Tremblay',	'tn',	'wlsh',	'VTR-3454',	0,	1623607109,	'62322194-f515-49a0-a2cc-24dffdda2702'),
(230,	'VTROMZLATRINA',	'Pollich',	'Michael',	'Schimmel',	'mchl',	'pllch',	'VTR-3766',	0,	1623607112,	'73f24f97-e55e-4bb3-9d5e-35123de9c9ec'),
(231,	'VTRYFKSHANTAY',	'Kohler',	'Crystal',	'Boyer',	'crystl',	'khlr',	'VTR-3973',	0,	1623607114,	'dac7ee87-9dff-4ee7-9d50-b244ca87a9ee'),
(232,	'VTRAKDTALIA',	'Fay',	'Benito',	'Schulist',	'bnt',	'fy',	'VTR-9388',	0,	1623607115,	'f9881ecd-958a-40ca-9f12-43b8cb54731c'),
(233,	'VTRJXTKIRA',	'Raynor',	'Wilford',	'Murphy',	'wlfrd',	'rynr',	'VTR-4810',	0,	1623607118,	'6a943b48-7a46-4e82-a3bd-bda251cb8ac0'),
(234,	'VTRPJKDANYEL',	'Legros',	'Phylicia',	'Tillman',	'phylc',	'lgrs',	'VTR-6640',	0,	1623607120,	'ce005e26-4218-4245-b020-ea0fd3fa72ac'),
(235,	'VTRRDZMARLINE',	'Marquardt',	'Jeanice',	'Roberts',	'jnc',	'mrqrdt',	'VTR-1054',	0,	1623607122,	'd7cd8668-a4bc-49a5-95e9-d8d907755a94'),
(236,	'VTRKMWROSEANN',	'Greenholt',	'Shirlene',	'Parisian',	'shrln',	'grnhlt',	'VTR-9208',	0,	1623607125,	'283c4d42-d210-4596-98dc-15347a51deeb'),
(237,	'VTRGUWMACIE',	'Deckow',	'Odell',	'Crona',	'dll',	'dckw',	'VTR-4691',	0,	1623607127,	'ecbe9c47-5aff-47da-a33b-d9ccd45573b3'),
(238,	'VTRHHOGWENDA',	'Langworth',	'Claudio',	'Adams',	'cld',	'lngwrth',	'VTR-8673',	0,	1623607130,	'a0374d9c-6d50-40e1-b2cb-c1a4fed8bc04'),
(239,	'VTRCORRHEBA',	'Harris',	'Columbus',	'Lockman',	'clmbs',	'hrrs',	'VTR-781',	0,	1623607133,	'765cb1c5-671f-4d2b-a825-b3ec3d968065'),
(240,	'VTRPWOCASIMIRA',	'Marvin',	'Brandie',	'Rutherford',	'brnd',	'mrvn',	'VTR-1694',	0,	1623607135,	'94b69acc-f542-47ec-a4af-a5a175fb9b9c'),
(241,	'VTRPKSLOTTIE',	'Trantow',	'Cleveland',	'Schulist',	'clvlnd',	'trntw',	'VTR-9216',	0,	1623607138,	'fb761810-34fd-46df-b162-8f7b7731d8f5'),
(242,	'VTRXDOSUDIE',	'Runolfsdottir',	'Gianna',	'Flatley',	'gnn',	'rnlfsdttr',	'VTR-3231',	0,	1623607141,	'a735c6bc-f785-4969-bf7d-c1bd2b5f1314'),
(243,	'VTRLRZJUTTA',	'Williamson',	'Kristi',	'Mosciski',	'krst',	'wllmsn',	'VTR-1018',	0,	1623607143,	'c2d23dc5-b522-488c-9425-39066bb9816d'),
(244,	'VTRIPKJINNY',	'Bradtke',	'Jacqueline',	'Franecki',	'jcqln',	'brdtk',	'VTR-1436',	0,	1623607145,	'5f5324c6-e426-4d43-b9b0-d832a89d4444'),
(245,	'VTRJELMISTI',	'Mante',	'Felipe',	'Schuster',	'flp',	'mnt',	'VTR-6330',	0,	1623607148,	'22e4fae2-7a72-417f-a00a-ec19d25faa25'),
(246,	'VTRPYCSAMMIE',	'Gorczany',	'Tomas',	'Ryan',	'tms',	'grczny',	'VTR-1530',	0,	1623607151,	'82c46cd6-0ed0-4417-adc0-fd27fbbc93ef'),
(247,	'VTRUZNYON',	'Durgan',	'Desmond',	'Hane',	'dsmnd',	'drgn',	'VTR-2021',	0,	1623607153,	'b740108a-b5f3-4016-b00a-78a6e0f870d1'),
(248,	'VTRGUELIANE',	'Hettinger',	'Minh',	'Cummings',	'mnh',	'httngr',	'VTR-6611',	0,	1623607158,	'31055723-9a6a-4ffd-81ac-eef80069d4b5'),
(249,	'VTRBMUMOLLY',	'Schultz',	'Rachele',	'Stokes',	'rchl',	'schltz',	'VTR-2036',	0,	1623198729,	'9e2cb251-323d-46a2-bf30-2cc9d86faab5'),
(250,	'VTRSSABERNIE',	'Murphy',	'Dorian',	'Kunze',	'drn',	'mrphy',	'VTR-1441',	0,	1623607162,	'30e504a0-d9b4-4454-8e12-48315c1c4f45'),
(251,	'VTROMGLUCI',	'Sauer',	'Ludie',	'Crist',	'ld',	'sr',	'VTR-3032',	0,	1623607167,	'3640bbd6-9909-4467-87a2-41990baed5ea'),
(252,	'VTRQCOMELINDA',	'Monahan',	'Rocco',	'Abernathy',	'rcc',	'mnhn',	'VTR-3009',	0,	1623607170,	'6f0f1564-b3f3-420f-9a44-81fb5abd3031'),
(253,	'VTRNAGJANEAN',	'Barton',	'Gena',	'Kling',	'gn',	'brtn',	'VTR-1140',	0,	1623607174,	'72ad6123-3a91-404d-b490-ca2f53070e15'),
(254,	'VTRRYEVICKI',	'Schimmel',	'Beatris',	'Lindgren',	'btrs',	'schmml',	'VTR-1935',	0,	1623607176,	'143902d1-7158-4689-9afe-6b462dc20b3e'),
(255,	'VTRFRSCHARLESETTA',	'Stehr',	'Lucien',	'Kerluke',	'lcn',	'sthr',	'VTR-2486',	0,	1623607178,	'ff241646-ec15-4b4b-b145-1532e73764c1'),
(256,	'VTRNBWDAWN',	'Collier',	'Fumiko',	'Dicki',	'fmk',	'cllr',	'VTR-1603',	0,	1623607180,	'571af6b5-3724-4588-8ff7-4467d00a0048'),
(257,	'VTRDUOASHLEE',	'Stamm',	'Lavone',	'Barrows',	'lvn',	'stmm',	'VTR-3033',	0,	1623607182,	'c6e86107-640a-468a-9407-27d3f18f1f1a'),
(258,	'VTRQEUTENISHA',	'Feest',	'Stewart',	'Ferry',	'stwrt',	'fst',	'VTR-9345',	0,	1623607184,	'96323093-baaf-4d82-8a1c-3ee373e0291f'),
(259,	'VTRQMDKARENA',	'Douglas',	'Adell',	'Wuckert',	'dll',	'dgls',	'VTR-6242',	0,	1623607186,	'9b4f2bc0-c423-4b7d-bf7a-03b66bc995c3'),
(260,	'VTRKVACLELIA',	'Hyatt',	'Gina',	'Lueilwitz',	'gn',	'hytt',	'VTR-8496',	0,	1623607188,	'ad42d937-589c-4c0e-aac3-ba06751b5fee'),
(261,	'VTRRBAADELA',	'Mann',	'Wen',	'Konopelski',	'wn',	'mnn',	'VTR-6339',	0,	1623607190,	'0fb2ba15-e4c8-4fe5-b19f-3a25a6c51539'),
(262,	'VTRHZHIONE',	'Veum',	'Nita',	'Pouros',	'nt',	'vm',	'VTR-4490',	0,	1623607193,	'dfb37e2f-80f6-4c5a-8c12-e11dee3df89e'),
(263,	'VTRHKWPENNY',	'Conn',	'Jc',	'Schiller',	'jc',	'cnn',	'VTR-3286',	0,	1623607195,	'a6bbf603-a60f-4a02-8b1e-a1466bbe2c9d'),
(264,	'VTRZCBDARCY',	'Haag',	'Katharyn',	'Marvin',	'kthryn',	'hg',	'VTR-6790',	0,	1623607197,	'5a3a79a3-1e7c-418d-9834-e0835a08311a'),
(265,	'VTREJPMYRTLE',	'Parker',	'Inge',	'Hills',	'ng',	'prkr',	'VTR-1879',	0,	1623607202,	'c17f9a4a-b9c3-49ec-ba27-fa596dee51fd'),
(266,	'VTRCTBHERMILA',	'Mertz',	'Rolland',	'Balistreri',	'rllnd',	'mrtz',	'VTR-6131',	0,	1623607206,	'ce19f931-8654-42d7-82ac-8e8383e926ad'),
(267,	'VTRFUVMALIA',	'Donnelly',	'Moon',	'Green',	'mn',	'dnnlly',	'VTR-4265',	0,	1623607209,	'd22a56ea-4ac0-4fe4-97cb-fee5317755e8'),
(268,	'VTRNOGHEIDE',	'Osinski',	'Ronny',	'Abbott',	'rnny',	'snsk',	'VTR-7906',	0,	1623198804,	'5ff87d1b-6142-418c-8ed9-b3e1435dda3b'),
(269,	'VTRUHLOPAL',	'Herzog',	'Hilario',	'Moore',	'hlr',	'hrzg',	'VTR-4483',	0,	1623607220,	'66f5d46a-6212-40fb-bc52-46ec0a9ff1d9'),
(270,	'VTRAABJAMA',	'Trantow',	'Kaylee',	'Hermiston',	'kyl',	'trntw',	'VTR-8339',	0,	1623607223,	'a3421c13-e23e-4698-bd9b-a62db99b1a0f'),
(271,	'VTRKFYLULU',	'Ernser',	'Ashly',	'Littel',	'shly',	'rnsr',	'VTR-7288',	0,	1623607226,	'fe3004dc-20d6-4226-8e03-15bb9088a7dd'),
(272,	'VTRNILGRICELDA',	'Torp',	'Morton',	'Williamson',	'mrtn',	'trp',	'VTR-8882',	0,	1623607229,	'ee04507b-0703-4fc8-82b7-95525274c726'),
(273,	'VTRKDWKARL',	'Olson',	'Mellie',	'Doyle',	'mll',	'lsn',	'VTR-5701',	0,	1623607233,	'9a02dab8-36c3-4438-91d9-029253be664c'),
(274,	'VTRZIQMILLICENT',	'Fadel',	'Myrl',	'Rau',	'myrl',	'fdl',	'VTR-5654',	0,	1623607235,	'204def1f-ee52-44d3-bf84-66649865a1d9'),
(275,	'VTRBBICELINA',	'Stroman',	'Laurence',	'Donnelly',	'lrnc',	'strmn',	'VTR-9847',	0,	1623607238,	'3444b41d-1054-47da-9d0c-5040b78bfd73'),
(276,	'VTRGTDASHLY',	'Gorczany',	'Kyung',	'Crooks',	'kyng',	'grczny',	'VTR-4188',	0,	1623607242,	'b15e3254-c2c4-4550-95d0-d3ad9a3b054a'),
(277,	'VTRIJVSTACEE',	'Becker',	'Mariana',	'Langosh',	'mrn',	'bckr',	'VTR-8030',	0,	1623607244,	'6a70a1fa-ef25-45f5-997e-0fdd4e1d14df'),
(278,	'VTRPEGNECOLE',	'Beatty',	'Terina',	'Zboncak',	'trn',	'btty',	'VTR-6107',	0,	1623607248,	'0f8ecae3-f777-4974-b718-82cc502b0c33'),
(279,	'VTRQWBLOVELLA',	'Trantow',	'Scott',	'Rippin',	'sctt',	'trntw',	'VTR-3013',	0,	1623607250,	'472f49b2-d385-46f1-a35c-2e570e3d16ee'),
(280,	'VTRCKWCHARLETTE',	'Williamson',	'Joline',	'Feil',	'jln',	'wllmsn',	'VTR-4762',	0,	1623607253,	'fedb8eb3-274e-44b7-b54f-afa4f17ac314'),
(281,	'VTRFGDCLARA',	'Kub',	'Reid',	'Rowe',	'rd',	'kb',	'VTR-6757',	0,	1623607256,	'a41ab17f-116b-4434-87a5-ebd80fb9bc0e'),
(282,	'VTRNOKMEE',	'Labadie',	'Trish',	'Blanda',	'trsh',	'lbd',	'VTR-2475',	0,	1623607258,	'e7fc63ba-696a-4c2c-9cf4-1f22cf7a086d'),
(283,	'VTRNCOJANINA',	'Flatley',	'Ollie',	'Schultz',	'll',	'fltly',	'VTR-8270',	0,	1623607260,	'd9563f4a-f15c-4cb4-be2d-bee24a87af4f'),
(284,	'VTRGVSKENDAL',	'Friesen',	'Zoila',	'Rau',	'zl',	'frsn',	'VTR-423',	0,	1623607262,	'6ac99826-e3e0-449b-b165-f4aefd51b0f2'),
(285,	'VTRIMPLUCINA',	'Kohler',	'Toby',	'Rohan',	'tby',	'khlr',	'VTR-1285',	0,	1623607263,	'5b45cfbf-134f-4336-a1e5-c333939bd612'),
(286,	'VTRVWBLORRIANE',	'Simonis',	'Geraldo',	'Walsh',	'grld',	'smns',	'VTR-307',	0,	1623607267,	'5c0164ff-8c36-4ad3-9d4c-dd172fde3b77'),
(287,	'VTRNOUELOISE',	'Crist',	'Lara',	'Osinski',	'lr',	'crst',	'VTR-4740',	0,	1623607269,	'89794c97-3c6f-4d43-ae6e-3a9e61631fae'),
(288,	'VTRXINALBERTINE',	'Parisian',	'Jason',	'Moore',	'jsn',	'prsn',	'VTR-2522',	0,	1623607274,	'0bf8b038-9c0e-497b-bfd1-0fb1cdd05e4e'),
(289,	'VTREJUAGUEDA',	'Casper',	'Everett',	'Boyer',	'vrtt',	'cspr',	'VTR-4698',	0,	1623607278,	'10d6fc6e-64e0-4ebb-a7ca-72aa9a3651bd'),
(290,	'VTRRMHMAKEDA',	'Vandervort',	'Orlando',	'Hilll',	'rlnd',	'vndrvrt',	'VTR-2724',	0,	1623607281,	'ade1d89a-7096-4d75-a3d5-198f4235c1a1'),
(291,	'VTRTNILACY',	'Von',	'Benton',	'Becker',	'bntn',	'vn',	'VTR-6822',	0,	1623607283,	'ef291fae-d906-4158-8fe1-904e8580d95c'),
(292,	'VTRDFYPAMILA',	'Schamberger',	'Diane',	'Crist',	'dn',	'schmbrgr',	'VTR-2102',	0,	1623607286,	'9ab8e991-edb8-4988-b4bf-b99b636295a7'),
(293,	'VTROILPEARLY',	'Klocko',	'Nettie',	'Heller',	'ntt',	'klck',	'VTR-8133',	0,	1623607288,	'400da8e6-21b3-48bb-90e3-b360885e0da2'),
(294,	'VTRKBABRIGID',	'Nienow',	'Orlando',	'McKenzie',	'rlnd',	'nnw',	'VTR-1647',	0,	1623607290,	'd7a9a622-0f54-4832-8645-1a6ace0ccf8a'),
(295,	'VTRWFKMARYANNE',	'Dach',	'Sol',	'Mann',	'sl',	'dch',	'VTR-2421',	0,	1623607293,	'd1829a7d-f702-4b03-b047-d6c3b4a7dbae'),
(296,	'VTRQAEGENA',	'Bergnaum',	'Leonia',	'Homenick',	'ln',	'brgnm',	'VTR-5922',	0,	1623607298,	'0fd78862-fa9e-4fd8-ae3a-9aa13f596015'),
(297,	'VTRHSOPOK',	'McLaughlin',	'Loriann',	'Beier',	'lrnn',	'mclghln',	'VTR-3822',	0,	1623607301,	'd8e0cf79-c07f-42c0-b30d-e8116ec4dc39'),
(298,	'VTROFBREBEKAH',	'Carroll',	'Zoila',	'Lind',	'zl',	'crrll',	'VTR-5849',	0,	1623607304,	'fe51dcd9-1abc-4973-90c1-e507b965053a'),
(299,	'VTRYMPDORENE',	'Cormier',	'Gertrude',	'Lind',	'grtrd',	'crmr',	'VTR-1876',	0,	1623607310,	'9d082340-3fbf-4b10-b6bc-2529f9455e95'),
(300,	'VTRKGYMARIANNA',	'Simonis',	'Asha',	'Hayes',	'sh',	'smns',	'VTR-7105',	0,	1623607316,	'd98c3cc9-b6d1-4b34-b894-9d899110f444'),
(301,	'VTRJWVANGEL',	'Abbott',	'Hank',	'Hessel',	'hnk',	'bbtt',	'VTR-303',	0,	1623607325,	'1b43fed7-0abe-4fc2-805d-2f30576c900f'),
(302,	'VTRVLSFAITH',	'Wolff',	'Leann',	'Runolfsson',	'lnn',	'wlff',	'VTR-1261',	0,	1623607329,	'7b57bd78-36b4-4925-af24-811568326785'),
(303,	'VTRQWBNICKOLE',	'Oberbrunner',	'Lynetta',	'Okuneva',	'lyntt',	'brbrnnr',	'VTR-2142',	0,	1623607330,	'4f9cfe21-a5b5-472b-b0a8-7112e5dbd7a2'),
(304,	'VTRZQJNOHEMI',	'Lang',	'Lane',	'Barton',	'ln',	'lng',	'VTR-7061',	0,	1623607334,	'1c039af5-66d6-4da6-a6ac-645b6310ad6e'),
(305,	'VTRDGXAGNUS',	'Schroeder',	'Dan',	'Kub',	'dn',	'schrdr',	'VTR-8224',	0,	1623607338,	'1a0ff3e0-e5d8-48d4-8cf8-77c0daa3fd5f'),
(306,	'VTRCCCDORTHEA',	'Murphy',	'Ouida',	'Nolan',	'd',	'mrphy',	'VTR-9487',	0,	1623607340,	'3925b570-c3dd-4839-85b6-21192760a92a'),
(307,	'VTRAZRELLEN',	'Kuhic',	'Francis',	'Nitzsche',	'frncs',	'khc',	'VTR-9698',	0,	1623607343,	'9060f818-f159-4660-9ffb-0370d828454f'),
(308,	'VTRKPOTISA',	'Lang',	'Allen',	'Streich',	'lln',	'lng',	'VTR-8980',	0,	1623607345,	'3a26e7f0-2276-4326-983d-da0fdb3c20b8'),
(309,	'VTRCIHMARICA',	'Stehr',	'Shoshana',	'Corwin',	'shshn',	'sthr',	'VTR-7220',	0,	1623607348,	'9de197ed-9ed1-4e90-b891-1b39f7b2772c'),
(310,	'VTRDWRKRISTAL',	'Feest',	'Hayden',	'Kertzmann',	'hydn',	'fst',	'VTR-2779',	0,	1623607350,	'fd2d3c43-cc2a-4819-8bc9-431bf1548e38'),
(311,	'VTRUHUIRAIDA',	'Zboncak',	'Hai',	'Homenick',	'h',	'zbnck',	'VTR-872',	0,	1623607352,	'a32de144-1d1e-4f1d-b077-50d57e7789e9'),
(312,	'VTRNVSDENICE',	'Rogahn',	'Malcolm',	'Rempel',	'mlclm',	'rghn',	'VTR-7869',	0,	1623607355,	'f264657d-e4f6-47f4-8be8-cdc3c81bb8bd'),
(313,	'VTRJJVARDELIA',	'Walker',	'Taina',	'Moen',	'tn',	'wlkr',	'VTR-8666',	0,	1623607357,	'cb9b790d-ba25-4786-8375-1f65a849de80'),
(314,	'VTRBQOCATHI',	'Zemlak',	'Eli',	'Lueilwitz',	'l',	'zmlk',	'VTR-7083',	0,	1623607360,	'2361e211-26ab-4675-96a7-1a85690ab601'),
(315,	'VTRATATEMPIE',	'Kuhic',	'Lavonne',	'Marquardt',	'lvnn',	'khc',	'VTR-5362',	0,	1623607362,	'42788e18-04c8-4d88-8c4c-62d31a7171cd'),
(316,	'VTRTDUSHIRLEE',	'Parisian',	'Sydney',	'Treutel',	'sydny',	'prsn',	'VTR-1354',	0,	1623607367,	'e2628b2d-6844-4fdf-a007-03b389b70a33'),
(317,	'VTRIHHLEIGH',	'Barrows',	'Virgilio',	'Gleichner',	'vrgl',	'brrws',	'VTR-1574',	0,	1623607369,	'6ebd036d-d130-496e-8a2d-c7cef99d80d6'),
(318,	'VTRKODKRYSTEN',	'Weissnat',	'Abraham',	'Stanton',	'brhm',	'wssnt',	'VTR-2415',	0,	1623607371,	'df414bc8-e5fb-4426-8796-aa73cb205c4c'),
(319,	'VTRUXHXIOMARA',	'Bauch',	'Herbert',	'Purdy',	'hrbrt',	'bch',	'VTR-2351',	0,	1623607373,	'2d6576e3-4359-42aa-a255-5306c15952b9'),
(320,	'VTRFDFDALLAS',	'Lakin',	'Bradley',	'Reinger',	'brdly',	'lkn',	'VTR-7578',	0,	1623607377,	'6e9d0a17-3653-48c8-8dbd-616c7bc38c1f'),
(321,	'VTRJLYLOUVENIA',	'Rempel',	'Chase',	'Crooks',	'chs',	'rmpl',	'VTR-7647',	0,	1623607380,	'5dcfcb25-abe4-405d-9800-ccffad68ded6'),
(322,	'VTRZRTTOSHIA',	'McLaughlin',	'Vince',	'Smitham',	'vnc',	'mclghln',	'VTR-4927',	0,	1623606301,	'24db00bc-78af-4750-a5cb-55c70de9743f'),
(323,	'VTRYONMICHA',	'Wyman',	'Burton',	'Grimes',	'brtn',	'wymn',	'VTR-7877',	0,	1623607386,	'ed77ae35-3d8e-4187-8af6-b3abf0c22774'),
(324,	'VTRUZVJODIE',	'West',	'Reva',	'Maggio',	'rv',	'wst',	'VTR-4776',	0,	1623607389,	'af0ecc58-6998-4edf-b31f-3c6cc666c972'),
(325,	'VTRXWBTABITHA',	'Collier',	'Vernie',	'Kulas',	'vrn',	'cllr',	'VTR-1367',	0,	1623607392,	'2d77ef8d-a7a7-429c-9ad1-f644c9812f8a'),
(326,	'VTRINIAIMEE',	'Heaney',	'Argentina',	'Hills',	'rgntn',	'hny',	'VTR-6778',	0,	1623606309,	'213ee5f3-908c-4e19-ac04-00cdf4dc2202'),
(327,	'VTRKZJDEVORAH',	'Padberg',	'Ocie',	'Strosin',	'c',	'pdbrg',	'VTR-6834',	0,	1623607397,	'0f29671f-a98c-4815-ba99-47e6254209b8'),
(328,	'VTRSGKSHASTA',	'Bailey',	'Ferdinand',	'Bradtke',	'frdnnd',	'bly',	'VTR-8133',	0,	1623607398,	'264a7603-7d4a-48ed-ab51-31140eb5699f'),
(329,	'VTRZVNADINA',	'Boyle',	'Nell',	'Conn',	'nll',	'byl',	'VTR-2870',	0,	1623607402,	'b21bdb7f-2c1f-4238-a959-cd603d42c9d3'),
(330,	'VTRRFJNIDIA',	'Gutkowski',	'Vincenzo',	'Beier',	'vncnz',	'gtkwsk',	'VTR-5288',	0,	1623607404,	'457297e7-e195-433b-bcaa-45895387e5d8'),
(331,	'VTRZNPKAMALA',	'Friesen',	'Madelyn',	'Schowalter',	'mdlyn',	'frsn',	'VTR-4557',	0,	1623607407,	'95907e16-395d-434e-a9c5-304c8b87c2f5'),
(332,	'VTRHYOANGELIA',	'Davis',	'Asley',	'Bode',	'sly',	'dvs',	'VTR-404',	0,	1623607410,	'9d3b30e5-1e1c-4dc0-add0-184b0b5aa27e'),
(333,	'VTRQTWBETTY',	'Davis',	'Ivory',	'Schaden',	'vry',	'dvs',	'VTR-8350',	0,	1623607412,	'816abf17-942d-4ce4-81c8-e4fb039ef27e'),
(334,	'VTRLRTASHLEIGH',	'Shields',	'Peter',	'Bode',	'ptr',	'shlds',	'VTR-1822',	0,	1623606329,	'c07b5183-367a-4c55-90e7-e7a88b080946'),
(335,	'VTRSSGJASMIN',	'Hickle',	'Mackenzie',	'Paucek',	'mcknz',	'hckl',	'VTR-7840',	0,	1623607417,	'71aac688-6f4f-4588-8f51-096a798d2ef1'),
(336,	'VTRDAKTERRIE',	'Homenick',	'Corliss',	'Steuber',	'crlss',	'hmnck',	'VTR-4282',	0,	1623607420,	'd034a1e2-d377-4c18-88f4-aab6e2bc9197'),
(337,	'VTRSLXBENNIE',	'Jacobs',	'Cherilyn',	'Muller',	'chrlyn',	'jcbs',	'VTR-6698',	0,	1623607423,	'b6565e54-1483-479d-b3e6-b9c9c8507be7'),
(338,	'VTRWJEGERMAINE',	'Mohr',	'Devon',	'Rutherford',	'dvn',	'mhr',	'VTR-7196',	0,	1623606339,	'4e022310-5632-4ee3-a0e7-3a2931e4d202'),
(339,	'VTRHJQTESS',	'Fay',	'Basil',	'Zulauf',	'bsl',	'fy',	'VTR-6716',	0,	1623607427,	'f6321993-84db-4376-9323-14f7f14d9264'),
(340,	'VTRYTTGLADY',	'Bergnaum',	'Glennis',	'Kiehn',	'glnns',	'brgnm',	'VTR-9830',	0,	1623607429,	'92053227-dbb7-4065-a80a-2d3a00aaba9d'),
(341,	'VTRZEZMARGHERITA',	'Brakus',	'Juanita',	'Becker',	'jnt',	'brks',	'VTR-8373',	0,	1623607431,	'f29ffaae-1fd9-4814-94c9-c95a0b1ee37d'),
(342,	'VTRVOASHAUNDA',	'Legros',	'Robbyn',	'Grady',	'rbbyn',	'lgrs',	'VTR-8617',	0,	1623607433,	'd749f46c-9dcf-4c2d-af57-721a13f7aa0b'),
(343,	'VTRQSVHERMA',	'Williamson',	'Lakita',	'Wintheiser',	'lkt',	'wllmsn',	'VTR-4570',	0,	1623607436,	'7b5cbb34-de53-4b06-9980-040225f8172b'),
(344,	'VTRSEKFALLON',	'Bauch',	'Sidney',	'Bergstrom',	'sdny',	'bch',	'VTR-8472',	0,	1623607438,	'e34af39e-f586-4013-bc77-3a1c97500d0d'),
(345,	'VTRZJFALPHA',	'Thiel',	'Darwin',	'Ullrich',	'drwn',	'thl',	'VTR-1152',	0,	1623607440,	'86ee3cee-0453-41a4-b490-518b1d8f8d25'),
(346,	'VTRRTLRIKKI',	'Kub',	'Brandon',	'Schmidt',	'brndn',	'kb',	'VTR-2187',	0,	1623607443,	'9b02bd73-eeca-4089-bb9f-882430801a8b'),
(347,	'VTRSJVMARTHA',	'Ortiz',	'Heath',	'Walter',	'hth',	'rtz',	'VTR-482',	0,	1623607445,	'0f449274-3a55-4e12-8dbe-fb9221dea7c8'),
(348,	'VTREWMEMERALD',	'Little',	'Porsha',	'Kertzmann',	'prsh',	'lttl',	'VTR-8555',	0,	1623607448,	'752a0602-63e3-47b0-9b10-d26fb3957d03'),
(349,	'VTRHOJMELIDA',	'Bergstrom',	'Nigel',	'Fadel',	'ngl',	'brgstrm',	'VTR-4144',	0,	1623607450,	'0e408f42-3a89-46f1-aa8d-fa12062b4626'),
(350,	'VTRCFNYUONNE',	'Parisian',	'Classie',	'Ledner',	'clss',	'prsn',	'VTR-2274',	1674138883,	1623607452,	'210d7f2f-8c7c-4e23-82e5-cd2ea29585fe');

DROP TABLE IF EXISTS `employee_data`;
CREATE TABLE `employee_data` (
  `empUID` mediumint(8) unsigned NOT NULL,
  `indicatorID` smallint(5) NOT NULL,
  `data` text NOT NULL,
  `author` varchar(30) NOT NULL,
  `timestamp` int(10) unsigned NOT NULL DEFAULT '0',
  PRIMARY KEY (`empUID`,`indicatorID`),
  KEY `indicatorID` (`indicatorID`)
) ENGINE=InnoDB DEFAULT CHARSET=utf8;

INSERT INTO `employee_data` (`empUID`, `indicatorID`, `data`, `author`, `timestamp`) VALUES
(1,	-2,	'Yes',	'system',	1623196990),
(1,	-1,	'VTR-2351',	'system',	1623196990),
(1,	5,	'187.313.5733 x26229',	'system',	1689964049),
(1,	6,	'tester.tester@fake-email.com',	'system',	1689964049),
(1,	8,	'West Floydborough, Colorado',	'system',	1689964049),
(1,	16,	'(133) 152-1327',	'system',	1623196990),
(1,	23,	'Product Liaison',	'system',	1689964049),
(1,	27,	'Yes',	'DevConsoleWorkflow',	1663857775),
(1,	28,	'https://localhost/LEAF_Request_Portal/?a=printview&recordID=269',	'DevConsoleWorkflow',	1663857775),
(2,	-2,	'Yes',	'system',	1623606593),
(2,	-1,	'VTR-931',	'system',	1623606593),
(2,	5,	'1-706-722-8380',	'system',	1623606593),
(2,	6,	'Tracy.O\'Hane0@fake-email.com',	'system',	1623606593),
(2,	8,	'Hirtheville, Tennessee',	'system',	1623606593),
(2,	16,	'295-356-6010',	'system',	1623606593),
(2,	23,	'Senior Manager',	'system',	1623606593),
(3,	-2,	'Yes',	'system',	1623606595),
(3,	-1,	'VTR-2013',	'system',	1623606595),
(3,	5,	'1-621-512-0990',	'system',	1623606595),
(3,	6,	'Spencer.Kutch-Kutch@fake-email.com',	'system',	1623606595),
(3,	8,	'North Richie, Louisiana',	'system',	1623606595),
(3,	16,	'277-670-8183',	'system',	1623606595),
(3,	23,	'Marketing Analyst',	'system',	1623606595),
(4,	-2,	'Yes',	'system',	1623606597),
(4,	-1,	'VTR-2275',	'system',	1623606597),
(4,	1,	'IMG_2703.jpg',	'system',	1578406089),
(4,	5,	'151-364-9387 x6497',	'system',	1623606597),
(4,	6,	'P\'huong.Schultz20@fake-email.com',	'system',	1623606597),
(4,	8,	'North Berylberg, Nebraska',	'system',	1623606597),
(4,	16,	'595.287.3786',	'system',	1623606597),
(4,	23,	'Accounting Manager',	'system',	1623606597),
(5,	-2,	'Yes',	'system',	1623606599),
(5,	-1,	'VTR-2762',	'system',	1623606599),
(5,	5,	'(586) 622-9177 x8266',	'system',	1623606599),
(5,	6,	'Esteban-Esteban.Simonis@fake-email.com',	'system',	1623606599),
(5,	8,	'New Monteport, Wisconsin',	'system',	1623606599),
(5,	16,	'1-499-893-8533',	'system',	1623606599),
(5,	23,	'Dynamic Mining Supervisor',	'system',	1623606599),
(6,	-2,	'Yes',	'system',	1623606601),
(6,	-1,	'VTR-6075',	'system',	1623606601),
(6,	5,	'1-377-877-0632',	'system',	1623606601),
(6,	6,	'Irwin.Wintheiser@fake-email.com',	'system',	1623606601),
(6,	8,	'Rutherfordberg, Iowa',	'system',	1623606601),
(6,	16,	'1-108-437-3455',	'system',	1623606601),
(6,	23,	'IT Designer',	'system',	1623606601),
(7,	-2,	'Yes',	'system',	1623606603),
(7,	-1,	'VTR-6992',	'system',	1623606603),
(7,	5,	'(957) 444-8976 x93677',	'system',	1623606603),
(7,	6,	'Loyd.Cartwright10@fake-email.com',	'system',	1623606603),
(7,	8,	'West Yingbury, Oklahoma',	'system',	1623606603),
(7,	16,	'1-685-347-6844',	'system',	1623606603),
(7,	23,	'District Community-Services Facilitator',	'system',	1623606603),
(8,	-2,	'Yes',	'system',	1623606605),
(8,	-1,	'VTR-1967',	'system',	1623606605),
(8,	5,	'289-442-0997 x820',	'system',	1623606605),
(8,	6,	'Verne.Ledner@fake-email.com',	'system',	1623606605),
(8,	8,	'East Sheltonview, Idaho',	'system',	1623606605),
(8,	16,	'931-858-8365',	'system',	1623606605),
(8,	23,	'Advertising Strategist',	'system',	1623606605),
(9,	-2,	'Yes',	'system',	1623606607),
(9,	-1,	'VTR-9744',	'system',	1623606607),
(9,	5,	'237-714-8196 x211',	'system',	1623606607),
(9,	6,	'Rayford.Douglas@fake-email.com',	'system',	1623606607),
(9,	8,	'Ziemannton, South Dakota',	'system',	1623606607),
(9,	16,	'(990) 997-7894',	'system',	1623606607),
(9,	23,	'Corporate Hospitality Administrator',	'system',	1623606607),
(10,	-2,	'Yes',	'system',	1623606609),
(10,	-1,	'VTR-1117',	'system',	1623606609),
(10,	5,	'1-194-400-2677 x7943',	'system',	1623606609),
(10,	6,	'rwin.Aufderhar@fake-email.com',	'system',	1623606609),
(10,	8,	'North Eugene, Arkansas',	'system',	1623606609),
(10,	16,	'1-588-349-1833',	'system',	1623606609),
(10,	23,	'Hospitality Manager',	'system',	1623606609),
(11,	-2,	'Yes',	'system',	1623606611),
(11,	-1,	'VTR-3779',	'system',	1623606611),
(11,	5,	'(238) 599-5702 x77595',	'system',	1623606611),
(11,	6,	'Ris.Keebler@fake-email.com',	'system',	1623606611),
(11,	8,	'East Asa, West Virginia',	'system',	1623606611),
(11,	16,	'678-557-8637',	'system',	1623606611),
(11,	23,	'Education Representative',	'system',	1623606611),
(12,	-2,	'Yes',	'system',	1623606613),
(12,	-1,	'VTR-5783',	'system',	1623606613),
(12,	5,	'1-637-778-5635 x594',	'system',	1623606613),
(12,	6,	'Derick.Murazik@fake-email.com',	'system',	1623606613),
(12,	8,	'Robertoton, Kentucky',	'system',	1623606613),
(12,	16,	'159-882-7626',	'system',	1623606613),
(12,	23,	'Internal Technology Assistant',	'system',	1623606613),
(13,	-2,	'Yes',	'system',	1623606615),
(13,	-1,	'VTR-9220',	'system',	1623606615),
(13,	5,	'238-950-0881 x263',	'system',	1623606615),
(13,	6,	'Tena.Collier@fake-email.com',	'system',	1623606615),
(13,	8,	'North Elfreda, Kentucky',	'system',	1623606615),
(13,	16,	'285.328.7905',	'system',	1623606615),
(13,	23,	'Manufacturing Designer',	'system',	1623606615),
(14,	-2,	'Yes',	'system',	1623606618),
(14,	-1,	'VTR-8170',	'system',	1623606618),
(14,	5,	'1-917-000-9981 x679',	'system',	1623606618),
(14,	6,	'Sherlyn.Nicolas@fake-email.com',	'system',	1623606618),
(14,	8,	'Joeport, Indiana',	'system',	1623606618),
(14,	16,	'1-763-272-6481',	'system',	1623606618),
(14,	23,	'Direct IT Director',	'system',	1623606618),
(15,	-2,	'Yes',	'system',	1623606619),
(15,	-1,	'VTR-7104',	'system',	1623606619),
(15,	5,	'(874) 680-8624',	'system',	1623606619),
(15,	6,	'Sammie-Hg.Nolan@fake-email.com',	'system',	1623606619),
(15,	8,	'South Feltonbury, Alabama',	'system',	1623606619),
(15,	16,	'765.694.1245',	'system',	1623606619),
(15,	23,	'Healthcare Technician',	'system',	1623606619),
(16,	-2,	'Yes',	'system',	1623606621),
(16,	-1,	'VTR-6161',	'system',	1623606621),
(16,	5,	'(817) 943-4876 x0410',	'system',	1623606621),
(16,	6,	'Regena.Heathcote@fake-email.com',	'system',	1623606621),
(16,	8,	'Lake Karlynside, New Hampshire',	'system',	1623606621),
(16,	16,	'(685) 403-0044',	'system',	1623606621),
(16,	23,	'Banking Administrator',	'system',	1623606621),
(17,	-2,	'Yes',	'system',	1623606624),
(17,	-1,	'VTR-9049',	'system',	1623606624),
(17,	5,	'239.559.9537',	'system',	1623606624),
(17,	6,	'Cecily.Spinka@fake-email.com',	'system',	1623606624),
(17,	8,	'Lednerfort, Oregon',	'system',	1623606624),
(17,	16,	'(856) 117-0307',	'system',	1623606624),
(17,	23,	'Human Real-Estate Assistant',	'system',	1623606624),
(18,	-2,	'Yes',	'system',	1623606626),
(18,	-1,	'VTR-8077',	'system',	1623606626),
(18,	5,	'(935) 348-5576',	'system',	1623606626),
(18,	6,	'Jarvis.Kshlerin@fake-email.com',	'system',	1623606626),
(18,	8,	'East Stephen, Connecticut',	'system',	1623606626),
(18,	16,	'249-848-8200',	'system',	1623606626),
(18,	23,	'Internal Administrator',	'system',	1623606626),
(19,	-2,	'Yes',	'system',	1623606628),
(19,	-1,	'VTR-6064',	'system',	1623606628),
(19,	5,	'(192) 704-1975 x5611',	'system',	1623606628),
(19,	6,	'Marjory.Tromp@fake-email.com',	'system',	1623606628),
(19,	8,	'Ullrichborough, Nevada',	'system',	1623606628),
(19,	16,	'570-302-9127',	'system',	1623606628),
(19,	23,	'Human Supervisor',	'system',	1623606628),
(20,	-2,	'Yes',	'system',	1623606630),
(20,	-1,	'VTR-991',	'system',	1623606630),
(20,	5,	'(422) 782-5191 x16308',	'system',	1623606630),
(20,	6,	'Ivana.Jenkins@fake-email.com',	'system',	1623606630),
(20,	8,	'New Zachery, Connecticut',	'system',	1623606630),
(20,	16,	'153-697-7668',	'system',	1623606630),
(20,	23,	'Lead Engineer',	'system',	1623606630),
(21,	-2,	'Yes',	'system',	1623606632),
(21,	-1,	'VTR-1571',	'system',	1623606632),
(21,	5,	'162-454-7146',	'system',	1623606632),
(21,	6,	'Harvey.Smith@fake-email.com',	'system',	1623606632),
(21,	8,	'West Era, Ohio',	'system',	1623606632),
(21,	16,	'(195) 984-2165',	'system',	1623606632),
(21,	23,	'Education Assistant',	'system',	1623606632),
(22,	-2,	'Yes',	'system',	1623606635),
(22,	-1,	'VTR-8621',	'system',	1623606635),
(22,	5,	'185.015.7525 x21723',	'system',	1623606635),
(22,	6,	'Raymond.Ortiz@fake-email.com',	'system',	1623606635),
(22,	8,	'Ellischester, Vermont',	'system',	1623606635),
(22,	16,	'(915) 282-1514',	'system',	1623606635),
(22,	23,	'International Real-Estate Orchestrator',	'system',	1623606635),
(23,	-2,	'Yes',	'system',	1623606636),
(23,	-1,	'VTR-8870',	'system',	1623606636),
(23,	5,	'461.133.6110 x51148',	'system',	1623606636),
(23,	6,	'Neil.Brown@fake-email.com',	'system',	1623606636),
(23,	8,	'New Frida, New Jersey',	'system',	1623606636),
(23,	16,	'(679) 768-8331',	'system',	1623606636),
(23,	23,	'Real-Estate Engineer',	'system',	1623606636),
(24,	-2,	'Yes',	'system',	1623606639),
(24,	-1,	'VTR-2803',	'system',	1623606639),
(24,	5,	'290.116.4369 x745',	'system',	1623606639),
(24,	6,	'Danial.Conn@fake-email.com',	'system',	1623606639),
(24,	8,	'Roweton, Alabama',	'system',	1623606639),
(24,	16,	'1-286-219-3683',	'system',	1623606639),
(24,	23,	'Investor Accounting Engineer',	'system',	1623606639),
(25,	-2,	'Yes',	'system',	1623606641),
(25,	-1,	'VTR-4504',	'system',	1623606641),
(25,	5,	'904-349-6159 x6454',	'system',	1623606641),
(25,	6,	'Dorian.Balistreri@fake-email.com',	'system',	1623606641),
(25,	8,	'New Gayleneland, Georgia',	'system',	1623606641),
(25,	16,	'826.053.3602',	'system',	1623606641),
(25,	23,	'Principal Producer',	'system',	1623606641),
(26,	-2,	'Yes',	'system',	1623606643),
(26,	-1,	'VTR-7272',	'system',	1623606643),
(26,	5,	'1-843-607-2053',	'system',	1623606643),
(26,	6,	'Misty.Murray@fake-email.com',	'system',	1623606643),
(26,	8,	'East Arlenaburgh, Nevada',	'system',	1623606643),
(26,	16,	'378-619-8909',	'system',	1623606643),
(26,	23,	'Central Advertising Liaison',	'system',	1623606643),
(27,	-2,	'Yes',	'system',	1623606645),
(27,	-1,	'VTR-6545',	'system',	1623606645),
(27,	5,	'271.242.5274 x70068',	'system',	1623606645),
(27,	6,	'Boyd.Schaden@fake-email.com',	'system',	1623606645),
(27,	8,	'Port Bernard, Idaho',	'system',	1623606645),
(27,	16,	'167-264-9942',	'system',	1623606645),
(27,	23,	'Advertising Associate',	'system',	1623606645),
(28,	-2,	'Yes',	'system',	1623606647),
(28,	-1,	'VTR-6001',	'system',	1623606647),
(28,	5,	'(705) 039-9941 x5426',	'system',	1623606647),
(28,	6,	'Flossie.McLaughlin@fake-email.com',	'system',	1623606647),
(28,	8,	'Wintheisermouth, Rhode Island',	'system',	1623606647),
(28,	16,	'(287) 403-6704',	'system',	1623606647),
(28,	23,	'Hospitality Strategist',	'system',	1623606647),
(29,	-2,	'Yes',	'system',	1623606648),
(29,	-1,	'VTR-8432',	'system',	1623606648),
(29,	5,	'(299) 937-1507 x76610',	'system',	1623606648),
(29,	6,	'Reggie.Jast@fake-email.com',	'system',	1623606648),
(29,	8,	'Port Raymundoberg, Oklahoma',	'system',	1623606648),
(29,	16,	'(196) 295-6384',	'system',	1623606648),
(29,	23,	'Manufacturing Developer',	'system',	1623606648),
(30,	-2,	'Yes',	'system',	1623606651),
(30,	-1,	'VTR-8463',	'system',	1623606651),
(30,	5,	'(937) 348-5573 x242',	'system',	1623606651),
(30,	6,	'Domenic.Halvorson@fake-email.com',	'system',	1623606651),
(30,	8,	'Calvintown, California',	'system',	1623606651),
(30,	16,	'(102) 512-0474',	'system',	1623606651),
(30,	23,	'Corporate Real-Estate Facilitator',	'system',	1623606651),
(31,	-2,	'Yes',	'system',	1623606653),
(31,	-1,	'VTR-3959',	'system',	1623606653),
(31,	5,	'1-265-117-4053 x79045',	'system',	1623606653),
(31,	6,	'Margo.Schaefer@fake-email.com',	'system',	1623606653),
(31,	8,	'Lake Jeanna, Maine',	'system',	1623606653),
(31,	16,	'524-560-0545',	'system',	1623606653),
(31,	23,	'Senior Healthcare Specialist',	'system',	1623606653),
(32,	-2,	'Yes',	'system',	1623606655),
(32,	-1,	'VTR-9399',	'system',	1623606655),
(32,	5,	'(366) 800-4950 x905',	'system',	1623606655),
(32,	6,	'Scotty.Cremin@fake-email.com',	'system',	1623606655),
(32,	8,	'Gerardoborough, Massachusetts',	'system',	1623606655),
(32,	16,	'241.617.7285',	'system',	1623606655),
(32,	23,	'Education Analyst',	'system',	1623606655),
(33,	-2,	'Yes',	'system',	1623606657),
(33,	-1,	'VTR-7277',	'system',	1623606657),
(33,	5,	'800.942.9602 x384',	'system',	1623606657),
(33,	6,	'Lucius.Boyle@fake-email.com',	'system',	1623606657),
(33,	8,	'Doyleville, Utah',	'system',	1623606657),
(33,	16,	'281.348.3766',	'system',	1623606657),
(33,	23,	'International Designer',	'system',	1623606657),
(34,	-2,	'Yes',	'system',	1623606660),
(34,	-1,	'VTR-577',	'system',	1623606660),
(34,	5,	'349-439-5969',	'system',	1623606660),
(34,	6,	'Seema.Lind@fake-email.com',	'system',	1623606660),
(34,	8,	'East Reedville, Michigan',	'system',	1623606660),
(34,	16,	'1-495-395-1828',	'system',	1623606660),
(34,	23,	'Investor Specialist',	'system',	1623606660),
(35,	-2,	'Yes',	'system',	1623606662),
(35,	-1,	'VTR-7798',	'system',	1623606662),
(35,	5,	'551-751-2832 x58856',	'system',	1623606662),
(35,	6,	'Fausto.Dibbert@fake-email.com',	'system',	1623606662),
(35,	8,	'New Hermila, New Hampshire',	'system',	1623606662),
(35,	16,	'(730) 385-4453',	'system',	1623606662),
(35,	23,	'Legal Liaison',	'system',	1623606662),
(36,	-2,	'Yes',	'system',	1623197202),
(36,	-1,	'VTR-260',	'system',	1623197202),
(36,	5,	'654.428.6179',	'system',	1623606664),
(36,	6,	'Terese.Donnelly@fake-email.com',	'system',	1623197202),
(36,	8,	'Earlietown, Maryland',	'system',	1623197202),
(36,	16,	'1-348-637-1054',	'system',	1623197202),
(36,	23,	'Healthcare Consultant',	'system',	1623197202),
(37,	-2,	'Yes',	'system',	1623606666),
(37,	-1,	'VTR-279',	'system',	1623606666),
(37,	5,	'(931) 144-7998 x55139',	'system',	1623606666),
(37,	6,	'Walter.Sipes@fake-email.com',	'system',	1623606666),
(37,	8,	'Mosciskiport, Idaho',	'system',	1623606666),
(37,	16,	'1-522-062-5416',	'system',	1623606666),
(37,	23,	'Consulting Consultant',	'system',	1623606666),
(38,	-2,	'Yes',	'system',	1623606668),
(38,	-1,	'VTR-4525',	'system',	1623606668),
(38,	5,	'(551) 237-2522 x8088',	'system',	1623606668),
(38,	6,	'Rae.Gleichner@fake-email.com',	'system',	1623606668),
(38,	8,	'New Stefan, Vermont',	'system',	1623606668),
(38,	16,	'(322) 573-6117',	'system',	1623606668),
(38,	23,	'Legal Orchestrator',	'system',	1623606668),
(39,	-2,	'Yes',	'system',	1623606669),
(39,	-1,	'VTR-4399',	'system',	1623606669),
(39,	5,	'1-676-547-3108 x254',	'system',	1623606669),
(39,	6,	'Rhona.Goodwin@fake-email.com',	'system',	1623606669),
(39,	8,	'Patriciaborough, Oklahoma',	'system',	1623606669),
(39,	16,	'(199) 717-5369',	'system',	1623606669),
(39,	23,	'Principal Banking Manager',	'system',	1623606669),
(40,	-2,	'Yes',	'system',	1623606671),
(40,	-1,	'VTR-4245',	'system',	1623606671),
(40,	5,	'1-483-405-1196 x247',	'system',	1623606671),
(40,	6,	'Hilary.Zboncak@fake-email.com',	'system',	1623606671),
(40,	8,	'Gerardoville, Hawaii',	'system',	1623606671),
(40,	16,	'1-950-965-3674',	'system',	1623606671),
(40,	23,	'Legacy Banking Technician',	'system',	1623606671),
(41,	-2,	'Yes',	'system',	1623606673),
(41,	-1,	'VTR-2566',	'system',	1623606673),
(41,	5,	'1-477-229-7440 x561',	'system',	1623606673),
(41,	6,	'Florencio.DuBuque@fake-email.com',	'system',	1623606673),
(41,	8,	'New Laurieside, Wisconsin',	'system',	1623606673),
(41,	16,	'158-577-9817',	'system',	1623606673),
(41,	23,	'Community-Services Associate',	'system',	1623606673),
(42,	-2,	'Yes',	'system',	1623606675),
(42,	-1,	'VTR-6425',	'system',	1623606675),
(42,	5,	'635.686.0255 x79017',	'system',	1623606675),
(42,	6,	'Lavern.Gusikowski@fake-email.com',	'system',	1623606675),
(42,	8,	'Dariafurt, Texas',	'system',	1623606675),
(42,	16,	'842-263-7883',	'system',	1623606675),
(42,	23,	'Dynamic Liaison',	'system',	1623606675),
(43,	-2,	'Yes',	'system',	1623606677),
(43,	-1,	'VTR-5139',	'system',	1623606677),
(43,	5,	'456-018-2501 x63665',	'system',	1623606677),
(43,	6,	'Leora.Predovic@fake-email.com',	'system',	1623606677),
(43,	8,	'Carlomouth, Nebraska',	'system',	1623606677),
(43,	16,	'850.777.6685',	'system',	1623606677),
(43,	23,	'Central Retail Facilitator',	'system',	1623606677),
(44,	-2,	'Yes',	'system',	1623606679),
(44,	-1,	'VTR-3900',	'system',	1623606679),
(44,	5,	'(240) 464-7767',	'system',	1623606679),
(44,	6,	'Scot.Daniel@fake-email.com',	'system',	1623606679),
(44,	8,	'New Stefaniburgh, Nebraska',	'system',	1623606679),
(44,	16,	'1-961-767-5983',	'system',	1623606679),
(44,	23,	'Technology Technician',	'system',	1623606679),
(45,	-2,	'Yes',	'system',	1623606681),
(45,	-1,	'VTR-6006',	'system',	1623606681),
(45,	5,	'(178) 266-5827',	'system',	1623606681),
(45,	6,	'Minh.Okuneva@fake-email.com',	'system',	1623606681),
(45,	8,	'North Alonzo, Arkansas',	'system',	1623606681),
(45,	16,	'799-903-1166',	'system',	1623606681),
(45,	23,	'Mining Producer',	'system',	1623606681),
(46,	-2,	'Yes',	'system',	1623606682),
(46,	-1,	'VTR-8235',	'system',	1623606682),
(46,	5,	'1-617-638-3574 x68939',	'system',	1623606682),
(46,	6,	'Mia.Kirlin@fake-email.com',	'system',	1623606682),
(46,	8,	'Claritaview, North Carolina',	'system',	1623606682),
(46,	16,	'(885) 034-8063',	'system',	1623606682),
(46,	23,	'Senior Developer',	'system',	1623606682),
(47,	-2,	'Yes',	'system',	1623606685),
(47,	-1,	'VTR-6419',	'system',	1623606685),
(47,	5,	'699.592.2260 x757',	'system',	1623606685),
(47,	6,	'Joselyn.Hermiston@fake-email.com',	'system',	1623606685),
(47,	8,	'West Michealfurt, Massachusetts',	'system',	1623606685),
(47,	16,	'(820) 656-2685',	'system',	1623606685),
(47,	23,	'Legal Consultant',	'system',	1623606685),
(48,	-2,	'Yes',	'system',	1623606687),
(48,	-1,	'VTR-8933',	'system',	1623606687),
(48,	5,	'1-830-450-5826 x98632',	'system',	1623606687),
(48,	6,	'Seth.Emard@fake-email.com',	'system',	1623606687),
(48,	8,	'Port Fredricstad, Alaska',	'system',	1623606687),
(48,	16,	'1-340-310-0552',	'system',	1623606687),
(48,	23,	'Marketing Orchestrator',	'system',	1623606687),
(49,	-2,	'Yes',	'system',	1623606689),
(49,	-1,	'VTR-7207',	'system',	1623606689),
(49,	5,	'1-204-626-5427 x030',	'system',	1623606689),
(49,	6,	'Dominick.Schaden@fake-email.com',	'system',	1623606689),
(49,	8,	'Port Catherine, California',	'system',	1623606689),
(49,	16,	'305-151-6405',	'system',	1623606689),
(49,	23,	'Design Supervisor',	'system',	1623606689),
(50,	-2,	'Yes',	'system',	1623197289),
(50,	-1,	'VTR-1935',	'system',	1623197289),
(50,	5,	'(244) 561-0866',	'system',	1623606692),
(50,	6,	'Kelley.Parisian@fake-email.com',	'system',	1623197289),
(50,	8,	'Lake Tatumstad, Wisconsin',	'system',	1623197289),
(50,	16,	'1-285-645-9202',	'system',	1623197289),
(50,	23,	'Direct Real-Estate Director',	'system',	1623197289),
(51,	-2,	'Yes',	'system',	1623606694),
(51,	-1,	'VTR-2877',	'system',	1623606694),
(51,	5,	'348.574.1591',	'system',	1623606694),
(51,	6,	'Marnie.Schiller@fake-email.com',	'system',	1623606694),
(51,	8,	'Port Marcoland, Virginia',	'system',	1623606694),
(51,	16,	'527-345-9082',	'system',	1623606694),
(51,	23,	'Investor Accounting Executive',	'system',	1623606694),
(52,	-2,	'Yes',	'system',	1623606696),
(52,	-1,	'VTR-1952',	'system',	1623606696),
(52,	5,	'686.944.9277',	'system',	1623606696),
(52,	6,	'Winnie.Moore@fake-email.com',	'system',	1623606696),
(52,	8,	'Reinaldoberg, Vermont',	'system',	1623606696),
(52,	16,	'239.190.7703',	'system',	1623606696),
(52,	23,	'IT Manager',	'system',	1623606696),
(53,	-2,	'Yes',	'system',	1623606698),
(53,	-1,	'VTR-5089',	'system',	1623606698),
(53,	5,	'231.080.7191',	'system',	1623606698),
(53,	6,	'Viviana.Nicolas@fake-email.com',	'system',	1623606698),
(53,	8,	'Winifredview, Alabama',	'system',	1623606698),
(53,	16,	'1-604-317-4291',	'system',	1623606698),
(53,	23,	'Legacy Architect',	'system',	1623606698),
(54,	-2,	'Yes',	'system',	1623606700),
(54,	-1,	'VTR-6105',	'system',	1623606700),
(54,	5,	'1-289-856-3462 x91396',	'system',	1623606700),
(54,	6,	'Geoffrey.Little@fake-email.com',	'system',	1623606700),
(54,	8,	'Reneeville, Rhode Island',	'system',	1623606700),
(54,	16,	'400.755.8760',	'system',	1623606700),
(54,	23,	'Retail Officer',	'system',	1623606700),
(55,	-2,	'Yes',	'system',	1623606702),
(55,	-1,	'VTR-6966',	'system',	1623606702),
(55,	5,	'(394) 594-1153',	'system',	1623606702),
(55,	6,	'Alice.Lemke@fake-email.com',	'system',	1623606702),
(55,	8,	'West Lionelfurt, Georgia',	'system',	1623606702),
(55,	16,	'929-121-2779',	'system',	1623606702),
(55,	23,	'Design Strategist',	'system',	1623606702),
(56,	-2,	'Yes',	'system',	1623606704),
(56,	-1,	'VTR-3986',	'system',	1623606704),
(56,	5,	'(305) 591-3321 x068',	'system',	1623606704),
(56,	6,	'Glayds.Casper@fake-email.com',	'system',	1623606704),
(56,	8,	'Brittnifort, Massachusetts',	'system',	1623606704),
(56,	16,	'(227) 836-9454',	'system',	1623606704),
(56,	23,	'Mining Engineer',	'system',	1623606704),
(57,	-2,	'Yes',	'system',	1623606706),
(57,	-1,	'VTR-1261',	'system',	1623606706),
(57,	5,	'267-074-4664 x341',	'system',	1623606706),
(57,	6,	'Jonah.Kilback@fake-email.com',	'system',	1623606706),
(57,	8,	'Greenholtborough, California',	'system',	1623606706),
(57,	16,	'1-836-346-7790',	'system',	1623606706),
(57,	23,	'Lead Technology Facilitator',	'system',	1623606706),
(58,	-2,	'Yes',	'system',	1623606708),
(58,	-1,	'VTR-3631',	'system',	1623606708),
(58,	5,	'(362) 190-2111 x50320',	'system',	1623606708),
(58,	6,	'Dorsey.Fritsch@fake-email.com',	'system',	1623606708),
(58,	8,	'South Luke, Massachusetts',	'system',	1623606708),
(58,	16,	'454.355.9598',	'system',	1623606708),
(58,	23,	'District Retail Analyst',	'system',	1623606708),
(59,	-2,	'Yes',	'system',	1623606710),
(59,	-1,	'VTR-1784',	'system',	1623606710),
(59,	5,	'584.466.4849 x175',	'system',	1623606710),
(59,	6,	'Leonida.Hintz@fake-email.com',	'system',	1623606710),
(59,	8,	'Erminiamouth, New Mexico',	'system',	1623606710),
(59,	16,	'1-104-603-8871',	'system',	1623606710),
(59,	23,	'Technology Administrator',	'system',	1623606710),
(60,	-2,	'Yes',	'system',	1623606713),
(60,	-1,	'VTR-371',	'system',	1623606713),
(60,	5,	'811-391-7096 x070',	'system',	1623606713),
(60,	6,	'Beau.Huels@fake-email.com',	'system',	1623606713),
(60,	8,	'Port Rachalchester, Rhode Island',	'system',	1623606713),
(60,	16,	'1-784-177-5569',	'system',	1623606713),
(60,	23,	'District Accounting Director',	'system',	1623606713),
(61,	-2,	'Yes',	'system',	1623606715),
(61,	-1,	'VTR-7892',	'system',	1623606715),
(61,	5,	'1-458-251-2692 x049',	'system',	1623606715),
(61,	6,	'Joaquina.Kohler@fake-email.com',	'system',	1623606715),
(61,	8,	'West Hunter, Oklahoma',	'system',	1623606715),
(61,	16,	'(435) 353-3629',	'system',	1623606715),
(61,	23,	'Central Construction Producer',	'system',	1623606715),
(62,	-2,	'Yes',	'system',	1623606717),
(62,	-1,	'VTR-204',	'system',	1623606717),
(62,	5,	'303.948.6142 x88781',	'system',	1623606717),
(62,	6,	'Roger.Reilly@fake-email.com',	'system',	1623606717),
(62,	8,	'Kilbacktown, Massachusetts',	'system',	1623606717),
(62,	16,	'1-545-301-7402',	'system',	1623606717),
(62,	23,	'Principal Orchestrator',	'system',	1623606717),
(63,	-2,	'Yes',	'system',	1623606719),
(63,	-1,	'VTR-4084',	'system',	1623606719),
(63,	5,	'1-994-591-6679',	'system',	1623606719),
(63,	6,	'Danyelle.Zulauf@fake-email.com',	'system',	1623606719),
(63,	8,	'New Claudetteburgh, Utah',	'system',	1623606719),
(63,	16,	'(891) 591-0848',	'system',	1623606719),
(63,	23,	'Education Strategist',	'system',	1623606719),
(64,	-2,	'Yes',	'system',	1623606721),
(64,	-1,	'VTR-7004',	'system',	1623606721),
(64,	5,	'1-261-244-8942',	'system',	1623606721),
(64,	6,	'Morton.Anderson@fake-email.com',	'system',	1623606721),
(64,	8,	'New Jenette, Virginia',	'system',	1623606721),
(64,	16,	'1-814-621-2705',	'system',	1623606721),
(64,	23,	'Product Producer',	'system',	1623606721),
(65,	-2,	'Yes',	'system',	1623606722),
(65,	-1,	'VTR-5675',	'system',	1623606722),
(65,	5,	'990.580.6461 x7877',	'system',	1623606722),
(65,	6,	'Elden.Kuhic@fake-email.com',	'system',	1623606722),
(65,	8,	'New Darrel, Alaska',	'system',	1623606722),
(65,	16,	'592.702.1217',	'system',	1623606722),
(65,	23,	'Retail Technician',	'system',	1623606722),
(66,	-2,	'Yes',	'system',	1623606725),
(66,	-1,	'VTR-8144',	'system',	1623606725),
(66,	5,	'523-346-5708',	'system',	1623606725),
(66,	6,	'Delorse.Schmitt@fake-email.com',	'system',	1623606725),
(66,	8,	'Lake Hai, Washington',	'system',	1623606725),
(66,	16,	'820-032-3701',	'system',	1623606725),
(66,	23,	'Chief Mining Coordinator',	'system',	1623606725),
(67,	-2,	'Yes',	'system',	1623606728),
(67,	-1,	'VTR-4888',	'system',	1623606728),
(67,	5,	'918.364.8654 x25056',	'system',	1623606728),
(67,	6,	'Agueda.Howell@fake-email.com',	'system',	1623606728),
(67,	8,	'North Daphneville, Vermont',	'system',	1623606728),
(67,	16,	'(527) 865-2497',	'system',	1623606728),
(67,	23,	'District Hospitality Strategist',	'system',	1623606728),
(68,	-2,	'Yes',	'system',	1623606730),
(68,	-1,	'VTR-3431',	'system',	1623606730),
(68,	5,	'(504) 891-6306 x4425',	'system',	1623606730),
(68,	6,	'Dong.Harber@fake-email.com',	'system',	1623606730),
(68,	8,	'Clementefurt, South Dakota',	'system',	1623606730),
(68,	16,	'(650) 521-1874',	'system',	1623606730),
(68,	23,	'International Government Representative',	'system',	1623606730),
(69,	-2,	'Yes',	'system',	1623606731),
(69,	-1,	'VTR-6440',	'system',	1623606731),
(69,	5,	'(655) 265-3438 x829',	'system',	1623606731),
(69,	6,	'Omar.Marvin@fake-email.com',	'system',	1623606731),
(69,	8,	'Port Myrtieville, Iowa',	'system',	1623606731),
(69,	16,	'756-916-9224',	'system',	1623606731),
(69,	23,	'International Hospitality Architect',	'system',	1623606731),
(70,	-2,	'Yes',	'system',	1623606734),
(70,	-1,	'VTR-1966',	'system',	1623606734),
(70,	5,	'(106) 251-1220',	'system',	1623606734),
(70,	6,	'Telma.Kulas@fake-email.com',	'system',	1623606734),
(70,	8,	'Shaunshire, Tennessee',	'system',	1623606734),
(70,	16,	'234.835.0456',	'system',	1623606734),
(70,	23,	'Community-Services Facilitator',	'system',	1623606734),
(71,	-2,	'Yes',	'system',	1623606736),
(71,	-1,	'VTR-5532',	'system',	1623606736),
(71,	5,	'1-225-082-3982 x033',	'system',	1623606736),
(71,	6,	'Malik.Heller@fake-email.com',	'system',	1623606736),
(71,	8,	'Lake Lucasbury, Wyoming',	'system',	1623606736),
(71,	16,	'793.001.9788',	'system',	1623606736),
(71,	23,	'Senior Real-Estate Analyst',	'system',	1623606736),
(72,	-2,	'Yes',	'system',	1623606738),
(72,	-1,	'VTR-9801',	'system',	1623606738),
(72,	5,	'765-431-6439 x629',	'system',	1623606738),
(72,	6,	'Kimberlee.Bernhard@fake-email.com',	'system',	1623606738),
(72,	8,	'South Jeffersonfurt, Nebraska',	'system',	1623606738),
(72,	16,	'(359) 103-3191',	'system',	1623606738),
(72,	23,	'Manufacturing Officer',	'system',	1623606738),
(73,	-2,	'Yes',	'system',	1623606740),
(73,	-1,	'VTR-1025',	'system',	1623606740),
(73,	5,	'811-490-7503 x531',	'system',	1623606740),
(73,	6,	'Wonda.Predovic@fake-email.com',	'system',	1623606740),
(73,	8,	'North Ettie, Kentucky',	'system',	1623606740),
(73,	16,	'108-150-2192',	'system',	1623606740),
(73,	23,	'Regional Designer',	'system',	1623606740),
(74,	-2,	'Yes',	'system',	1623606742),
(74,	-1,	'VTR-1044',	'system',	1623606742),
(74,	5,	'169-289-2336 x899',	'system',	1623606742),
(74,	6,	'Carmine.Considine@fake-email.com',	'system',	1623606742),
(74,	8,	'Spencermouth, Arizona',	'system',	1623606742),
(74,	16,	'(552) 594-4379',	'system',	1623606742),
(74,	23,	'Banking Supervisor',	'system',	1623606742),
(75,	-2,	'Yes',	'system',	1623606743),
(75,	-1,	'VTR-1098',	'system',	1623606743),
(75,	5,	'253.125.8733 x08420',	'system',	1623606743),
(75,	6,	'Brandee.Leuschke@fake-email.com',	'system',	1623606743),
(75,	8,	'Heaneybury, Wyoming',	'system',	1623606743),
(75,	16,	'946-123-3954',	'system',	1623606743),
(75,	23,	'Healthcare Architect',	'system',	1623606743),
(76,	-2,	'Yes',	'system',	1623606745),
(76,	-1,	'VTR-7785',	'system',	1623606745),
(76,	5,	'306-868-3530 x5011',	'system',	1623606745),
(76,	6,	'Sarina.Tromp@fake-email.com',	'system',	1623606745),
(76,	8,	'Torphybury, North Dakota',	'system',	1623606745),
(76,	16,	'575.694.5019',	'system',	1623606745),
(76,	23,	'Senior Government Administrator',	'system',	1623606745),
(77,	-2,	'Yes',	'system',	1623606747),
(77,	-1,	'VTR-4748',	'system',	1623606747),
(77,	5,	'(781) 215-0193',	'system',	1623606747),
(77,	6,	'Erasmo.Green@fake-email.com',	'system',	1623606747),
(77,	8,	'West Louieburgh, Ohio',	'system',	1623606747),
(77,	16,	'1-428-400-9253',	'system',	1623606747),
(77,	23,	'District Education Analyst',	'system',	1623606747),
(78,	-2,	'Yes',	'system',	1623606749),
(78,	-1,	'VTR-8439',	'system',	1623606749),
(78,	5,	'339-933-6140',	'system',	1623606749),
(78,	6,	'Karry.Monahan@fake-email.com',	'system',	1623606749),
(78,	8,	'Lavernmouth, Missouri',	'system',	1623606749),
(78,	16,	'(871) 574-1425',	'system',	1623606749),
(78,	23,	'International IT Representative',	'system',	1623606749),
(79,	-2,	'Yes',	'system',	1623606751),
(79,	-1,	'VTR-9427',	'system',	1623606751),
(79,	5,	'405-714-9290 x1261',	'system',	1623606751),
(79,	6,	'Gilbert.Jacobs@fake-email.com',	'system',	1623606751),
(79,	8,	'Conroyside, Maine',	'system',	1623606751),
(79,	16,	'378-630-6405',	'system',	1623606751),
(79,	23,	'Chief Marketing Specialist',	'system',	1623606751),
(80,	-2,	'Yes',	'system',	1623606753),
(80,	-1,	'VTR-9181',	'system',	1623606753),
(80,	5,	'(254) 236-6050 x247',	'system',	1623606753),
(80,	6,	'Shari.Bergnaum@fake-email.com',	'system',	1623606753),
(80,	8,	'North Cameronfurt, Alaska',	'system',	1623606753),
(80,	16,	'(412) 829-7831',	'system',	1623606753),
(80,	23,	'Product Consulting Liaison',	'system',	1623606753),
(81,	-2,	'Yes',	'system',	1623606755),
(81,	-1,	'VTR-4719',	'system',	1623606755),
(81,	5,	'(467) 042-8860 x62858',	'system',	1623606755),
(81,	6,	'Joann.Rempel@fake-email.com',	'system',	1623606755),
(81,	8,	'Andersonside, New York',	'system',	1623606755),
(81,	16,	'(550) 481-7603',	'system',	1623606755),
(81,	23,	'Mining Agent',	'system',	1623606755),
(82,	-2,	'Yes',	'system',	1623606756),
(82,	-1,	'VTR-1614',	'system',	1623606756),
(82,	5,	'553.815.3771 x3276',	'system',	1623606756),
(82,	6,	'Mia.McClure@fake-email.com',	'system',	1623606756),
(82,	8,	'Daughertystad, Georgia',	'system',	1623606756),
(82,	16,	'1-143-104-8972',	'system',	1623606756),
(82,	23,	'Senior Assistant',	'system',	1623606756),
(83,	-2,	'Yes',	'system',	1623606759),
(83,	-1,	'VTR-6674',	'system',	1623606759),
(83,	5,	'(610) 593-8863 x880',	'system',	1623606759),
(83,	6,	'Jody.Brekke@fake-email.com',	'system',	1623606759),
(83,	8,	'East Donovanfort, Oklahoma',	'system',	1623606759),
(83,	16,	'(702) 057-0355',	'system',	1623606759),
(83,	23,	'Corporate Marketing Associate',	'system',	1623606759),
(84,	-2,	'Yes',	'system',	1623606762),
(84,	-1,	'VTR-4843',	'system',	1623606762),
(84,	5,	'1-830-140-3358 x0024',	'system',	1623606762),
(84,	6,	'Leo.Effertz@fake-email.com',	'system',	1623606762),
(84,	8,	'MacGyverstad, Iowa',	'system',	1623606762),
(84,	16,	'(657) 816-5601',	'system',	1623606762),
(84,	23,	'Accounting Liaison',	'system',	1623606762),
(85,	-2,	'Yes',	'system',	1623606764),
(85,	-1,	'VTR-91',	'system',	1623606764),
(85,	5,	'(906) 355-4720 x51057',	'system',	1623606764),
(85,	6,	'Ryan.Kuphal@fake-email.com',	'system',	1623606764),
(85,	8,	'Smithammouth, Oklahoma',	'system',	1623606764),
(85,	16,	'(278) 007-7717',	'system',	1623606764),
(85,	23,	'Construction Administrator',	'system',	1623606764),
(86,	-2,	'Yes',	'system',	1623606766),
(86,	-1,	'VTR-8751',	'system',	1623606766),
(86,	1,	'2012-01-25 10.39.05.jpg',	'system',	1578406094),
(86,	5,	'913-185-2133',	'system',	1623606766),
(86,	6,	'Cristopher.Cummings@fake-email.com',	'system',	1623606766),
(86,	8,	'Port Robmouth, Nebraska',	'system',	1623606766),
(86,	16,	'964-798-5616',	'system',	1623606766),
(86,	23,	'IT Manager',	'system',	1623606766),
(87,	-2,	'Yes',	'system',	1623606768),
(87,	-1,	'VTR-5788',	'system',	1623606768),
(87,	5,	'(661) 066-0058 x741',	'system',	1623606768),
(87,	6,	'Adam.Bauch@fake-email.com',	'system',	1623606768),
(87,	8,	'Lake Manuel, Texas',	'system',	1623606768),
(87,	16,	'1-914-910-6846',	'system',	1623606768),
(87,	23,	'Legal Associate',	'system',	1623606768),
(88,	-2,	'Yes',	'system',	1623606771),
(88,	-1,	'VTR-2463',	'system',	1623606771),
(88,	5,	'196-500-2883 x9797',	'system',	1623606771),
(88,	6,	'Ernest.Altenwerth@fake-email.com',	'system',	1623606771),
(88,	8,	'Robertoborough, Vermont',	'system',	1623606771),
(88,	16,	'141.060.5873',	'system',	1623606771),
(88,	23,	'Technology Agent',	'system',	1623606771),
(89,	-2,	'Yes',	'system',	1623606773),
(89,	-1,	'VTR-480',	'system',	1623606773),
(89,	5,	'(216) 922-6442',	'system',	1623606773),
(89,	6,	'Hyman.Hoppe@fake-email.com',	'system',	1623606773),
(89,	8,	'South Ciera, Texas',	'system',	1623606773),
(89,	16,	'437-692-2237',	'system',	1623606773),
(89,	23,	'Construction Coordinator',	'system',	1623606773),
(90,	-2,	'Yes',	'system',	1623606775),
(90,	-1,	'VTR-9295',	'system',	1623606775),
(90,	5,	'1-626-737-8113 x6299',	'system',	1623606775),
(90,	6,	'Neal.Breitenberg@fake-email.com',	'system',	1623606775),
(90,	8,	'East Kevenfort, Arkansas',	'system',	1623606775),
(90,	16,	'(417) 274-8094',	'system',	1623606775),
(90,	23,	'Farming Administrator',	'system',	1623606775),
(91,	-2,	'Yes',	'system',	1623606777),
(91,	-1,	'VTR-3338',	'system',	1623606777),
(91,	5,	'651-680-8036',	'system',	1623606777),
(91,	6,	'Donte.Glover@fake-email.com',	'system',	1623606777),
(91,	8,	'East Cordiaview, New York',	'system',	1623606777),
(91,	16,	'(871) 711-0942',	'system',	1623606777),
(91,	23,	'Design Executive',	'system',	1623606777),
(92,	-2,	'Yes',	'system',	1623606779),
(92,	-1,	'VTR-9533',	'system',	1623606779),
(92,	5,	'1-430-773-8766 x6769',	'system',	1623606779),
(92,	6,	'Shaniqua.Braun@fake-email.com',	'system',	1623606779),
(92,	8,	'Port Christenebury, Michigan',	'system',	1623606779),
(92,	16,	'(678) 673-6561',	'system',	1623606779),
(92,	23,	'Technology Officer',	'system',	1623606779),
(93,	-2,	'Yes',	'system',	1623606782),
(93,	-1,	'VTR-7533',	'system',	1623606782),
(93,	5,	'676.270.3671',	'system',	1623606782),
(93,	6,	'Laraine.Corwin@fake-email.com',	'system',	1623606782),
(93,	8,	'Stromanhaven, Washington',	'system',	1623606782),
(93,	16,	'(636) 504-9875',	'system',	1623606782),
(93,	23,	'Chief Accounting Architect',	'system',	1623606782),
(94,	-2,	'Yes',	'system',	1623606784),
(94,	-1,	'VTR-5650',	'system',	1623606784),
(94,	5,	'961-436-9644',	'system',	1623606784),
(94,	6,	'Adan.Wolf@fake-email.com',	'system',	1623606784),
(94,	8,	'VonRuedenstad, Montana',	'system',	1623606784),
(94,	16,	'1-516-241-6171',	'system',	1623606784),
(94,	23,	'Direct Representative',	'system',	1623606784),
(95,	-2,	'Yes',	'system',	1623606787),
(95,	-1,	'VTR-8505',	'system',	1623606787),
(95,	5,	'(402) 620-2986 x095',	'system',	1623606787),
(95,	6,	'Mckinley.Little@fake-email.com',	'system',	1623606787),
(95,	8,	'Adanshire, Connecticut',	'system',	1623606787),
(95,	16,	'607-521-3465',	'system',	1623606787),
(95,	23,	'Product Mining Supervisor',	'system',	1623606787),
(96,	-2,	'Yes',	'system',	1623606788),
(96,	-1,	'VTR-7785',	'system',	1623606788),
(96,	5,	'250-631-3780 x392',	'system',	1623606788),
(96,	6,	'Sterling.Emard@fake-email.com',	'system',	1623606788),
(96,	8,	'Lake Kizzyland, Georgia',	'system',	1623606788),
(96,	16,	'1-130-473-4839',	'system',	1623606788),
(96,	23,	'Lead Specialist',	'system',	1623606788),
(97,	-2,	'Yes',	'system',	1623606790),
(97,	-1,	'VTR-6651',	'system',	1623606790),
(97,	5,	'1-707-078-9957 x45944',	'system',	1623606790),
(97,	6,	'Warren.Considine@fake-email.com',	'system',	1623606790),
(97,	8,	'Feilhaven, Maryland',	'system',	1623606790),
(97,	16,	'237-575-3723',	'system',	1623606790),
(97,	23,	'Design Developer',	'system',	1623606790),
(98,	-2,	'Yes',	'system',	1623606793),
(98,	-1,	'VTR-1749',	'system',	1623606793),
(98,	5,	'1-614-193-4773 x10253',	'system',	1623606793),
(98,	6,	'Chet.Bechtelar@fake-email.com',	'system',	1623606793),
(98,	8,	'Verniechester, Montana',	'system',	1623606793),
(98,	16,	'1-401-052-0383',	'system',	1623606793),
(98,	23,	'District Representative',	'system',	1623606793),
(99,	-2,	'Yes',	'system',	1623606795),
(99,	-1,	'VTR-3654',	'system',	1623606795),
(99,	5,	'151-077-1687',	'system',	1623606795),
(99,	6,	'Lovie.Mertz@fake-email.com',	'system',	1623606795),
(99,	8,	'Dickiburgh, Oklahoma',	'system',	1623606795),
(99,	16,	'229.156.3122',	'system',	1623606795),
(99,	23,	'Dynamic Administration Agent',	'system',	1623606795),
(100,	-2,	'Yes',	'system',	1623606798),
(100,	-1,	'VTR-9065',	'system',	1623606798),
(100,	5,	'(394) 107-7524 x521',	'system',	1623606798),
(100,	6,	'Beulah.Mitchell@fake-email.com',	'system',	1623606798),
(100,	8,	'North Orphafurt, West Virginia',	'system',	1623606798),
(100,	16,	'(944) 612-6931',	'system',	1623606798),
(100,	23,	'Education Planner',	'system',	1623606798),
(101,	-2,	'Yes',	'system',	1623606800),
(101,	-1,	'VTR-1519',	'system',	1623606800),
(101,	5,	'1-670-500-3061 x343',	'system',	1623606800),
(101,	6,	'Alexander.Aufderhar@fake-email.com',	'system',	1623606800),
(101,	8,	'Rueckerburgh, Hawaii',	'system',	1623606800),
(101,	16,	'(892) 518-5003',	'system',	1623606800),
(101,	23,	'IT Producer',	'system',	1623606800),
(102,	-2,	'Yes',	'system',	1623606802),
(102,	-1,	'VTR-3779',	'system',	1623606802),
(102,	5,	'(663) 928-9861 x005',	'system',	1623606802),
(102,	6,	'Tiny.Pagac@fake-email.com',	'system',	1623606802),
(102,	8,	'Ronaldtown, Colorado',	'system',	1623606802),
(102,	16,	'1-207-947-7731',	'system',	1623606802),
(102,	23,	'Real-Estate Agent',	'system',	1623606802),
(103,	-2,	'Yes',	'system',	1623606803),
(103,	-1,	'VTR-326',	'system',	1623606803),
(103,	5,	'1-709-290-3045 x5822',	'system',	1623606803),
(103,	6,	'Elisha.Bruen@fake-email.com',	'system',	1623606803),
(103,	8,	'Lake Beatrice, Alabama',	'system',	1623606803),
(103,	16,	'131-574-3693',	'system',	1623606803),
(103,	23,	'Future Specialist',	'system',	1623606803),
(104,	-2,	'Yes',	'system',	1623606805),
(104,	-1,	'VTR-2864',	'system',	1623606805),
(104,	5,	'752-376-2699 x080',	'system',	1623606805),
(104,	6,	'Les.Stoltenberg@fake-email.com',	'system',	1623606805),
(104,	8,	'Port Virgilio, Maine',	'system',	1623606805),
(104,	16,	'(744) 661-0593',	'system',	1623606805),
(104,	23,	'Marketing Executive',	'system',	1623606805),
(105,	-2,	'Yes',	'system',	1623606808),
(105,	-1,	'VTR-1131',	'system',	1623606808),
(105,	5,	'(399) 772-8728 x34475',	'system',	1623606808),
(105,	6,	'Lyn.Dare@fake-email.com',	'system',	1623606808),
(105,	8,	'Kirlinmouth, Missouri',	'system',	1623606808),
(105,	16,	'(420) 862-5799',	'system',	1623606808),
(105,	23,	'Human Sales Coordinator',	'system',	1623606808),
(106,	-2,	'Yes',	'system',	1623606809),
(106,	-1,	'VTR-9119',	'system',	1623606809),
(106,	5,	'568.524.6518 x27967',	'system',	1623606809),
(106,	6,	'Cory.Hartmann@fake-email.com',	'system',	1623606809),
(106,	8,	'Bartellborough, North Carolina',	'system',	1623606809),
(106,	16,	'752.802.9031',	'system',	1623606809),
(106,	23,	'Direct Healthcare Specialist',	'system',	1623606809),
(107,	-2,	'Yes',	'system',	1623606811),
(107,	-1,	'VTR-2869',	'system',	1623606811),
(107,	5,	'(609) 727-0428 x1195',	'system',	1623606811),
(107,	6,	'Kendrick.Macejkovic@fake-email.com',	'system',	1623606811),
(107,	8,	'Lake Samuel, Oklahoma',	'system',	1623606811),
(107,	16,	'1-365-600-0867',	'system',	1623606811),
(107,	23,	'Retail Orchestrator',	'system',	1623606811),
(108,	-2,	'Yes',	'system',	1623606814),
(108,	-1,	'VTR-7973',	'system',	1623606814),
(108,	5,	'485-854-0036 x922',	'system',	1623606814),
(108,	6,	'Azalee.Hoeger@fake-email.com',	'system',	1623606814),
(108,	8,	'Pfannerstillborough, Minnesota',	'system',	1623606814),
(108,	16,	'767-363-5330',	'system',	1623606814),
(108,	23,	'Regional Sales Officer',	'system',	1623606814),
(109,	-2,	'Yes',	'system',	1623606815),
(109,	-1,	'VTR-535',	'system',	1623606815),
(109,	5,	'886-633-6998 x6906',	'system',	1623606815),
(109,	6,	'Augustine.Predovic@fake-email.com',	'system',	1623606815),
(109,	8,	'Prohaskashire, Nevada',	'system',	1623606815),
(109,	16,	'1-775-508-4333',	'system',	1623606815),
(109,	23,	'Technology Administrator',	'system',	1623606815),
(110,	-2,	'Yes',	'system',	1623606817),
(110,	-1,	'VTR-6902',	'system',	1623606817),
(110,	5,	'(399) 914-5653 x076',	'system',	1623606817),
(110,	6,	'Byron.West@fake-email.com',	'system',	1623606817),
(110,	8,	'Eleonorport, Illinois',	'system',	1623606817),
(110,	16,	'(624) 631-5661',	'system',	1623606817),
(110,	23,	'Customer Hospitality Analyst',	'system',	1623606817),
(111,	-2,	'Yes',	'system',	1623606819),
(111,	-1,	'VTR-2122',	'system',	1623606819),
(111,	5,	'519.532.3778 x3091',	'system',	1623606819),
(111,	6,	'Melissa.Gutkowski@fake-email.com',	'system',	1623606819),
(111,	8,	'Pagacchester, Iowa',	'system',	1623606819),
(111,	16,	'1-861-113-0887',	'system',	1623606819),
(111,	23,	'Healthcare Coordinator',	'system',	1623606819),
(112,	-2,	'Yes',	'system',	1623606822),
(112,	-1,	'VTR-8341',	'system',	1623606822),
(112,	5,	'(135) 696-7395 x03187',	'system',	1623606822),
(112,	6,	'Ignacio.Kub@fake-email.com',	'system',	1623606822),
(112,	8,	'Harveymouth, Oklahoma',	'system',	1623606822),
(112,	16,	'304.524.5869',	'system',	1623606822),
(112,	23,	'Regional Administrator',	'system',	1623606822),
(113,	-2,	'Yes',	'system',	1623606824),
(113,	-1,	'VTR-476',	'system',	1623606824),
(113,	5,	'1-769-727-0831',	'system',	1623606824),
(113,	6,	'Carlton.Nikolaus@fake-email.com',	'system',	1623606824),
(113,	8,	'Carolburgh, New York',	'system',	1623606824),
(113,	16,	'(377) 694-2041',	'system',	1623606824),
(113,	23,	'Central Manager',	'system',	1623606824),
(114,	-2,	'Yes',	'system',	1623606828),
(114,	-1,	'VTR-7791',	'system',	1623606828),
(114,	5,	'993.630.3204 x638',	'system',	1623606828),
(114,	6,	'Lindsay.Mitchell@fake-email.com',	'system',	1623606828),
(114,	8,	'Othaview, Maryland',	'system',	1623606828),
(114,	16,	'413-291-5989',	'system',	1623606828),
(114,	23,	'IT Director',	'system',	1623606828),
(115,	-2,	'Yes',	'system',	1623606829),
(115,	-1,	'VTR-6221',	'system',	1623606829),
(115,	5,	'548-323-8272 x646',	'system',	1623606829),
(115,	6,	'Coralie.Emard@fake-email.com',	'system',	1623606829),
(115,	8,	'Port Maude, Maine',	'system',	1623606829),
(115,	16,	'1-560-072-2736',	'system',	1623606829),
(115,	23,	'Accounting Strategist',	'system',	1623606829),
(116,	-2,	'Yes',	'system',	1623606832),
(116,	-1,	'VTR-8409',	'system',	1623606832),
(116,	5,	'578.182.7376',	'system',	1623606832),
(116,	6,	'Kirstin.Kozey@fake-email.com',	'system',	1623606832),
(116,	8,	'North Shirleen, Maryland',	'system',	1623606832),
(116,	16,	'216-823-5606',	'system',	1623606832),
(116,	23,	'Legal Director',	'system',	1623606832),
(117,	-2,	'Yes',	'system',	1623606834),
(117,	-1,	'VTR-6694',	'system',	1623606834),
(117,	5,	'297-547-8755',	'system',	1623606834),
(117,	6,	'Freddie.Lind@fake-email.com',	'system',	1623606834),
(117,	8,	'Lake Hollis, Virginia',	'system',	1623606834),
(117,	16,	'159.516.3681',	'system',	1623606834),
(117,	23,	'Future Developer',	'system',	1623606834),
(118,	-2,	'Yes',	'system',	1623606836),
(118,	-1,	'VTR-12',	'system',	1623606836),
(118,	5,	'664-995-7074',	'system',	1623606836),
(118,	6,	'Roman.Abbott@fake-email.com',	'system',	1623606836),
(118,	8,	'Alitafort, Ohio',	'system',	1623606836),
(118,	16,	'345-559-6192',	'system',	1623606836),
(118,	23,	'Accounting Consultant',	'system',	1623606836),
(119,	-2,	'Yes',	'system',	1623606838),
(119,	-1,	'VTR-6889',	'system',	1623606838),
(119,	5,	'808.629.5380 x4022',	'system',	1623606838),
(119,	6,	'Tony.Bogisich@fake-email.com',	'system',	1623606838),
(119,	8,	'New Brady, Michigan',	'system',	1623606838),
(119,	16,	'695-231-3331',	'system',	1623606838),
(119,	23,	'Farming Representative',	'system',	1623606838),
(120,	-2,	'Yes',	'system',	1623606841),
(120,	-1,	'VTR-8797',	'system',	1623606841),
(120,	5,	'837-100-7995 x32119',	'system',	1623606841),
(120,	6,	'Yong.Bernier@fake-email.com',	'system',	1623606841),
(120,	8,	'Tillmanberg, Washington',	'system',	1623606841),
(120,	16,	'1-722-619-9200',	'system',	1623606841),
(120,	23,	'Construction Architect',	'system',	1623606841),
(121,	-2,	'Yes',	'system',	1623606844),
(121,	-1,	'VTR-5794',	'system',	1623606844),
(121,	5,	'(225) 974-5594',	'system',	1623606844),
(121,	6,	'Booker.Feeney@fake-email.com',	'system',	1623606844),
(121,	8,	'Sondrafurt, Maryland',	'system',	1623606844),
(121,	16,	'986-179-4331',	'system',	1623606844),
(121,	23,	'International IT Supervisor',	'system',	1623606844),
(122,	-2,	'Yes',	'system',	1623606847),
(122,	-1,	'VTR-4677',	'system',	1623606847),
(122,	5,	'746.930.4586 x3590',	'system',	1623606847),
(122,	6,	'Malka.Satterfield@fake-email.com',	'system',	1623606847),
(122,	8,	'Dortheyside, Hawaii',	'system',	1623606847),
(122,	16,	'218-453-5261',	'system',	1623606847),
(122,	23,	'Banking Architect',	'system',	1623606847),
(123,	-2,	'Yes',	'system',	1623606849),
(123,	-1,	'VTR-7093',	'system',	1623606849),
(123,	5,	'1-433-833-9570',	'system',	1623606849),
(123,	6,	'Pennie.Jacobson@fake-email.com',	'system',	1623606849),
(123,	8,	'Kierstenside, Colorado',	'system',	1623606849),
(123,	16,	'1-751-940-7046',	'system',	1623606849),
(123,	23,	'Mining Administrator',	'system',	1623606849),
(124,	-2,	'Yes',	'system',	1623606851),
(124,	-1,	'VTR-1813',	'system',	1623606851),
(124,	5,	'(671) 527-1488 x823',	'system',	1623606851),
(124,	6,	'Rae.Dickinson@fake-email.com',	'system',	1623606851),
(124,	8,	'East Jason, West Virginia',	'system',	1623606851),
(124,	16,	'(499) 612-0634',	'system',	1623606851),
(124,	23,	'Product Construction Designer',	'system',	1623606851),
(125,	-2,	'Yes',	'system',	1623606853),
(125,	-1,	'VTR-6455',	'system',	1623606853),
(125,	5,	'449.484.0111 x6663',	'system',	1623606853),
(125,	6,	'Christy.Reynolds@fake-email.com',	'system',	1623606853),
(125,	8,	'Malcomview, Virginia',	'system',	1623606853),
(125,	16,	'976.239.5813',	'system',	1623606853),
(125,	23,	'Future Healthcare Orchestrator',	'system',	1623606853),
(126,	-2,	'Yes',	'system',	1623606856),
(126,	-1,	'VTR-1145',	'system',	1623606856),
(126,	5,	'1-200-997-6404',	'system',	1623606856),
(126,	6,	'Myron.Huel@fake-email.com',	'system',	1623606856),
(126,	8,	'Port Patrickberg, Georgia',	'system',	1623606856),
(126,	16,	'547.471.5077',	'system',	1623606856),
(126,	23,	'Principal Analyst',	'system',	1623606856),
(127,	-2,	'Yes',	'system',	1623606858),
(127,	-1,	'VTR-4811',	'system',	1623606858),
(127,	5,	'(243) 725-4550',	'system',	1623606858),
(127,	6,	'Stacee.Hagenes@fake-email.com',	'system',	1623606858),
(127,	8,	'North Sumiko, Delaware',	'system',	1623606858),
(127,	16,	'843-631-1981',	'system',	1623606858),
(127,	23,	'Retail Engineer',	'system',	1623606858),
(128,	-2,	'Yes',	'system',	1623606862),
(128,	-1,	'VTR-3017',	'system',	1623606862),
(128,	5,	'(698) 936-2932 x249',	'system',	1623606862),
(128,	6,	'Mariano.Wisoky@fake-email.com',	'system',	1623606862),
(128,	8,	'Port Earnesthaven, Pennsylvania',	'system',	1623606862),
(128,	16,	'(538) 249-4639',	'system',	1623606862),
(128,	23,	'Senior Coordinator',	'system',	1623606862),
(129,	-2,	'Yes',	'system',	1623606864),
(129,	-1,	'VTR-5303',	'system',	1623606864),
(129,	5,	'477.435.4307 x834',	'system',	1623606864),
(129,	6,	'Carey.Wilkinson@fake-email.com',	'system',	1623606864),
(129,	8,	'Connellyhaven, Idaho',	'system',	1623606864),
(129,	16,	'588.706.5545',	'system',	1623606864),
(129,	23,	'Human Manufacturing Assistant',	'system',	1623606864),
(130,	-2,	'Yes',	'system',	1623606866),
(130,	-1,	'VTR-9800',	'system',	1623606866),
(130,	5,	'(398) 206-8640',	'system',	1623606866),
(130,	6,	'Erick.Koss@fake-email.com',	'system',	1623606866),
(130,	8,	'Constanceport, Arizona',	'system',	1623606866),
(130,	16,	'611-148-2792',	'system',	1623606866),
(130,	23,	'International Mining Developer',	'system',	1623606866),
(131,	-2,	'Yes',	'system',	1623606868),
(131,	-1,	'VTR-3421',	'system',	1623606868),
(131,	5,	'1-173-464-1521 x863',	'system',	1623606868),
(131,	6,	'Donnie.Will@fake-email.com',	'system',	1623606868),
(131,	8,	'Anderaton, Utah',	'system',	1623606868),
(131,	16,	'1-962-447-3940',	'system',	1623606868),
(131,	23,	'Internal Strategist',	'system',	1623606868),
(132,	-2,	'Yes',	'system',	1623606870),
(132,	-1,	'VTR-1852',	'system',	1623606870),
(132,	5,	'1-634-485-0590',	'system',	1623606870),
(132,	6,	'Shawnna.Pouros@fake-email.com',	'system',	1623606870),
(132,	8,	'Meaganton, Ohio',	'system',	1623606870),
(132,	16,	'814-955-1812',	'system',	1623606870),
(132,	23,	'Principal Real-Estate Director',	'system',	1623606870),
(133,	-2,	'Yes',	'system',	1623606871),
(133,	-1,	'VTR-8715',	'system',	1623606871),
(133,	5,	'254.255.4254 x844',	'system',	1623606871),
(133,	6,	'Allen.Corwin@fake-email.com',	'system',	1623606871),
(133,	8,	'Heaneystad, Louisiana',	'system',	1623606871),
(133,	16,	'(579) 508-8904',	'system',	1623606871),
(133,	23,	'Marketing Designer',	'system',	1623606871),
(134,	-2,	'Yes',	'system',	1623606874),
(134,	-1,	'VTR-5823',	'system',	1623606874),
(134,	5,	'931.393.6045 x817',	'system',	1623606874),
(134,	6,	'WadeHills.Gorczany@fake-email.com',	'tester',	1663952000),
(134,	8,	'Grettabury, New Mexico',	'system',	1623606874),
(134,	16,	'1-887-510-9846',	'system',	1623606874),
(134,	23,	'Accounting Associate',	'system',	1623606874),
(135,	-2,	'Yes',	'system',	1623606878),
(135,	-1,	'VTR-398',	'system',	1623606878),
(135,	5,	'384-110-8615',	'system',	1623606878),
(135,	6,	'Cesar.Botsford@fake-email.com',	'system',	1623606878),
(135,	8,	'West Ediemouth, North Dakota',	'system',	1623606878),
(135,	16,	'1-344-621-0110',	'system',	1623606878),
(135,	23,	'Future Farming Representative',	'system',	1623606878),
(136,	-2,	'Yes',	'system',	1623606881),
(136,	-1,	'VTR-8258',	'system',	1623606881),
(136,	5,	'1-184-797-0901',	'system',	1623606881),
(136,	6,	'Alta.Franecki@fake-email.com',	'system',	1623606881),
(136,	8,	'Gerlachview, New Jersey',	'system',	1623606881),
(136,	16,	'723.813.9249',	'system',	1623606881),
(136,	23,	'Legacy Sales Facilitator',	'system',	1623606881),
(137,	-2,	'Yes',	'system',	1623606883),
(137,	-1,	'VTR-6804',	'system',	1623606883),
(137,	5,	'426.763.7968 x468',	'system',	1623606883),
(137,	6,	'Chasity.Weber@fake-email.com',	'system',	1623606883),
(137,	8,	'Port Jonah, South Dakota',	'system',	1623606883),
(137,	16,	'1-560-857-7312',	'system',	1623606883),
(137,	23,	'National Retail Executive',	'system',	1623606883),
(138,	-2,	'Yes',	'system',	1623606887),
(138,	-1,	'VTR-1320',	'system',	1623606887),
(138,	5,	'178.295.6577 x1886',	'system',	1623606887),
(138,	6,	'Noah.Stokes@fake-email.com',	'system',	1623606887),
(138,	8,	'Nathanialland, Indiana',	'system',	1623606887),
(138,	16,	'(131) 697-7425',	'system',	1623606887),
(138,	23,	'Education Producer',	'system',	1623606887),
(139,	-2,	'Yes',	'system',	1623606888),
(139,	-1,	'VTR-526',	'system',	1623606888),
(139,	5,	'1-164-049-9157 x8380',	'system',	1623606888),
(139,	6,	'Marcel.Stroman@fake-email.com',	'system',	1623606888),
(139,	8,	'New Camillaburgh, Georgia',	'system',	1623606888),
(139,	16,	'460-759-8274',	'system',	1623606888),
(139,	23,	'Consulting Engineer',	'system',	1623606888),
(140,	-2,	'Yes',	'system',	1623606890),
(140,	-1,	'VTR-6480',	'system',	1623606890),
(140,	5,	'494-369-1245 x177',	'system',	1623606890),
(140,	6,	'Kari.Bartell@fake-email.com',	'system',	1623606890),
(140,	8,	'East Tamikofort, Utah',	'system',	1623606890),
(140,	16,	'782-227-4107',	'system',	1623606890),
(140,	23,	'Product Manufacturing Director',	'system',	1623606890),
(141,	-2,	'Yes',	'system',	1623606893),
(141,	-1,	'VTR-1907',	'system',	1623606893),
(141,	5,	'1-416-996-8871',	'system',	1623606893),
(141,	6,	'Terina.Bins@fake-email.com',	'system',	1623606893),
(141,	8,	'Laurencetown, New York',	'system',	1623606893),
(141,	16,	'1-548-638-3358',	'system',	1623606893),
(141,	23,	'Dynamic Hospitality Officer',	'system',	1623606893),
(142,	-2,	'Yes',	'system',	1623606896),
(142,	-1,	'VTR-3757',	'system',	1623606896),
(142,	5,	'593.368.9836 x5466',	'system',	1623606896),
(142,	6,	'Xenia.Zboncak@fake-email.com',	'system',	1623606896),
(142,	8,	'North Rochellshire, Nebraska',	'system',	1623606896),
(142,	16,	'(608) 497-0312',	'system',	1623606896),
(142,	23,	'IT Officer',	'system',	1623606896),
(143,	-2,	'Yes',	'system',	1623606897),
(143,	-1,	'VTR-5173',	'system',	1623606897),
(143,	5,	'787.379.3561 x712',	'system',	1623606897),
(143,	6,	'Lakeesha.Legros@fake-email.com',	'system',	1623606897),
(143,	8,	'Petermouth, Rhode Island',	'system',	1623606897),
(143,	16,	'1-282-414-1631',	'system',	1623606897),
(143,	23,	'Central Hospitality Engineer',	'system',	1623606897),
(144,	-2,	'Yes',	'system',	1623606899),
(144,	-1,	'VTR-1779',	'system',	1623606899),
(144,	5,	'(153) 985-8336 x89802',	'system',	1623606899),
(144,	6,	'Roger.Kirlin@fake-email.com',	'system',	1623606899),
(144,	8,	'New Earle, Texas',	'system',	1623606899),
(144,	16,	'(840) 409-9525',	'system',	1623606899),
(144,	23,	'Technology Administrator',	'system',	1623606899),
(145,	-2,	'Yes',	'system',	1623606901),
(145,	-1,	'VTR-3611',	'system',	1623606901),
(145,	5,	'233-441-6499 x590',	'system',	1623606901),
(145,	6,	'Brendan.Kilback@fake-email.com',	'system',	1623606901),
(145,	8,	'Dreamaview, North Dakota',	'system',	1623606901),
(145,	16,	'557-737-8557',	'system',	1623606901),
(145,	23,	'Manufacturing Strategist',	'system',	1623606901),
(146,	-2,	'Yes',	'system',	1623606903),
(146,	-1,	'VTR-394',	'system',	1623606903),
(146,	5,	'(235) 243-6837 x2333',	'system',	1623606903),
(146,	6,	'Larhonda.Marquardt@fake-email.com',	'system',	1623606903),
(146,	8,	'New Coralbury, Virginia',	'system',	1623606903),
(146,	16,	'759.054.3695',	'system',	1623606903),
(146,	23,	'Future Orchestrator',	'system',	1623606903),
(147,	-2,	'Yes',	'system',	1623606905),
(147,	-1,	'VTR-8676',	'system',	1623606905),
(147,	5,	'1-459-755-2932 x6222',	'system',	1623606905),
(147,	6,	'Jeanice.Willms@fake-email.com',	'system',	1623606905),
(147,	8,	'Cummeratafort, Georgia',	'system',	1623606905),
(147,	16,	'961.397.2605',	'system',	1623606905),
(147,	23,	'Government Analyst',	'system',	1623606905),
(148,	-2,	'Yes',	'system',	1623606907),
(148,	-1,	'VTR-9123',	'system',	1623606907),
(148,	5,	'541.205.1234 x90723',	'system',	1623606907),
(148,	6,	'Shoshana.Cronin@fake-email.com',	'system',	1623606907),
(148,	8,	'East Rosamaria, Idaho',	'system',	1623606907),
(148,	16,	'1-998-713-8264',	'system',	1623606907),
(148,	23,	'Administration Administrator',	'system',	1623606907),
(149,	-2,	'Yes',	'system',	1623606909),
(149,	-1,	'VTR-7960',	'system',	1623606909),
(149,	5,	'633.091.1298 x5836',	'system',	1623606909),
(149,	6,	'Alyssa.Hills@fake-email.com',	'system',	1623606909),
(149,	8,	'New Cliffordview, Iowa',	'system',	1623606909),
(149,	16,	'987.305.5149',	'system',	1623606909),
(149,	23,	'Hospitality Agent',	'system',	1623606909),
(150,	-2,	'Yes',	'system',	1623606912),
(150,	-1,	'VTR-5225',	'system',	1623606912),
(150,	5,	'132-073-4205',	'system',	1623606912),
(150,	6,	'Tashia.Leuschke@fake-email.com',	'system',	1623606912),
(150,	8,	'Runolfssonville, Delaware',	'system',	1623606912),
(150,	16,	'111-202-6293',	'system',	1623606912),
(150,	23,	'Chief Accounting Analyst',	'system',	1623606912),
(151,	-2,	'Yes',	'system',	1623606914),
(151,	-1,	'VTR-3816',	'system',	1623606914),
(151,	5,	'1-410-462-3994 x42388',	'system',	1623606914),
(151,	6,	'Criselda.Rosenbaum@fake-email.com',	'system',	1623606914),
(151,	8,	'Maritzamouth, Louisiana',	'system',	1623606914),
(151,	16,	'166-918-1142',	'system',	1623606914),
(151,	23,	'Marketing Director',	'system',	1623606914),
(152,	-2,	'Yes',	'system',	1623606916),
(152,	-1,	'VTR-1645',	'system',	1623606916),
(152,	5,	'(861) 649-7817 x82544',	'system',	1623606916),
(152,	6,	'Garland.Hickle@fake-email.com',	'system',	1623606916),
(152,	8,	'New Archiemouth, Indiana',	'system',	1623606916),
(152,	16,	'1-521-368-7596',	'system',	1623606916),
(152,	23,	'Regional Representative',	'system',	1623606916),
(153,	-2,	'Yes',	'system',	1623606919),
(153,	-1,	'VTR-8138',	'system',	1623606919),
(153,	5,	'(830) 205-6303 x54887',	'system',	1623606919),
(153,	6,	'Genevive.Waelchi@fake-email.com',	'system',	1623606919),
(153,	8,	'South Christiniaton, Kentucky',	'system',	1623606919),
(153,	16,	'898-494-1239',	'system',	1623606919),
(153,	23,	'Corporate IT Supervisor',	'system',	1623606919),
(154,	-2,	'Yes',	'system',	1623606922),
(154,	-1,	'VTR-1410',	'system',	1623606922),
(154,	5,	'(903) 184-0972',	'system',	1623606922),
(154,	6,	'Lavern.Prosacco@fake-email.com',	'system',	1623606922),
(154,	8,	'Pacochamouth, Texas',	'system',	1623606922),
(154,	16,	'1-538-163-1376',	'system',	1623606922),
(154,	23,	'District Agent',	'system',	1623606922),
(155,	-2,	'Yes',	'system',	1623606924),
(155,	-1,	'VTR-3136',	'system',	1623606924),
(155,	5,	'(193) 792-8008 x129',	'system',	1623606924),
(155,	6,	'Rashida.Erdman@fake-email.com',	'system',	1623606924),
(155,	8,	'Volkmanchester, Indiana',	'system',	1623606924),
(155,	16,	'314-053-8752',	'system',	1623606924),
(155,	23,	'Investor Marketing Director',	'system',	1623606924),
(156,	-2,	'Yes',	'system',	1623606928),
(156,	-1,	'VTR-879',	'system',	1623606928),
(156,	5,	'158.931.2855 x9851',	'system',	1623606928),
(156,	6,	'Cecille.Maggio@fake-email.com',	'system',	1623606928),
(156,	8,	'New Stan, New Hampshire',	'system',	1623606928),
(156,	16,	'737.604.6877',	'system',	1623606928),
(156,	23,	'Internal Coordinator',	'system',	1623606928),
(157,	-2,	'Yes',	'system',	1623606931),
(157,	-1,	'VTR-1368',	'system',	1623606931),
(157,	5,	'(205) 141-4032 x990',	'system',	1623606931),
(157,	6,	'Antone.Upton@fake-email.com',	'system',	1623606931),
(157,	8,	'North Helainehaven, New Hampshire',	'system',	1623606931),
(157,	16,	'586.717.0116',	'system',	1623606931),
(157,	23,	'Hospitality Director',	'system',	1623606931),
(158,	-2,	'Yes',	'system',	1623606932),
(158,	-1,	'VTR-4633',	'system',	1623606932),
(158,	5,	'(529) 582-8497 x364',	'system',	1623606932),
(158,	6,	'Fran.Trantow@fake-email.com',	'system',	1623606932),
(158,	8,	'North Cecil, Georgia',	'system',	1623606932),
(158,	16,	'1-858-208-9116',	'system',	1623606932),
(158,	23,	'Corporate Hospitality Orchestrator',	'system',	1623606932),
(159,	-2,	'Yes',	'system',	1623606935),
(159,	-1,	'VTR-3544',	'system',	1623606935),
(159,	5,	'189.322.4169 x3164',	'system',	1623606935),
(159,	6,	'Alysa.Dare@fake-email.com',	'system',	1623606935),
(159,	8,	'Teodoroborough, Virginia',	'system',	1623606935),
(159,	16,	'(721) 255-6840',	'system',	1623606935),
(159,	23,	'Marketing Liaison',	'system',	1623606935),
(160,	-2,	'Yes',	'system',	1623606939),
(160,	-1,	'VTR-5488',	'system',	1623606939),
(160,	5,	'441.549.4949 x4113',	'system',	1623606939),
(160,	6,	'Lina.Dickinson@fake-email.com',	'system',	1623606939),
(160,	8,	'Bretfort, Colorado',	'system',	1623606939),
(160,	16,	'889.756.1730',	'system',	1623606939),
(160,	23,	'Human Officer',	'system',	1623606939),
(161,	-2,	'Yes',	'system',	1623606940),
(161,	-1,	'VTR-5878',	'system',	1623606940),
(161,	5,	'1-563-805-9959 x48409',	'system',	1623606940),
(161,	6,	'Luther.Feeney@fake-email.com',	'system',	1623606940),
(161,	8,	'Lynchfort, Vermont',	'system',	1623606940),
(161,	16,	'(652) 100-4508',	'system',	1623606940),
(161,	23,	'Global Manager',	'system',	1623606940),
(162,	-2,	'Yes',	'system',	1623606943),
(162,	-1,	'VTR-8641',	'system',	1623606943),
(162,	5,	'741.663.9186',	'system',	1623606943),
(162,	6,	'Lucille.Collins@fake-email.com',	'system',	1623606943),
(162,	8,	'Beckerland, Alabama',	'system',	1623606943),
(162,	16,	'837.808.5669',	'system',	1623606943),
(162,	23,	'Global Community-Services Agent',	'system',	1623606943),
(163,	-2,	'Yes',	'system',	1623606945),
(163,	-1,	'VTR-4087',	'system',	1623606945),
(163,	5,	'654.475.5510',	'system',	1623606945),
(163,	6,	'Naida.Cruickshank@fake-email.com',	'system',	1623606945),
(163,	8,	'West Johnathanfort, New Hampshire',	'system',	1623606945),
(163,	16,	'162.554.3378',	'system',	1623606945),
(163,	23,	'Government Liaison',	'system',	1623606945),
(164,	-2,	'Yes',	'system',	1623606947),
(164,	-1,	'VTR-8193',	'system',	1623606947),
(164,	5,	'1-202-148-8220',	'system',	1623606947),
(164,	6,	'Gale.Bauch@fake-email.com',	'system',	1623606947),
(164,	8,	'Bednarmouth, Massachusetts',	'system',	1623606947),
(164,	16,	'497-533-4865',	'system',	1623606947),
(164,	23,	'Legal Representative',	'system',	1623606947),
(165,	-2,	'Yes',	'system',	1623606950),
(165,	-1,	'VTR-5189',	'system',	1623606950),
(165,	5,	'414.335.7574 x1844',	'system',	1623606950),
(165,	6,	'Remona.Bradtke@fake-email.com',	'system',	1623606950),
(165,	8,	'Rosamariaburgh, Indiana',	'system',	1623606950),
(165,	16,	'108-874-3079',	'system',	1623606950),
(165,	23,	'Chief Retail Planner',	'system',	1623606950),
(166,	-2,	'Yes',	'system',	1623606951),
(166,	-1,	'VTR-609',	'system',	1623606951),
(166,	5,	'402-050-3492 x0383',	'system',	1623606951),
(166,	6,	'Danna.Leffler@fake-email.com',	'system',	1623606951),
(166,	8,	'Fredricfort, North Carolina',	'system',	1623606951),
(166,	16,	'510.601.4418',	'system',	1623606951),
(166,	23,	'Product IT Associate',	'system',	1623606951),
(167,	-2,	'Yes',	'system',	1623606953),
(167,	-1,	'VTR-2363',	'system',	1623606953),
(167,	5,	'137-087-0763 x533',	'system',	1623606953),
(167,	6,	'Gregg.Purdy@fake-email.com',	'system',	1623606953),
(167,	8,	'Ardisstad, Kansas',	'system',	1623606953),
(167,	16,	'(729) 793-2972',	'system',	1623606953),
(167,	23,	'Direct Real-Estate Consultant',	'system',	1623606953),
(168,	-2,	'Yes',	'system',	1623606956),
(168,	-1,	'VTR-1161',	'system',	1623606956),
(168,	5,	'450-520-6623 x646',	'system',	1623606956),
(168,	6,	'Roy.Stracke@fake-email.com',	'system',	1623606956),
(168,	8,	'Heidenreichmouth, Nevada',	'system',	1623606956),
(168,	16,	'800-686-0069',	'system',	1623606956),
(168,	23,	'Real-Estate Analyst',	'system',	1623606956),
(169,	-2,	'Yes',	'system',	1623606957),
(169,	-1,	'VTR-5622',	'system',	1623606957),
(169,	5,	'678-048-6402 x9409',	'system',	1623606957),
(169,	6,	'Valentin.Sauer@fake-email.com',	'system',	1623606957),
(169,	8,	'Lake Erick, Missouri',	'system',	1623606957),
(169,	16,	'994-036-6999',	'system',	1623606957),
(169,	23,	'Design Orchestrator',	'system',	1623606957),
(170,	-2,	'Yes',	'system',	1623606961),
(170,	-1,	'VTR-4397',	'system',	1623606961),
(170,	5,	'345.218.0107 x4034',	'system',	1623606961),
(170,	6,	'Jamar.Murphy@fake-email.com',	'system',	1623606961),
(170,	8,	'West Nomashire, North Carolina',	'system',	1623606961),
(170,	16,	'(464) 276-8623',	'system',	1623606961),
(170,	23,	'Banking Manager',	'system',	1623606961),
(171,	-2,	'Yes',	'system',	1623606964),
(171,	-1,	'VTR-3855',	'system',	1623606964),
(171,	5,	'582-655-7134 x079',	'system',	1623606964),
(171,	6,	'Damian.Kreiger@fake-email.com',	'system',	1623606964),
(171,	8,	'New Dominiqueburgh, Iowa',	'system',	1623606964),
(171,	16,	'(396) 301-7392',	'system',	1623606964),
(171,	23,	'Community-Services Architect',	'system',	1623606964),
(172,	-2,	'Yes',	'system',	1623606966),
(172,	-1,	'VTR-2362',	'system',	1623606966),
(172,	5,	'660-101-4675 x611',	'system',	1623606966),
(172,	6,	'Andy.Dickinson@fake-email.com',	'system',	1623606966),
(172,	8,	'Jeffiemouth, Montana',	'system',	1623606966),
(172,	16,	'(636) 745-5438',	'system',	1623606966),
(172,	23,	'Customer Architect',	'system',	1623606966),
(173,	-2,	'Yes',	'system',	1623606970),
(173,	-1,	'VTR-1714',	'system',	1623606970),
(173,	5,	'1-765-838-3500',	'system',	1623606970),
(173,	6,	'Cleora.Miller@fake-email.com',	'system',	1623606970),
(173,	8,	'South Yevetteberg, Arizona',	'system',	1623606970),
(173,	16,	'880-918-1767',	'system',	1623606970),
(173,	23,	'Chief Farming Executive',	'system',	1623606970),
(174,	-2,	'Yes',	'system',	1623606972),
(174,	-1,	'VTR-5331',	'system',	1623606972),
(174,	5,	'1-225-778-4895',	'system',	1623606972),
(174,	6,	'Ayana.Koss@fake-email.com',	'system',	1623606972),
(174,	8,	'Gayehaven, New York',	'system',	1623606972),
(174,	16,	'893-056-0214',	'system',	1623606972),
(174,	23,	'Mining Orchestrator',	'system',	1623606972),
(175,	-2,	'Yes',	'system',	1623606974),
(175,	-1,	'VTR-8342',	'system',	1623606974),
(175,	5,	'199-393-0694 x21343',	'system',	1623606974),
(175,	6,	'Marquis.Reichel@fake-email.com',	'system',	1623606974),
(175,	8,	'Lonburgh, Illinois',	'system',	1623606974),
(175,	16,	'566-255-3126',	'system',	1623606974),
(175,	23,	'Advertising Liaison',	'system',	1623606974),
(176,	-2,	'Yes',	'system',	1623606976),
(176,	-1,	'VTR-5553',	'system',	1623606976),
(176,	5,	'(751) 366-4037 x619',	'system',	1623606976),
(176,	6,	'Alonzo.Walker@fake-email.com',	'system',	1623606976),
(176,	8,	'Anyaburgh, Massachusetts',	'system',	1623606976),
(176,	16,	'(365) 844-2347',	'system',	1623606976),
(176,	23,	'Community-Services Associate',	'system',	1623606976),
(177,	-2,	'Yes',	'system',	1623606978),
(177,	-1,	'VTR-8872',	'system',	1623606978),
(177,	5,	'806-044-3281 x3474',	'system',	1623606978),
(177,	6,	'Paulita.McKenzie@fake-email.com',	'system',	1623606978),
(177,	8,	'Abernathyberg, New York',	'system',	1623606978),
(177,	16,	'247.242.7887',	'system',	1623606978),
(177,	23,	'Forward Sales Assistant',	'system',	1623606978),
(178,	-2,	'Yes',	'system',	1623606980),
(178,	-1,	'VTR-6480',	'system',	1623606980),
(178,	5,	'(589) 142-9075 x78707',	'system',	1623606980),
(178,	6,	'Linsey.Hackett@fake-email.com',	'system',	1623606980),
(178,	8,	'Kuvalisberg, Nebraska',	'system',	1623606980),
(178,	16,	'1-745-414-0266',	'system',	1623606980),
(178,	23,	'Mining Orchestrator',	'system',	1623606980),
(179,	-2,	'Yes',	'system',	1623606982),
(179,	-1,	'VTR-1499',	'system',	1623606982),
(179,	5,	'789-209-0774 x3818',	'system',	1623606982),
(179,	6,	'Cleo.Adams@fake-email.com',	'system',	1623606982),
(179,	8,	'Jaskolskifort, Maine',	'system',	1623606982),
(179,	16,	'965.817.3443',	'system',	1623606982),
(179,	23,	'Global Marketing Producer',	'system',	1623606982),
(180,	-2,	'Yes',	'system',	1623606984),
(180,	-1,	'VTR-4988',	'system',	1623606984),
(180,	5,	'1-743-192-3262 x8962',	'system',	1623606984),
(180,	6,	'Charlie.Anderson@fake-email.com',	'system',	1623606984),
(180,	8,	'Millicentburgh, Minnesota',	'system',	1623606984),
(180,	16,	'(684) 345-9525',	'system',	1623606984),
(180,	23,	'Chief Education Coordinator',	'system',	1623606984),
(181,	-2,	'Yes',	'system',	1623606986),
(181,	-1,	'VTR-5100',	'system',	1623606986),
(181,	5,	'640-144-8834 x2141',	'system',	1623606986),
(181,	6,	'Sherita.Wolff@fake-email.com',	'system',	1623606986),
(181,	8,	'Robertsbury, South Dakota',	'system',	1623606986),
(181,	16,	'933-679-0814',	'system',	1623606986),
(181,	23,	'Hospitality Assistant',	'system',	1623606986),
(182,	-2,	'Yes',	'system',	1623606988),
(182,	-1,	'VTR-3043',	'system',	1623606988),
(182,	5,	'309-213-8355',	'system',	1623606988),
(182,	6,	'Rosy.Cummings@fake-email.com',	'system',	1623606988),
(182,	8,	'Arlaview, Wyoming',	'system',	1623606988),
(182,	16,	'(569) 389-6515',	'system',	1623606988),
(182,	23,	'Central Manufacturing Officer',	'system',	1623606988),
(183,	-2,	'Yes',	'system',	1623606990),
(183,	-1,	'VTR-3579',	'system',	1623606990),
(183,	5,	'821.032.8679 x91917',	'system',	1623606990),
(183,	6,	'Duncan.Halvorson@fake-email.com',	'system',	1623606990),
(183,	8,	'Gottliebchester, North Dakota',	'system',	1623606990),
(183,	16,	'(541) 020-6009',	'system',	1623606990),
(183,	23,	'Accounting Architect',	'system',	1623606990),
(184,	-2,	'Yes',	'system',	1623606992),
(184,	-1,	'VTR-999',	'system',	1623606992),
(184,	5,	'1-287-434-0959 x730',	'system',	1623606992),
(184,	6,	'Stacy.Walsh@fake-email.com',	'system',	1623606992),
(184,	8,	'East Sebastianville, Iowa',	'system',	1623606992),
(184,	16,	'1-522-622-5832',	'system',	1623606992),
(184,	23,	'Investor Supervisor',	'system',	1623606992),
(185,	-2,	'Yes',	'system',	1623606994),
(185,	-1,	'VTR-1266',	'system',	1623606994),
(185,	5,	'1-844-107-1202 x9136',	'system',	1623606994),
(185,	6,	'Carissa.Aufderhar@fake-email.com',	'system',	1623606994),
(185,	8,	'Gussiehaven, Arkansas',	'system',	1623606994),
(185,	16,	'411.029.4545',	'system',	1623606994),
(185,	23,	'Internal Real-Estate Officer',	'system',	1623606994),
(186,	-2,	'Yes',	'system',	1623606997),
(186,	-1,	'VTR-1843',	'system',	1623606997),
(186,	5,	'1-819-787-0425',	'system',	1623606997),
(186,	6,	'Shalonda.Harvey@fake-email.com',	'system',	1623606997),
(186,	8,	'Lindhaven, Illinois',	'system',	1623606997),
(186,	16,	'1-479-856-4048',	'system',	1623606997),
(186,	23,	'Government Engineer',	'system',	1623606997),
(187,	-2,	'Yes',	'system',	1623606999),
(187,	-1,	'VTR-8312',	'system',	1623606999),
(187,	5,	'(246) 833-3030 x768',	'system',	1623606999),
(187,	6,	'Elizabeth.Pagac@fake-email.com',	'system',	1623606999),
(187,	8,	'Jermainemouth, Utah',	'system',	1623606999),
(187,	16,	'(954) 294-5146',	'system',	1623606999),
(187,	23,	'Corporate Administration Analyst',	'system',	1623606999),
(188,	-2,	'Yes',	'system',	1623607000),
(188,	-1,	'VTR-5007',	'system',	1623607000),
(188,	5,	'1-424-260-2838 x653',	'system',	1623607000),
(188,	6,	'Natisha.Brown@fake-email.com',	'system',	1623607000),
(188,	8,	'Darenchester, Rhode Island',	'system',	1623607000),
(188,	16,	'1-281-330-6188',	'system',	1623607000),
(188,	23,	'Lead Liaison',	'system',	1623607000),
(189,	-2,	'Yes',	'system',	1623607003),
(189,	-1,	'VTR-5394',	'system',	1623607003),
(189,	5,	'1-755-551-5139 x90315',	'system',	1623607003),
(189,	6,	'Dianna.Pfeffer@fake-email.com',	'system',	1623607003),
(189,	8,	'New Andy, Hawaii',	'system',	1623607003),
(189,	16,	'(191) 576-1783',	'system',	1623607003),
(189,	23,	'Internal Hospitality Liaison',	'system',	1623607003),
(190,	-2,	'Yes',	'system',	1623607005),
(190,	-1,	'VTR-6658',	'system',	1623607005),
(190,	5,	'1-346-895-4314 x009',	'system',	1623607005),
(190,	6,	'Steven.Reichert@fake-email.com',	'system',	1623607005),
(190,	8,	'Hettingershire, Massachusetts',	'system',	1623607005),
(190,	16,	'(411) 173-0002',	'system',	1623607005),
(190,	23,	'IT Consultant',	'system',	1623607005),
(191,	-2,	'Yes',	'system',	1623607007),
(191,	-1,	'VTR-8261',	'system',	1623607007),
(191,	5,	'(671) 852-9097 x935',	'system',	1623607007),
(191,	6,	'Dorsey.Conroy@fake-email.com',	'system',	1623607007),
(191,	8,	'Lake Shelton, New Jersey',	'system',	1623607007),
(191,	16,	'283-570-8416',	'system',	1623607007),
(191,	23,	'Forward Hospitality Officer',	'system',	1623607007),
(192,	-2,	'Yes',	'system',	1623607009),
(192,	-1,	'VTR-2891',	'system',	1623607009),
(192,	5,	'554-926-7037 x408',	'system',	1623607009),
(192,	6,	'Fred.Hermann@fake-email.com',	'system',	1623607009),
(192,	8,	'Schuppemouth, New Mexico',	'system',	1623607009),
(192,	16,	'874.207.3146',	'system',	1623607009),
(192,	23,	'Dynamic Technology Specialist',	'system',	1623607009),
(193,	-2,	'Yes',	'system',	1623607011),
(193,	-1,	'VTR-8352',	'system',	1623607011),
(193,	5,	'(254) 246-3942',	'system',	1623607011),
(193,	6,	'Garfield.Goldner@fake-email.com',	'system',	1623607011),
(193,	8,	'Wardhaven, Idaho',	'system',	1623607011),
(193,	16,	'498-469-3721',	'system',	1623607011),
(193,	23,	'Internal Technology Officer',	'system',	1623607011),
(194,	-2,	'Yes',	'system',	1623607014),
(194,	-1,	'VTR-8598',	'system',	1623607014),
(194,	5,	'295.790.2839 x99563',	'system',	1623607014),
(194,	6,	'Kurt.Weber@fake-email.com',	'system',	1623607014),
(194,	8,	'Lake Elidia, Massachusetts',	'system',	1623607014),
(194,	16,	'1-948-520-2351',	'system',	1623607014),
(194,	23,	'Forward Real-Estate Officer',	'system',	1623607014),
(195,	-2,	'Yes',	'system',	1623607018),
(195,	-1,	'VTR-5712',	'system',	1623607018),
(195,	5,	'(914) 537-7505',	'system',	1623607018),
(195,	6,	'Heriberto.Bednar@fake-email.com',	'system',	1623607018),
(195,	8,	'New Mikachester, New Hampshire',	'system',	1623607018),
(195,	16,	'995.222.2646',	'system',	1623607018),
(195,	23,	'Direct Marketing Manager',	'system',	1623607018),
(196,	-2,	'Yes',	'system',	1623607020),
(196,	-1,	'VTR-5470',	'system',	1623607020),
(196,	5,	'1-534-745-6870',	'system',	1623607020),
(196,	6,	'Noah.Murphy@fake-email.com',	'system',	1623607020),
(196,	8,	'Tomimouth, Arizona',	'system',	1623607020),
(196,	16,	'144-396-0427',	'system',	1623607020),
(196,	23,	'National Marketing Manager',	'system',	1623607020),
(197,	-2,	'Yes',	'system',	1623607023),
(197,	-1,	'VTR-2974',	'system',	1623607023),
(197,	5,	'(253) 679-3270 x6453',	'system',	1623607023),
(197,	6,	'Rolf.Bergstrom@fake-email.com',	'system',	1623607023),
(197,	8,	'Brainchester, Wyoming',	'system',	1623607023),
(197,	16,	'(957) 041-7338',	'system',	1623607023),
(197,	23,	'Customer Supervisor',	'system',	1623607023),
(198,	-2,	'Yes',	'system',	1623607025),
(198,	-1,	'VTR-6416',	'system',	1623607025),
(198,	5,	'402.058.6981 x914',	'system',	1623607025),
(198,	6,	'Mardell.Little@fake-email.com',	'system',	1623607025),
(198,	8,	'North Lisaton, Nebraska',	'system',	1623607025),
(198,	16,	'354-752-8622',	'system',	1623607025),
(198,	23,	'Lead Developer',	'system',	1623607025),
(199,	-2,	'Yes',	'system',	1623607027),
(199,	-1,	'VTR-2608',	'system',	1623607027),
(199,	5,	'883-870-6512',	'system',	1623607027),
(199,	6,	'Carmine.Bins@fake-email.com',	'system',	1623607027),
(199,	8,	'North Marikoborough, Virginia',	'system',	1623607027),
(199,	16,	'(307) 325-8523',	'system',	1623607027),
(199,	23,	'Internal Administration Producer',	'system',	1623607027),
(200,	-2,	'Yes',	'system',	1623607031),
(200,	-1,	'VTR-9429',	'system',	1623607031),
(200,	5,	'(152) 957-3757 x8177',	'system',	1623607031),
(200,	6,	'Cathy.Runte@fake-email.com',	'system',	1623607031),
(200,	8,	'Guyburgh, Alabama',	'system',	1623607031),
(200,	16,	'1-277-839-7434',	'system',	1623607031),
(200,	23,	'Principal Sales Officer',	'system',	1623607031),
(201,	-2,	'Yes',	'system',	1623607035),
(201,	-1,	'VTR-8522',	'system',	1623607035),
(201,	5,	'(975) 342-4293 x466',	'system',	1623607035),
(201,	6,	'Ramon.Watsica@fake-email.com',	'system',	1623607035),
(201,	8,	'Smithland, Indiana',	'system',	1623607035),
(201,	16,	'364-949-1404',	'system',	1623607035),
(201,	23,	'Retail Assistant',	'system',	1623607035),
(202,	-2,	'Yes',	'system',	1623607038),
(202,	-1,	'VTR-3626',	'system',	1623607038),
(202,	5,	'(162) 723-3564',	'system',	1623607038),
(202,	6,	'Jay.Moen@fake-email.com',	'system',	1623607038),
(202,	8,	'North Darnell, Rhode Island',	'system',	1623607038),
(202,	16,	'(929) 215-7118',	'system',	1623607038),
(202,	23,	'Farming Producer',	'system',	1623607038),
(203,	-2,	'Yes',	'system',	1623607040),
(203,	-1,	'VTR-3851',	'system',	1623607040),
(203,	5,	'103.933.6287',	'system',	1623607040),
(203,	6,	'Leland.Brown@fake-email.com',	'system',	1623607040),
(203,	8,	'Predovichaven, Kentucky',	'system',	1623607040),
(203,	16,	'278-290-8518',	'system',	1623607040),
(203,	23,	'Education Facilitator',	'system',	1623607040),
(204,	-2,	'Yes',	'system',	1623607043),
(204,	-1,	'VTR-7821',	'system',	1623607043),
(204,	5,	'176-662-9236 x124',	'system',	1623607043),
(204,	6,	'Kimberely.Towne@fake-email.com',	'system',	1623607043),
(204,	8,	'Hermantown, Idaho',	'system',	1623607043),
(204,	16,	'1-345-045-7791',	'system',	1623607043),
(204,	23,	'Principal Agent',	'system',	1623607043),
(205,	-2,	'Yes',	'system',	1623607045),
(205,	-1,	'VTR-99',	'system',	1623607045),
(205,	5,	'(399) 398-5270',	'system',	1623607045),
(205,	6,	'Christina.Hodkiewicz@fake-email.com',	'system',	1623607045),
(205,	8,	'West Broderick, Texas',	'system',	1623607045),
(205,	16,	'(361) 258-8735',	'system',	1623607045),
(205,	23,	'District Director',	'system',	1623607045),
(206,	-2,	'Yes',	'system',	1623607049),
(206,	-1,	'VTR-9115',	'system',	1623607049),
(206,	5,	'1-305-173-8216 x3124',	'system',	1623607049),
(206,	6,	'Rodney.Terry@fake-email.com',	'system',	1623607049),
(206,	8,	'Elzashire, North Carolina',	'system',	1623607049),
(206,	16,	'689.539.3668',	'system',	1623607049),
(206,	23,	'District Government Coordinator',	'system',	1623607049),
(207,	-2,	'Yes',	'system',	1623607051),
(207,	-1,	'VTR-2516',	'system',	1623607051),
(207,	5,	'418.274.9450 x0876',	'system',	1623607051),
(207,	6,	'Ramonita.Gaylord@fake-email.com',	'system',	1623607051),
(207,	8,	'North Mosheside, Montana',	'system',	1623607051),
(207,	16,	'807.502.7662',	'system',	1623607051),
(207,	23,	'Legacy Banking Specialist',	'system',	1623607051),
(208,	-2,	'Yes',	'system',	1623607053),
(208,	-1,	'VTR-1599',	'system',	1623607053),
(208,	5,	'856.373.4625',	'system',	1623607053),
(208,	6,	'Cierra.Feil@fake-email.com',	'system',	1623607053),
(208,	8,	'West Zenobia, Ohio',	'system',	1623607053),
(208,	16,	'516.062.4975',	'system',	1623607053),
(208,	23,	'Banking Executive',	'system',	1623607053),
(209,	-2,	'Yes',	'system',	1623607056),
(209,	-1,	'VTR-5050',	'system',	1623607056),
(209,	5,	'(304) 180-4250 x27331',	'system',	1623607056),
(209,	6,	'Liberty.Boyer@fake-email.com',	'system',	1623607056),
(209,	8,	'Zboncakport, Missouri',	'system',	1623607056),
(209,	16,	'494-181-4807',	'system',	1623607056),
(209,	23,	'Lead Executive',	'system',	1623607056),
(210,	-2,	'Yes',	'system',	1623607059),
(210,	-1,	'VTR-2362',	'system',	1623607059),
(210,	5,	'(668) 636-6969 x2295',	'system',	1623607059),
(210,	6,	'Lauran.Mohr@fake-email.com',	'system',	1623607059),
(210,	8,	'Stantonburgh, North Dakota',	'system',	1623607059),
(210,	16,	'1-583-599-3848',	'system',	1623607059),
(210,	23,	'Customer Agent',	'system',	1623607059),
(211,	-2,	'Yes',	'system',	1623607061),
(211,	-1,	'VTR-7718',	'system',	1623607061),
(211,	5,	'(845) 169-7682',	'system',	1623607061),
(211,	6,	'Cleveland.Will@fake-email.com',	'system',	1623607061),
(211,	8,	'West Jacob, Vermont',	'system',	1623607061),
(211,	16,	'302.489.5346',	'system',	1623607061),
(211,	23,	'Investor Education Specialist',	'system',	1623607061),
(212,	-2,	'Yes',	'system',	1623607064),
(212,	-1,	'VTR-6579',	'system',	1623607064),
(212,	5,	'1-125-952-3615 x5963',	'system',	1623607064),
(212,	6,	'Elizabeth.Gottlieb@fake-email.com',	'system',	1623607064),
(212,	8,	'Port Keith, Indiana',	'system',	1623607064),
(212,	16,	'(184) 925-8601',	'system',	1623607064),
(212,	23,	'Consulting Agent',	'system',	1623607064),
(213,	-2,	'Yes',	'system',	1623607068),
(213,	-1,	'VTR-9040',	'system',	1623607068),
(213,	5,	'(393) 503-0555 x5369',	'system',	1623607068),
(213,	6,	'Ivy.Prosacco@fake-email.com',	'system',	1623607068),
(213,	8,	'Lake Lamonica, Georgia',	'system',	1623198473),
(213,	16,	'730-587-1191',	'system',	1623607068),
(213,	23,	'Investor Farming Coordinator',	'system',	1623607068),
(214,	-2,	'Yes',	'system',	1623607070),
(214,	-1,	'VTR-6099',	'system',	1623607070),
(214,	5,	'135.829.1214 x92108',	'system',	1623607070),
(214,	6,	'Rutha.Cole@fake-email.com',	'system',	1623607070),
(214,	8,	'Edmondton, Iowa',	'system',	1623607070),
(214,	16,	'217.149.9259',	'system',	1623607070),
(214,	23,	'Dynamic Hospitality Orchestrator',	'system',	1623607070),
(215,	-2,	'Yes',	'system',	1623607072),
(215,	-1,	'VTR-3799',	'system',	1623607072),
(215,	5,	'168-244-2344 x930',	'system',	1623607072),
(215,	6,	'Marleen.Ernser@fake-email.com',	'system',	1623607072),
(215,	8,	'Efrainside, Indiana',	'system',	1623607072),
(215,	16,	'577.625.1591',	'system',	1623607072),
(215,	23,	'Construction Associate',	'system',	1623607072),
(216,	-2,	'Yes',	'system',	1623607074),
(216,	-1,	'VTR-2313',	'system',	1623607074),
(216,	5,	'1-255-190-2749',	'system',	1623607074),
(216,	6,	'Jake.Tillman@fake-email.com',	'system',	1623607074),
(216,	8,	'North Alvin, Pennsylvania',	'system',	1623607074),
(216,	16,	'(820) 784-9129',	'system',	1623607074),
(216,	23,	'Future Hospitality Director',	'system',	1623607074),
(217,	-2,	'Yes',	'system',	1623607079),
(217,	-1,	'VTR-544',	'system',	1623607079),
(217,	5,	'513-125-5725 x2906',	'system',	1623607079),
(217,	6,	'Lawerence.Rau@fake-email.com',	'system',	1623607079),
(217,	8,	'West Ursula, New Hampshire',	'system',	1623607079),
(217,	16,	'905.824.2486',	'system',	1623607079),
(217,	23,	'Marketing Liaison',	'system',	1623607079),
(218,	-2,	'Yes',	'system',	1623607081),
(218,	-1,	'VTR-9569',	'system',	1623607081),
(218,	5,	'1-170-219-7415',	'system',	1623607081),
(218,	6,	'Lise.Howe@fake-email.com',	'system',	1623607081),
(218,	8,	'Beahanborough, Nevada',	'system',	1623607081),
(218,	16,	'298-426-1653',	'system',	1623607081),
(218,	23,	'International Legal Orchestrator',	'system',	1623607081),
(219,	-2,	'Yes',	'system',	1623607085),
(219,	-1,	'VTR-3422',	'system',	1623607085),
(219,	5,	'541-051-0826',	'system',	1623607085),
(219,	6,	'Lindsey.Conn@fake-email.com',	'system',	1623607085),
(219,	8,	'Boyerborough, Arkansas',	'system',	1623607085),
(219,	16,	'1-703-322-1771',	'system',	1623607085),
(219,	23,	'Central Technology Coordinator',	'system',	1623607085),
(220,	-2,	'Yes',	'system',	1623607088),
(220,	-1,	'VTR-9915',	'system',	1623607088),
(220,	5,	'(903) 543-0008 x5036',	'system',	1623607088),
(220,	6,	'Chelsey.Powlowski@fake-email.com',	'system',	1623607088),
(220,	8,	'Volkmanchester, Kansas',	'system',	1623607088),
(220,	16,	'1-235-687-8933',	'system',	1623607088),
(220,	23,	'Retail Strategist',	'system',	1623607088),
(221,	-2,	'Yes',	'system',	1623607090),
(221,	-1,	'VTR-3020',	'system',	1623607090),
(221,	5,	'1-519-676-7607 x141',	'system',	1623607090),
(221,	6,	'Jacinta.Davis@fake-email.com',	'system',	1623607090),
(221,	8,	'Dickinsonmouth, West Virginia',	'system',	1623607090),
(221,	16,	'612-897-2474',	'system',	1623607090),
(221,	23,	'Human Technology Director',	'system',	1623607090),
(222,	-2,	'Yes',	'system',	1623607092),
(222,	-1,	'VTR-4224',	'system',	1623607092),
(222,	5,	'591-963-1598 x100',	'system',	1623607092),
(222,	6,	'Tony.Wisozk@fake-email.com',	'system',	1623607092),
(222,	8,	'Krissyview, Connecticut',	'system',	1623607092),
(222,	16,	'1-566-174-4477',	'system',	1623607092),
(222,	23,	'Mining Representative',	'system',	1623607092),
(223,	-2,	'Yes',	'system',	1623607094),
(223,	-1,	'VTR-7927',	'system',	1623607094),
(223,	5,	'1-612-429-9603',	'system',	1623607094),
(223,	6,	'ForestDeckow.Becker@fake-email.com',	'tester',	1663951329),
(223,	8,	'Lake Ryan, Texas',	'system',	1623607094),
(223,	16,	'358-184-8228',	'system',	1623607094),
(223,	23,	'Advertising Architect',	'system',	1623607094),
(224,	-2,	'Yes',	'system',	1623198607),
(224,	-1,	'VTR-3051',	'system',	1623198607),
(224,	5,	'975-152-2879 x59879',	'system',	1623607098),
(224,	6,	'Hsiu.Sauer@fake-email.com',	'system',	1623198607),
(224,	8,	'Elisaton, Wisconsin',	'system',	1623198607),
(224,	16,	'(533) 310-7088',	'system',	1623198607),
(224,	23,	'Manufacturing Agent',	'system',	1623198607),
(225,	-2,	'Yes',	'system',	1623607101),
(225,	-1,	'VTR-6377',	'system',	1623607101),
(225,	5,	'(722) 223-0479',	'system',	1623607101),
(225,	6,	'Jospeh.Bradtke@fake-email.com',	'system',	1623607101),
(225,	8,	'East Marquettaview, Maryland',	'system',	1623607101),
(225,	16,	'1-783-987-7565',	'system',	1623607101),
(225,	23,	'Consulting Developer',	'system',	1623607101),
(226,	-2,	'Yes',	'system',	1623607103),
(226,	-1,	'VTR-99',	'system',	1623607103),
(226,	5,	'1-890-785-3354 x3335',	'system',	1623607103),
(226,	6,	'Dario.Reinger@fake-email.com',	'system',	1623607103),
(226,	8,	'Shantellstad, North Dakota',	'system',	1623607103),
(226,	16,	'377.574.0425',	'system',	1623607103),
(226,	23,	'Direct Developer',	'system',	1623607103),
(227,	-2,	'Yes',	'system',	1623607105),
(227,	-1,	'VTR-1004',	'system',	1623607105),
(227,	5,	'303-865-5547 x1707',	'system',	1623607105),
(227,	6,	'Glory.Lakin@fake-email.com',	'system',	1623607105),
(227,	8,	'East Brian, New York',	'system',	1623607105),
(227,	16,	'206-032-0205',	'system',	1623607105),
(227,	23,	'Government Developer',	'system',	1623607105),
(228,	-2,	'Yes',	'system',	1623607107),
(228,	-1,	'VTR-5851',	'system',	1623607107),
(228,	5,	'1-350-267-0642 x631',	'system',	1623607107),
(228,	6,	'Latonia.Kuhic@fake-email.com',	'system',	1623607107),
(228,	8,	'Salleyhaven, Nebraska',	'system',	1623607107),
(228,	16,	'834.672.0381',	'system',	1623607107),
(228,	23,	'Product Community-Services Officer',	'system',	1623607107),
(229,	-2,	'Yes',	'system',	1623607109),
(229,	-1,	'VTR-3454',	'system',	1623607109),
(229,	5,	'1-975-527-2180 x95829',	'system',	1623607109),
(229,	6,	'Teena.Walsh@fake-email.com',	'system',	1623607109),
(229,	8,	'South Melbaton, Kentucky',	'system',	1623607109),
(229,	16,	'716-681-5791',	'system',	1623607109),
(229,	23,	'IT Analyst',	'system',	1623607109),
(230,	-2,	'Yes',	'system',	1623607112),
(230,	-1,	'VTR-3766',	'system',	1623607112),
(230,	5,	'1-427-717-8758 x0674',	'system',	1623607112),
(230,	6,	'Michael.Pollich@fake-email.com',	'system',	1623607112),
(230,	8,	'Lake Candance, Pennsylvania',	'system',	1623607112),
(230,	16,	'213-001-6586',	'system',	1623607112),
(230,	23,	'Investor Designer',	'system',	1623607112),
(231,	-2,	'Yes',	'system',	1623607114),
(231,	-1,	'VTR-3973',	'system',	1623607114),
(231,	5,	'(466) 451-7069 x855',	'system',	1623607114),
(231,	6,	'Crystal.Kohler@fake-email.com',	'system',	1623607114),
(231,	8,	'Francestad, Connecticut',	'system',	1623607114),
(231,	16,	'628-702-8072',	'system',	1623607114),
(231,	23,	'Community-Services Agent',	'system',	1623607114),
(232,	-2,	'Yes',	'system',	1623607115),
(232,	-1,	'VTR-9388',	'system',	1623607115),
(232,	5,	'(202) 028-6625 x46100',	'system',	1623607115),
(232,	6,	'Benito.Fay@fake-email.com',	'system',	1623607115),
(232,	8,	'South Kenethborough, Nevada',	'system',	1623607115),
(232,	16,	'1-396-943-5340',	'system',	1623607115),
(232,	23,	'Government Technician',	'system',	1623607115),
(233,	-2,	'Yes',	'system',	1623607118),
(233,	-1,	'VTR-4810',	'system',	1623607118),
(233,	5,	'995-362-4742 x6318',	'system',	1623607118),
(233,	6,	'Wilford.Raynor@fake-email.com',	'system',	1623607118),
(233,	8,	'Luigishire, Oregon',	'system',	1623607118),
(233,	16,	'(911) 515-6245',	'system',	1623607118),
(233,	23,	'Direct Healthcare Administrator',	'system',	1623607118),
(234,	-2,	'Yes',	'system',	1623607120),
(234,	-1,	'VTR-6640',	'system',	1623607120),
(234,	5,	'690.668.5945 x61577',	'system',	1623607120),
(234,	6,	'Phylicia.Legros@fake-email.com',	'system',	1623607120),
(234,	8,	'East Luemouth, Idaho',	'system',	1623607120),
(234,	16,	'(872) 145-2965',	'system',	1623607120),
(234,	23,	'Retail Officer',	'system',	1623607120),
(235,	-2,	'Yes',	'system',	1623607122),
(235,	-1,	'VTR-1054',	'system',	1623607122),
(235,	5,	'1-924-468-1858 x156',	'system',	1623607122),
(235,	6,	'Jeanice.Marquardt@fake-email.com',	'system',	1623607122),
(235,	8,	'Sipesland, Washington',	'system',	1623607122),
(235,	16,	'1-631-102-9916',	'system',	1623607122),
(235,	23,	'Accounting Administrator',	'system',	1623607122),
(236,	-2,	'Yes',	'system',	1623607125),
(236,	-1,	'VTR-9208',	'system',	1623607125),
(236,	5,	'(529) 613-1016 x861',	'system',	1623607125),
(236,	6,	'Shirlene.Greenholt@fake-email.com',	'system',	1623607125),
(236,	8,	'Lake Carlos, Arkansas',	'system',	1623607125),
(236,	16,	'(172) 801-7123',	'system',	1623607125),
(236,	23,	'Retail Manager',	'system',	1623607125),
(237,	-2,	'Yes',	'system',	1623607127),
(237,	-1,	'VTR-4691',	'system',	1623607127),
(237,	5,	'821.148.8858 x387',	'system',	1623607127),
(237,	6,	'Odell.Deckow@fake-email.com',	'system',	1623607127),
(237,	8,	'West Sharla, Vermont',	'system',	1623607127),
(237,	16,	'1-616-230-5837',	'system',	1623607127),
(237,	23,	'Direct Legal Architect',	'system',	1623607127),
(238,	-2,	'Yes',	'system',	1623607130),
(238,	-1,	'VTR-8673',	'system',	1623607130),
(238,	5,	'630-039-0557 x62824',	'system',	1623607130),
(238,	6,	'Claudio.Langworth@fake-email.com',	'system',	1623607130),
(238,	8,	'Lake Bettyeton, North Dakota',	'system',	1623607130),
(238,	16,	'767.791.7695',	'system',	1623607130),
(238,	23,	'Lead Developer',	'system',	1623607130),
(239,	-2,	'Yes',	'system',	1623607133),
(239,	-1,	'VTR-781',	'system',	1623607133),
(239,	5,	'1-151-495-4571 x792',	'system',	1623607133),
(239,	6,	'Columbus.Harris@fake-email.com',	'system',	1623607133),
(239,	8,	'Lake Asia, Missouri',	'system',	1623607133),
(239,	16,	'860.917.1982',	'system',	1623607133),
(239,	23,	'Retail Associate',	'system',	1623607133),
(240,	-2,	'Yes',	'system',	1623607135),
(240,	-1,	'VTR-1694',	'system',	1623607135),
(240,	5,	'720.139.3956',	'system',	1623607135),
(240,	6,	'Brandie.Marvin@fake-email.com',	'system',	1623607135),
(240,	8,	'Andersonborough, Georgia',	'system',	1623607135),
(240,	16,	'827-398-3562',	'system',	1623607135),
(240,	23,	'Internal Banking Coordinator',	'system',	1623607135),
(241,	-2,	'Yes',	'system',	1623607138),
(241,	-1,	'VTR-9216',	'system',	1623607138),
(241,	5,	'908.117.6153 x762',	'system',	1623607138),
(241,	6,	'Cleveland.Trantow@fake-email.com',	'system',	1623607138),
(241,	8,	'Gregoriomouth, Montana',	'system',	1623607138),
(241,	16,	'1-719-141-2802',	'system',	1623607138),
(241,	23,	'Technology Officer',	'system',	1623607138),
(242,	-2,	'Yes',	'system',	1623607141),
(242,	-1,	'VTR-3231',	'system',	1623607141),
(242,	5,	'(344) 956-8570 x4989',	'system',	1623607141),
(242,	6,	'Gianna.Runolfsdottir@fake-email.com',	'system',	1623607141),
(242,	8,	'Rolfsonbury, Vermont',	'system',	1623607141),
(242,	16,	'455-655-6089',	'system',	1623607141),
(242,	23,	'Corporate Hospitality Officer',	'system',	1623607141),
(243,	-2,	'Yes',	'system',	1623607143),
(243,	-1,	'VTR-1018',	'system',	1623607143),
(243,	5,	'(988) 089-1399 x4299',	'system',	1623607143),
(243,	6,	'Kristi.Williamson@fake-email.com',	'system',	1623607143),
(243,	8,	'Dickichester, Missouri',	'system',	1623607143),
(243,	16,	'819-531-3822',	'system',	1623607143),
(243,	23,	'Corporate Healthcare Executive',	'system',	1623607143),
(244,	-2,	'Yes',	'system',	1623607145),
(244,	-1,	'VTR-1436',	'system',	1623607145),
(244,	5,	'123-608-3144 x217',	'system',	1623607145),
(244,	6,	'Jacqueline.Bradtke@fake-email.com',	'system',	1623607145),
(244,	8,	'Risafurt, Oklahoma',	'system',	1623607145),
(244,	16,	'437-391-2565',	'system',	1623607145),
(244,	23,	'Internal Administration Facilitator',	'system',	1623607145),
(245,	-2,	'Yes',	'system',	1623607148),
(245,	-1,	'VTR-6330',	'system',	1623607148),
(245,	5,	'1-824-681-6073 x6734',	'system',	1623607148),
(245,	6,	'Felipe.Mante@fake-email.com',	'system',	1623607148),
(245,	8,	'Kuhicshire, Missouri',	'system',	1623607148),
(245,	16,	'1-922-195-1519',	'system',	1623607148),
(245,	23,	'Accounting Representative',	'system',	1623607148),
(246,	-2,	'Yes',	'system',	1623607151),
(246,	-1,	'VTR-1530',	'system',	1623607151),
(246,	5,	'(719) 644-7194 x130',	'system',	1623607151),
(246,	6,	'Tomas.Gorczany@fake-email.com',	'system',	1623607151),
(246,	8,	'Kundeville, Washington',	'system',	1623607151),
(246,	16,	'691-881-1305',	'system',	1623607151),
(246,	23,	'Senior Specialist',	'system',	1623607151),
(247,	-2,	'Yes',	'system',	1623607153),
(247,	-1,	'VTR-2021',	'system',	1623607153),
(247,	5,	'1-220-888-3827 x96489',	'system',	1623607153),
(247,	6,	'Desmond.Durgan@fake-email.com',	'system',	1623607153),
(247,	8,	'West Raymouth, Wisconsin',	'system',	1623607153),
(247,	16,	'1-943-590-3958',	'system',	1623607153),
(247,	23,	'Marketing Liaison',	'system',	1623607153),
(248,	-2,	'Yes',	'system',	1623607158),
(248,	-1,	'VTR-6611',	'system',	1623607158),
(248,	5,	'528-390-9537 x425',	'system',	1623607158),
(248,	6,	'Minh.Hettinger@fake-email.com',	'system',	1623607158),
(248,	8,	'New Pamelia, Missouri',	'system',	1623607158),
(248,	16,	'484.515.6131',	'system',	1623607158),
(248,	23,	'Principal Real-Estate Assistant',	'system',	1623607158),
(249,	-2,	'Yes',	'system',	1623607159),
(249,	-1,	'VTR-3045',	'system',	1623607159),
(249,	5,	'840.202.3140',	'system',	1623607159),
(249,	6,	'Alexis.Streich@fake-email.com',	'system',	1623607159),
(249,	8,	'East Karyn, Hawaii',	'system',	1623607159),
(249,	16,	'1-292-917-8139',	'system',	1623607159),
(249,	23,	'Product Consulting Planner',	'system',	1623607159),
(250,	-2,	'Yes',	'system',	1623607162),
(250,	-1,	'VTR-1441',	'system',	1623607162),
(250,	5,	'1-852-919-4062 x1478',	'system',	1623607162),
(250,	6,	'Dorian.Murphy@fake-email.com',	'system',	1623607162),
(250,	8,	'Howellberg, Montana',	'system',	1623607162),
(250,	16,	'1-160-782-7550',	'system',	1623607162),
(250,	23,	'Corporate Real-Estate Administrator',	'system',	1623607162),
(251,	-2,	'Yes',	'system',	1623607167),
(251,	-1,	'VTR-3032',	'system',	1623607167),
(251,	5,	'641-214-6531 x988',	'system',	1623607167),
(251,	6,	'Ludie.Sauer@fake-email.com',	'system',	1623607167),
(251,	8,	'New Lucio, Maryland',	'system',	1623607167),
(251,	16,	'503-379-0874',	'system',	1623607167),
(251,	23,	'Sales Administrator',	'system',	1623607167),
(252,	-2,	'Yes',	'system',	1623607170),
(252,	-1,	'VTR-3009',	'system',	1623607170),
(252,	5,	'1-290-130-5434 x4954',	'system',	1623607170),
(252,	6,	'Rocco.Monahan@fake-email.com',	'system',	1623607170),
(252,	8,	'Mayertville, Nevada',	'system',	1623607170),
(252,	16,	'845.390.3163',	'system',	1623607170),
(252,	23,	'Human Technology Orchestrator',	'system',	1623607170),
(253,	-2,	'Yes',	'system',	1623607174),
(253,	-1,	'VTR-1140',	'system',	1623607174),
(253,	5,	'1-204-460-6429 x04503',	'system',	1623607174),
(253,	6,	'Gena.Barton@fake-email.com',	'system',	1623607174),
(253,	8,	'Ebertchester, Colorado',	'system',	1623607174),
(253,	16,	'496-245-3599',	'system',	1623607174),
(253,	23,	'Corporate Accounting Manager',	'system',	1623607174),
(254,	-2,	'Yes',	'system',	1623607176),
(254,	-1,	'VTR-1935',	'system',	1623607176),
(254,	5,	'894-203-8548 x71398',	'system',	1623607176),
(254,	6,	'Beatris.Schimmel@fake-email.com',	'system',	1623607176),
(254,	8,	'Gerholdberg, Mississippi',	'system',	1623607176),
(254,	16,	'902.206.5074',	'system',	1623607176),
(254,	23,	'Marketing Assistant',	'system',	1623607176),
(255,	-2,	'Yes',	'system',	1623607178),
(255,	-1,	'VTR-2486',	'system',	1623607178),
(255,	5,	'690-166-3001',	'system',	1623607178),
(255,	6,	'Lucien.Stehr@fake-email.com',	'system',	1623607178),
(255,	8,	'East Waylon, Iowa',	'system',	1623607178),
(255,	16,	'1-765-785-2294',	'system',	1623607178),
(255,	23,	'Legal Analyst',	'system',	1623607178),
(256,	-2,	'Yes',	'system',	1623607180),
(256,	-1,	'VTR-1603',	'system',	1623607180),
(256,	5,	'707.727.1599 x88293',	'system',	1623607180),
(256,	6,	'Fumiko.Collier@fake-email.com',	'system',	1623607180),
(256,	8,	'Leuschkeport, Georgia',	'system',	1623607180),
(256,	16,	'802-685-7556',	'system',	1623607180),
(256,	23,	'Education Director',	'system',	1623607180),
(257,	-2,	'Yes',	'system',	1623607182),
(257,	-1,	'VTR-3033',	'system',	1623607182),
(257,	5,	'503-329-8950 x665',	'system',	1623607182),
(257,	6,	'Lavone.Stamm@fake-email.com',	'system',	1623607182),
(257,	8,	'East Earleneview, Pennsylvania',	'system',	1623607182),
(257,	16,	'493.942.9507',	'system',	1623607182),
(257,	23,	'International Healthcare Orchestrator',	'system',	1623607182),
(258,	-2,	'Yes',	'system',	1623607184),
(258,	-1,	'VTR-9345',	'system',	1623607184),
(258,	5,	'732-535-3516',	'system',	1623607184),
(258,	6,	'Stewart.Feest@fake-email.com',	'system',	1623607184),
(258,	8,	'Dareberg, Kentucky',	'system',	1623607184),
(258,	16,	'1-784-097-3534',	'system',	1623607184),
(258,	23,	'Retail Specialist',	'system',	1623607184),
(259,	-2,	'Yes',	'system',	1623607186),
(259,	-1,	'VTR-6242',	'system',	1623607186),
(259,	5,	'849-970-7539 x31141',	'system',	1623607186),
(259,	6,	'Adell.Douglas@fake-email.com',	'system',	1623607186),
(259,	8,	'Lake Bethanieton, Connecticut',	'system',	1623607186),
(259,	16,	'499-347-3923',	'system',	1623607186),
(259,	23,	'Construction Liaison',	'system',	1623607186),
(260,	-2,	'Yes',	'system',	1623607188),
(260,	-1,	'VTR-8496',	'system',	1623607188),
(260,	5,	'762-299-4548 x46969',	'system',	1623607188),
(260,	6,	'Gina.Hyatt@fake-email.com',	'system',	1623607188),
(260,	8,	'West Josiah, Washington',	'system',	1623607188),
(260,	16,	'(105) 116-5621',	'system',	1623607188),
(260,	23,	'Consulting Officer',	'system',	1623607188),
(261,	-2,	'Yes',	'system',	1623607190),
(261,	-1,	'VTR-6339',	'system',	1623607190),
(261,	5,	'(124) 267-5042 x531',	'system',	1623607190),
(261,	6,	'Wen.Mann@fake-email.com',	'system',	1623607190),
(261,	8,	'Lainestad, Louisiana',	'system',	1623607190),
(261,	16,	'344.892.9750',	'system',	1623607190),
(261,	23,	'Accounting Engineer',	'system',	1623607190),
(262,	-2,	'Yes',	'system',	1623607193),
(262,	-1,	'VTR-4490',	'system',	1623607193),
(262,	5,	'1-421-054-6521 x3195',	'system',	1623607193),
(262,	6,	'Nita.Veum@fake-email.com',	'system',	1623607193),
(262,	8,	'Koriberg, New Hampshire',	'system',	1623607193),
(262,	16,	'1-812-935-1973',	'system',	1623607193),
(262,	23,	'Design Orchestrator',	'system',	1623607193),
(263,	-2,	'Yes',	'system',	1623607195),
(263,	-1,	'VTR-3286',	'system',	1623607195),
(263,	5,	'(641) 200-5582 x8759',	'system',	1623607195),
(263,	6,	'Jc.Conn@fake-email.com',	'system',	1623607195),
(263,	8,	'Daretown, Ohio',	'system',	1623607195),
(263,	16,	'334.980.7075',	'system',	1623607195),
(263,	23,	'Legal Analyst',	'system',	1623607195),
(264,	-2,	'Yes',	'system',	1623607197),
(264,	-1,	'VTR-6790',	'system',	1623607197),
(264,	5,	'(110) 115-4623 x53320',	'system',	1623607197),
(264,	6,	'Katharyn.Haag@fake-email.com',	'system',	1623607197),
(264,	8,	'Schmelerchester, Florida',	'system',	1623607197),
(264,	16,	'1-199-819-9770',	'system',	1623607197),
(264,	23,	'Lead Retail Executive',	'system',	1623607197),
(265,	-2,	'Yes',	'system',	1623607202),
(265,	-1,	'VTR-1879',	'system',	1623607202),
(265,	5,	'468.204.2487',	'system',	1623607202),
(265,	6,	'Inge.Parker@fake-email.com',	'system',	1623607202),
(265,	8,	'East Jina, Nevada',	'system',	1623607202),
(265,	16,	'1-369-911-9410',	'system',	1623607202),
(265,	23,	'Investor Consulting Planner',	'system',	1623607202),
(266,	-2,	'Yes',	'system',	1623607206),
(266,	-1,	'VTR-6131',	'system',	1623607206),
(266,	5,	'1-601-828-4288 x769',	'system',	1623607206),
(266,	6,	'Rolland.Mertz@fake-email.com',	'system',	1623607206),
(266,	8,	'Clarisshire, Wyoming',	'system',	1623607206),
(266,	16,	'336-542-2314',	'system',	1623607206),
(266,	23,	'Direct Planner',	'system',	1623607206),
(267,	-2,	'Yes',	'system',	1623607209),
(267,	-1,	'VTR-4265',	'system',	1623607209),
(267,	5,	'291-001-0098 x45525',	'system',	1623607209),
(267,	6,	'Moon.Donnelly@fake-email.com',	'system',	1623607209),
(267,	8,	'South Collenemouth, Rhode Island',	'system',	1623607209),
(267,	16,	'(817) 977-4024',	'system',	1623607209),
(267,	23,	'Real-Estate Architect',	'system',	1623607209),
(268,	-2,	'Yes',	'system',	1623607216),
(268,	-1,	'VTR-5856',	'system',	1623607216),
(268,	5,	'1-299-797-1000 x9742',	'system',	1623607216),
(268,	6,	'Leslie.Rice@fake-email.com',	'system',	1623607216),
(268,	8,	'Flatleyberg, South Carolina',	'system',	1623607216),
(268,	16,	'934.209.4845',	'system',	1623607216),
(268,	23,	'Lead Hospitality Consultant',	'system',	1623607216),
(269,	-2,	'Yes',	'system',	1623607220),
(269,	-1,	'VTR-4483',	'system',	1623607220),
(269,	5,	'1-557-602-4311 x81736',	'system',	1623607220),
(269,	6,	'Hilario.Herzog@fake-email.com',	'system',	1623607220),
(269,	8,	'Margueritaland, Michigan',	'system',	1623607220),
(269,	16,	'1-717-103-4849',	'system',	1623607220),
(269,	23,	'Dynamic Strategist',	'system',	1623607220),
(270,	-2,	'Yes',	'system',	1623607223),
(270,	-1,	'VTR-8339',	'system',	1623607223),
(270,	5,	'308-583-2332 x454',	'system',	1623607223),
(270,	6,	'Kaylee.Trantow@fake-email.com',	'system',	1623607223),
(270,	8,	'Beerton, Missouri',	'system',	1623607223),
(270,	16,	'(315) 081-1026',	'system',	1623607223),
(270,	23,	'Internal Specialist',	'system',	1623607223),
(271,	-2,	'Yes',	'system',	1623607226),
(271,	-1,	'VTR-7288',	'system',	1623607226),
(271,	5,	'436-324-3816 x694',	'system',	1623607226),
(271,	6,	'Ashly.Ernser@fake-email.com',	'system',	1623607226),
(271,	8,	'Suzanneport, Iowa',	'system',	1623607226),
(271,	16,	'(487) 272-1072',	'system',	1623607226),
(271,	23,	'Consulting Representative',	'system',	1623607226),
(272,	-2,	'Yes',	'system',	1623607229),
(272,	-1,	'VTR-8882',	'system',	1623607229),
(272,	5,	'896-819-3594',	'system',	1623607229),
(272,	6,	'Morton.Torp@fake-email.com',	'system',	1623607229),
(272,	8,	'North Larryland, New Jersey',	'system',	1623607229),
(272,	16,	'1-863-121-1147',	'system',	1623607229),
(272,	23,	'Real-Estate Associate',	'system',	1623607229),
(273,	-2,	'Yes',	'system',	1623607233),
(273,	-1,	'VTR-5701',	'system',	1623607233),
(273,	5,	'263.753.4078 x5436',	'system',	1623607233),
(273,	6,	'Mellie.Olson@fake-email.com',	'system',	1623607233),
(273,	8,	'Creminfort, Arizona',	'system',	1623607233),
(273,	16,	'1-459-667-3044',	'system',	1623607233),
(273,	23,	'Future Manufacturing Specialist',	'system',	1623607233),
(274,	-2,	'Yes',	'system',	1623607235),
(274,	-1,	'VTR-5654',	'system',	1623607235),
(274,	5,	'478.119.7571 x05557',	'system',	1623607235),
(274,	6,	'Myrl.Fadel@fake-email.com',	'system',	1623607235),
(274,	8,	'West Valentin, Wisconsin',	'system',	1623607235),
(274,	16,	'257.511.9076',	'system',	1623607235),
(274,	23,	'Consulting Agent',	'system',	1623607235),
(275,	-2,	'Yes',	'system',	1623607238),
(275,	-1,	'VTR-9847',	'system',	1623607238),
(275,	5,	'(664) 740-2602 x27343',	'system',	1623607238),
(275,	6,	'Laurence.Stroman@fake-email.com',	'system',	1623607238),
(275,	8,	'DuBuquemouth, Connecticut',	'system',	1623607238),
(275,	16,	'1-376-551-5580',	'system',	1623607238),
(275,	23,	'Customer Retail Representative',	'system',	1623607238),
(276,	-2,	'Yes',	'system',	1623607242),
(276,	-1,	'VTR-4188',	'system',	1623607242),
(276,	5,	'(988) 133-2096 x64728',	'system',	1623607242),
(276,	6,	'Kyung.Gorczany@fake-email.com',	'system',	1623607242),
(276,	8,	'Port Serafina, Iowa',	'system',	1623607242),
(276,	16,	'760-203-6194',	'system',	1623607242),
(276,	23,	'Community-Services Designer',	'system',	1623607242),
(277,	-2,	'Yes',	'system',	1623607244),
(277,	-1,	'VTR-8030',	'system',	1623607244),
(277,	5,	'842-193-1600 x30190',	'system',	1623607244),
(277,	6,	'Mariana.Becker@fake-email.com',	'system',	1623607244),
(277,	8,	'New Ferneberg, Kentucky',	'system',	1623607244),
(277,	16,	'209-236-6188',	'system',	1623607244),
(277,	23,	'Chief Administrator',	'system',	1623607244),
(278,	-2,	'Yes',	'system',	1623607248),
(278,	-1,	'VTR-6107',	'system',	1623607248),
(278,	5,	'(739) 887-6513 x3878',	'system',	1623607248),
(278,	6,	'Terina.Beatty@fake-email.com',	'system',	1623607248),
(278,	8,	'West Harrisonton, Oregon',	'system',	1623607248),
(278,	16,	'866-956-4481',	'system',	1623607248),
(278,	23,	'Internal Design Specialist',	'system',	1623607248),
(279,	-2,	'Yes',	'system',	1623607250),
(279,	-1,	'VTR-3013',	'system',	1623607250),
(279,	5,	'(652) 029-1726 x4449',	'system',	1623607250),
(279,	6,	'Scott.Trantow@fake-email.com',	'system',	1623607250),
(279,	8,	'Wilberhaven, New York',	'system',	1623607250),
(279,	16,	'1-998-659-8161',	'system',	1623607250),
(279,	23,	'Legacy Sales Producer',	'system',	1623607250),
(280,	-2,	'Yes',	'system',	1623607253),
(280,	-1,	'VTR-4762',	'system',	1623607253),
(280,	5,	'898-679-1041 x8358',	'system',	1623607253),
(280,	6,	'Joline.Williamson@fake-email.com',	'system',	1623607253),
(280,	8,	'Whitneyhaven, Kentucky',	'system',	1623607253),
(280,	16,	'1-226-642-1593',	'system',	1623607253),
(280,	23,	'Legacy Healthcare Technician',	'system',	1623607253),
(281,	-2,	'Yes',	'system',	1623607256),
(281,	-1,	'VTR-6757',	'system',	1623607256),
(281,	5,	'248-600-8657 x749',	'system',	1623607256),
(281,	6,	'Reid.Kub@fake-email.com',	'system',	1623607256),
(281,	8,	'North Sarachester, Alabama',	'system',	1623607256),
(281,	16,	'246-236-9949',	'system',	1623607256),
(281,	23,	'District Real-Estate Liaison',	'system',	1623607256),
(282,	-2,	'Yes',	'system',	1623607258),
(282,	-1,	'VTR-2475',	'system',	1623607258),
(282,	5,	'582.391.4147 x1335',	'system',	1623607258),
(282,	6,	'Trish.Labadie@fake-email.com',	'system',	1623607258),
(282,	8,	'Goldnermouth, South Dakota',	'system',	1623607258),
(282,	16,	'881-839-8047',	'system',	1623607258),
(282,	23,	'Government Engineer',	'system',	1623607258),
(283,	-2,	'Yes',	'system',	1623607260),
(283,	-1,	'VTR-8270',	'system',	1623607260),
(283,	5,	'566.565.0197 x803',	'system',	1623607260),
(283,	6,	'Ollie.Flatley@fake-email.com',	'system',	1623607260),
(283,	8,	'Goodwintown, Alaska',	'system',	1623607260),
(283,	16,	'439.208.8108',	'system',	1623607260),
(283,	23,	'Marketing Architect',	'system',	1623607260),
(284,	-2,	'Yes',	'system',	1623607262),
(284,	-1,	'VTR-423',	'system',	1623607262),
(284,	5,	'932.573.1344 x168',	'system',	1623607262),
(284,	6,	'ZoilaRau.Friesen@fake-email.com',	'tester',	1663959930),
(284,	8,	'Ednaport, Indiana',	'system',	1623607262),
(284,	16,	'741-819-4407',	'system',	1623607262),
(284,	23,	'Principal Retail Analyst',	'system',	1623607262),
(285,	-2,	'Yes',	'system',	1623607263),
(285,	-1,	'VTR-1285',	'system',	1623607263),
(285,	5,	'448-701-5359 x424',	'system',	1623607263),
(285,	6,	'Toby.Kohler@fake-email.com',	'system',	1623607263),
(285,	8,	'Johnstonhaven, Wisconsin',	'system',	1623607263),
(285,	16,	'563-527-2941',	'system',	1623607263),
(285,	23,	'Banking Officer',	'system',	1623607263),
(286,	-2,	'Yes',	'system',	1623607267),
(286,	-1,	'VTR-307',	'system',	1623607267),
(286,	5,	'995-940-6799 x514',	'system',	1623607267),
(286,	6,	'Geraldo.Simonis@fake-email.com',	'system',	1623607267),
(286,	8,	'Armstrongside, Kentucky',	'system',	1623607267),
(286,	16,	'(373) 109-4750',	'system',	1623607267),
(286,	23,	'Administration Designer',	'system',	1623607267),
(287,	-2,	'Yes',	'system',	1623607269),
(287,	-1,	'VTR-4740',	'system',	1623607269),
(287,	5,	'(237) 025-0727 x834',	'system',	1623607269),
(287,	6,	'Lara.Crist@fake-email.com',	'system',	1623607269),
(287,	8,	'Boscoview, Iowa',	'system',	1623607269),
(287,	16,	'(564) 085-4238',	'system',	1623607269),
(287,	23,	'Human Engineer',	'system',	1623607269),
(288,	-2,	'Yes',	'system',	1623607274),
(288,	-1,	'VTR-2522',	'system',	1623607274),
(288,	5,	'608-607-3510',	'system',	1623607274),
(288,	6,	'Jason.Parisian@fake-email.com',	'system',	1623607274),
(288,	8,	'South Marcelinofort, Nevada',	'system',	1623607274),
(288,	16,	'774.886.4732',	'system',	1623607274),
(288,	23,	'Chief Retail Engineer',	'system',	1623607274),
(289,	-2,	'Yes',	'system',	1623607278),
(289,	-1,	'VTR-4698',	'system',	1623607278),
(289,	5,	'491.339.0385',	'system',	1623607278),
(289,	6,	'Everett.Casper@fake-email.com',	'system',	1623607278),
(289,	8,	'Smithammouth, Texas',	'system',	1623607278),
(289,	16,	'1-587-354-7730',	'system',	1623607278),
(289,	23,	'Farming Agent',	'system',	1623607278),
(290,	-2,	'Yes',	'system',	1623607281),
(290,	-1,	'VTR-2724',	'system',	1623607281),
(290,	5,	'1-213-630-2566 x01825',	'system',	1623607281),
(290,	6,	'Orlando.Vandervort@fake-email.com',	'system',	1623607281),
(290,	8,	'Lake Ruebenburgh, Connecticut',	'system',	1623607281),
(290,	16,	'591-377-8732',	'system',	1623607281),
(290,	23,	'Government Analyst',	'system',	1623607281),
(291,	-2,	'Yes',	'system',	1623607283),
(291,	-1,	'VTR-6822',	'system',	1623607283),
(291,	5,	'(403) 265-7124 x6458',	'system',	1623607283),
(291,	6,	'Benton.Von@fake-email.com',	'system',	1623607283),
(291,	8,	'East Chantebury, Nebraska',	'system',	1623607283),
(291,	16,	'(394) 338-5048',	'system',	1623607283),
(291,	23,	'Administration Producer',	'system',	1623607283),
(292,	-2,	'Yes',	'system',	1623607286),
(292,	-1,	'VTR-2102',	'system',	1623607286),
(292,	5,	'502-022-1936 x86095',	'system',	1623607286),
(292,	6,	'Diane.Schamberger@fake-email.com',	'system',	1623607286),
(292,	8,	'East Scottyshire, Ohio',	'system',	1623607286),
(292,	16,	'1-851-902-0573',	'system',	1623607286),
(292,	23,	'District Education Orchestrator',	'system',	1623607286),
(293,	-2,	'Yes',	'system',	1623607288),
(293,	-1,	'VTR-8133',	'system',	1623607288),
(293,	5,	'(822) 203-4773',	'system',	1623607288),
(293,	6,	'Nettie.Klocko@fake-email.com',	'system',	1623607288),
(293,	8,	'Dareview, Kentucky',	'system',	1623607288),
(293,	16,	'1-669-357-4226',	'system',	1623607288),
(293,	23,	'Marketing Representative',	'system',	1623607288),
(294,	-2,	'Yes',	'system',	1623607290),
(294,	-1,	'VTR-1647',	'system',	1623607290),
(294,	5,	'584.885.5913 x20002',	'system',	1623607290),
(294,	6,	'Orlando.Nienow@fake-email.com',	'system',	1623607290),
(294,	8,	'Renatofort, Oregon',	'system',	1623607290),
(294,	16,	'(667) 788-9654',	'system',	1623607290),
(294,	23,	'Regional Construction Director',	'system',	1623607290),
(295,	-2,	'Yes',	'system',	1623607293),
(295,	-1,	'VTR-2421',	'system',	1623607293),
(295,	5,	'634.292.8896 x816',	'system',	1623607293),
(295,	6,	'Sol.Dach@fake-email.com',	'system',	1623607293),
(295,	8,	'East Corrin, Missouri',	'system',	1623607293),
(295,	16,	'784.638.0390',	'system',	1623607293),
(295,	23,	'Principal Technology Architect',	'system',	1623607293),
(296,	-2,	'Yes',	'system',	1623607298),
(296,	-1,	'VTR-5922',	'system',	1623607298),
(296,	5,	'113-964-3998',	'system',	1623607298),
(296,	6,	'Leonia.Bergnaum@fake-email.com',	'system',	1623607298),
(296,	8,	'Port Alaneside, Vermont',	'system',	1623607298),
(296,	16,	'1-353-570-3560',	'system',	1623607298),
(296,	23,	'Global Banking Facilitator',	'system',	1623607298),
(297,	-2,	'Yes',	'system',	1623607301),
(297,	-1,	'VTR-3822',	'system',	1623607301),
(297,	5,	'(157) 667-1188 x60392',	'system',	1623607301),
(297,	6,	'Loriann.McLaughlin@fake-email.com',	'system',	1623607301),
(297,	8,	'Port Ranee, Washington',	'system',	1623607301),
(297,	16,	'136-902-3720',	'system',	1623607301),
(297,	23,	'Marketing Executive',	'system',	1623607301),
(298,	-2,	'Yes',	'system',	1623607304),
(298,	-1,	'VTR-5849',	'system',	1623607304),
(298,	5,	'(827) 789-3530 x845',	'system',	1623607304),
(298,	6,	'Zoila.Carroll@fake-email.com',	'system',	1623607304),
(298,	8,	'Schusterbury, Maryland',	'system',	1623607304),
(298,	16,	'477-326-5154',	'system',	1623607304),
(298,	23,	'Senior Mining Executive',	'system',	1623607304),
(299,	-2,	'Yes',	'system',	1623607310),
(299,	-1,	'VTR-1876',	'system',	1623607310),
(299,	5,	'710-187-1479 x21470',	'system',	1623607310),
(299,	6,	'Gertrude.Cormier@fake-email.com',	'system',	1623607310),
(299,	8,	'New Floramouth, Nebraska',	'system',	1623607310),
(299,	16,	'226-266-0282',	'system',	1623607310),
(299,	23,	'Retail Representative',	'system',	1623607310),
(300,	-2,	'Yes',	'system',	1623607316),
(300,	-1,	'VTR-7105',	'system',	1623607316),
(300,	5,	'(108) 823-1519 x112',	'system',	1623607316),
(300,	6,	'Asha.Simonis@fake-email.com',	'system',	1623607316),
(300,	8,	'Bednarland, Wyoming',	'system',	1623607316),
(300,	16,	'445-272-0585',	'system',	1623607316),
(300,	23,	'Sales Officer',	'system',	1623607316),
(301,	-2,	'Yes',	'system',	1623607325),
(301,	-1,	'VTR-303',	'system',	1623607325),
(301,	5,	'(864) 493-5372 x88858',	'system',	1623607325),
(301,	6,	'Hank.Abbott@fake-email.com',	'system',	1623607325),
(301,	8,	'Demarcusville, Idaho',	'system',	1623606252),
(301,	16,	'1-262-278-7408',	'system',	1623607325),
(301,	23,	'Healthcare Facilitator',	'system',	1623607325),
(302,	-2,	'Yes',	'system',	1623607329),
(302,	-1,	'VTR-1261',	'system',	1623607329),
(302,	5,	'430.415.0550 x059',	'system',	1623607329),
(302,	6,	'Leann.Wolff@fake-email.com',	'system',	1623607329),
(302,	8,	'South Cicely, New Hampshire',	'system',	1623607329),
(302,	16,	'1-163-548-0687',	'system',	1623607329),
(302,	23,	'Consulting Planner',	'system',	1623607329),
(303,	-2,	'Yes',	'system',	1623607330),
(303,	-1,	'VTR-2142',	'system',	1623607330),
(303,	5,	'(954) 326-9105 x1638',	'system',	1623607330),
(303,	6,	'Lynetta.Oberbrunner@fake-email.com',	'system',	1623607330),
(303,	8,	'Bufordton, Washington',	'system',	1623607330),
(303,	16,	'895-447-7730',	'system',	1623607330),
(303,	23,	'National Designer',	'system',	1623607330),
(304,	-2,	'Yes',	'system',	1623607334),
(304,	-1,	'VTR-7061',	'system',	1623607334),
(304,	5,	'1-714-948-2607 x456',	'system',	1623607334),
(304,	6,	'Lane.Lang@fake-email.com',	'system',	1623607334),
(304,	8,	'Moseston, Idaho',	'system',	1623607334),
(304,	16,	'(614) 101-3417',	'system',	1623607334),
(304,	23,	'Future Analyst',	'system',	1623607334),
(305,	-2,	'Yes',	'system',	1623607338),
(305,	-1,	'VTR-8224',	'system',	1623607338),
(305,	5,	'(541) 396-4074 x20389',	'system',	1623607338),
(305,	6,	'Dan.Schroeder@fake-email.com',	'system',	1623607338),
(305,	8,	'East Meldaton, Michigan',	'system',	1623607338),
(305,	16,	'903-771-9728',	'system',	1623607338),
(305,	23,	'Regional Director',	'system',	1623607338),
(306,	-2,	'Yes',	'system',	1623607340),
(306,	-1,	'VTR-9487',	'system',	1623607340),
(306,	5,	'1-903-844-5377 x88044',	'system',	1623607340),
(306,	6,	'Ouida.Murphy@fake-email.com',	'system',	1623607340),
(306,	8,	'North Porterville, Delaware',	'system',	1623607340),
(306,	16,	'758.647.3746',	'system',	1623607340),
(306,	23,	'Community-Services Technician',	'system',	1623607340),
(307,	-2,	'Yes',	'system',	1623607343),
(307,	-1,	'VTR-9698',	'system',	1623607343),
(307,	5,	'(984) 430-0761 x461',	'system',	1623607343),
(307,	6,	'Francis.Kuhic@fake-email.com',	'system',	1623607343),
(307,	8,	'New Omar, Nevada',	'system',	1623607343),
(307,	16,	'(134) 138-9491',	'system',	1623607343),
(307,	23,	'Direct Officer',	'system',	1623607343),
(308,	-2,	'Yes',	'system',	1623607345),
(308,	-1,	'VTR-8980',	'system',	1623607345),
(308,	5,	'681-080-9743',	'system',	1623607345),
(308,	6,	'Allen.Lang@fake-email.com',	'system',	1623607345),
(308,	8,	'North Seth, Georgia',	'system',	1623607345),
(308,	16,	'956.411.9445',	'system',	1623607345),
(308,	23,	'Direct Planner',	'system',	1623607345),
(309,	-2,	'Yes',	'system',	1623607348),
(309,	-1,	'VTR-7220',	'system',	1623607348),
(309,	5,	'1-903-965-4587 x8849',	'system',	1623607348),
(309,	6,	'Shoshana.Stehr@fake-email.com',	'system',	1623607348),
(309,	8,	'Hermanview, Delaware',	'system',	1623607348),
(309,	16,	'(405) 573-7658',	'system',	1623607348),
(309,	23,	'National Government Planner',	'system',	1623607348),
(310,	-2,	'Yes',	'system',	1623607350),
(310,	-1,	'VTR-2779',	'system',	1623607350),
(310,	5,	'(711) 764-3102 x6939',	'system',	1623607350),
(310,	6,	'Hayden.Feest@fake-email.com',	'system',	1623607350),
(310,	8,	'Beckerbury, Minnesota',	'system',	1623607350),
(310,	16,	'1-408-228-6604',	'system',	1623607350),
(310,	23,	'Product IT Specialist',	'system',	1623607350),
(311,	-2,	'Yes',	'system',	1623607352),
(311,	-1,	'VTR-872',	'system',	1623607352),
(311,	5,	'1-571-557-5953 x0153',	'system',	1623607352),
(311,	6,	'Hai.Zboncak@fake-email.com',	'system',	1623607352),
(311,	8,	'Bogisichland, Mississippi',	'system',	1623607352),
(311,	16,	'125-428-4301',	'system',	1623607352),
(311,	23,	'District Design Specialist',	'system',	1623607352),
(312,	-2,	'Yes',	'system',	1623607355),
(312,	-1,	'VTR-7869',	'system',	1623607355),
(312,	5,	'1-883-528-2830 x2079',	'system',	1623607355),
(312,	6,	'Malcolm.Rogahn@fake-email.com',	'system',	1623607355),
(312,	8,	'Wisozkview, South Carolina',	'system',	1623607355),
(312,	16,	'(704) 888-4304',	'system',	1623607355),
(312,	23,	'Dynamic Advertising Specialist',	'system',	1623607355),
(313,	-2,	'Yes',	'system',	1623607357),
(313,	-1,	'VTR-8666',	'system',	1623607357),
(313,	5,	'966-740-1068 x98627',	'system',	1623607357),
(313,	6,	'Taina.Walker@fake-email.com',	'system',	1623607357),
(313,	8,	'Taport, Delaware',	'system',	1623607357),
(313,	16,	'819.583.0739',	'system',	1623607357),
(313,	23,	'Legal Executive',	'system',	1623607357),
(314,	-2,	'Yes',	'system',	1623607360),
(314,	-1,	'VTR-7083',	'system',	1623607360),
(314,	5,	'292.368.5668 x36333',	'system',	1623607360),
(314,	6,	'Eli.Zemlak@fake-email.com',	'system',	1623607360),
(314,	8,	'Padbergfurt, Michigan',	'system',	1623607360),
(314,	16,	'(650) 820-9721',	'system',	1623607360),
(314,	23,	'Legal Engineer',	'system',	1623607360),
(315,	-2,	'Yes',	'system',	1623607362),
(315,	-1,	'VTR-5362',	'system',	1623607362),
(315,	5,	'422-556-1814 x5931',	'system',	1623607362),
(315,	6,	'Lavonne.Kuhic@fake-email.com',	'system',	1623607362),
(315,	8,	'Chongmouth, South Carolina',	'system',	1623607362),
(315,	16,	'584-829-1308',	'system',	1623607362),
(315,	23,	'Central Consulting Executive',	'system',	1623607362),
(316,	-2,	'Yes',	'system',	1623607367),
(316,	-1,	'VTR-1354',	'system',	1623607367),
(316,	5,	'(616) 583-3018 x04239',	'system',	1623607367),
(316,	6,	'Sydney.Parisian@fake-email.com',	'system',	1623607367),
(316,	8,	'North Zenobia, Kansas',	'system',	1623607367),
(316,	16,	'1-830-666-3832',	'system',	1623607367),
(316,	23,	'International Healthcare Facilitator',	'system',	1623607367),
(317,	-2,	'Yes',	'system',	1623607369),
(317,	-1,	'VTR-1574',	'system',	1623607369),
(317,	5,	'1-273-997-6594 x45643',	'system',	1623607369),
(317,	6,	'Virgilio.Barrows@fake-email.com',	'system',	1623607369),
(317,	8,	'Rexberg, California',	'system',	1623607369),
(317,	16,	'150.016.8227',	'system',	1623607369),
(317,	23,	'Legacy Coordinator',	'system',	1623607369),
(318,	-2,	'Yes',	'system',	1623607371),
(318,	-1,	'VTR-2415',	'system',	1623607371),
(318,	5,	'763-631-4587 x6359',	'system',	1623607371),
(318,	6,	'Abraham.Weissnat@fake-email.com',	'system',	1623607371),
(318,	8,	'Lake Alejandrohaven, Montana',	'system',	1623607371),
(318,	16,	'(769) 836-8891',	'system',	1623607371),
(318,	23,	'Accounting Producer',	'system',	1623607371),
(319,	-2,	'Yes',	'system',	1623607373),
(319,	-1,	'VTR-2351',	'system',	1623607373),
(319,	5,	'635-038-4631',	'system',	1623607373),
(319,	6,	'Herbert.Bauch@fake-email.com',	'system',	1623607373),
(319,	8,	'Tamarland, Delaware',	'system',	1623607373),
(319,	16,	'508-112-3656',	'system',	1623607373),
(319,	23,	'Human Planner',	'system',	1623607373),
(320,	-2,	'Yes',	'system',	1623607377),
(320,	-1,	'VTR-7578',	'system',	1623607377),
(320,	5,	'1-751-361-0078 x1299',	'system',	1623607377),
(320,	6,	'Bradley.Lakin@fake-email.com',	'system',	1623607377),
(320,	8,	'Schneidertown, Florida',	'system',	1623607377),
(320,	16,	'359.659.0327',	'system',	1623607377),
(320,	23,	'Legal Assistant',	'system',	1623607377),
(321,	-2,	'Yes',	'system',	1623607380),
(321,	-1,	'VTR-7647',	'system',	1623607380),
(321,	5,	'1-722-198-4048 x1515',	'system',	1623607380),
(321,	6,	'Chase.Rempel@fake-email.com',	'system',	1623607380),
(321,	8,	'McLaughlinburgh, West Virginia',	'system',	1623607380),
(321,	16,	'(531) 235-9747',	'system',	1623607380),
(321,	23,	'Legal Administrator',	'system',	1623607380),
(322,	-2,	'Yes',	'system',	1623607383),
(322,	-1,	'VTR-5655',	'system',	1623607383),
(322,	5,	'(104) 157-6884',	'system',	1623607383),
(322,	6,	'Galen.Kautzer@fake-email.com',	'system',	1623607383),
(322,	8,	'Lake Racheletown, Mississippi',	'system',	1623607383),
(322,	16,	'315.760.3508',	'system',	1623607383),
(322,	23,	'Consulting Analyst',	'system',	1623607383),
(323,	-2,	'Yes',	'system',	1623607386),
(323,	-1,	'VTR-7877',	'system',	1623607386),
(323,	5,	'759.337.8692 x095',	'system',	1623607386),
(323,	6,	'Burton.Wyman@fake-email.com',	'system',	1623607386),
(323,	8,	'Gilberteside, West Virginia',	'system',	1623607386),
(323,	16,	'(701) 092-7239',	'system',	1623607386),
(323,	23,	'International Marketing Technician',	'system',	1623607386),
(324,	-2,	'Yes',	'system',	1623607389),
(324,	-1,	'VTR-4776',	'system',	1623607389),
(324,	5,	'312.127.4116 x98371',	'system',	1623607389),
(324,	6,	'Reva.West@fake-email.com',	'system',	1623607389),
(324,	8,	'West Harleymouth, Alabama',	'system',	1623607389),
(324,	16,	'1-838-777-9886',	'system',	1623607389),
(324,	23,	'Internal Education Director',	'system',	1623607389),
(325,	-2,	'Yes',	'system',	1623607392),
(325,	-1,	'VTR-1367',	'system',	1623607392),
(325,	5,	'219.626.7217 x06488',	'system',	1623607392),
(325,	6,	'Vernie.Collier@fake-email.com',	'system',	1623607392),
(325,	8,	'North Michalestad, Nevada',	'system',	1623607392),
(325,	16,	'(626) 735-9265',	'system',	1623607392),
(325,	23,	'Lead Liaison',	'system',	1623607392),
(326,	-2,	'Yes',	'system',	1623606309),
(326,	-1,	'VTR-6778',	'system',	1623606309),
(326,	5,	'(603) 611-0328',	'system',	1623607395),
(326,	6,	'Argentina.Heaney@fake-email.com',	'system',	1623606309),
(326,	8,	'Gibsonbury, New York',	'system',	1623606309),
(326,	16,	'1-389-274-0529',	'system',	1623606309),
(326,	23,	'Product IT Manager',	'system',	1623606309),
(327,	-2,	'Yes',	'system',	1623607397),
(327,	-1,	'VTR-6834',	'system',	1623607397),
(327,	5,	'1-719-519-6890 x2908',	'system',	1623607397),
(327,	6,	'Ocie.Padberg@fake-email.com',	'system',	1623607397),
(327,	8,	'Coreyville, Wyoming',	'system',	1623607397),
(327,	16,	'(670) 603-7510',	'system',	1623607397),
(327,	23,	'Central Director',	'system',	1623607397),
(328,	-2,	'Yes',	'system',	1623607398),
(328,	-1,	'VTR-8133',	'system',	1623607398),
(328,	5,	'1-108-660-8332 x296',	'system',	1623607398),
(328,	6,	'Ferdinand.Bailey@fake-email.com',	'system',	1623607398),
(328,	8,	'Lake Cecileberg, Maryland',	'system',	1623607398),
(328,	16,	'1-539-109-6711',	'system',	1623607398),
(328,	23,	'Healthcare Producer',	'system',	1623607398),
(329,	-2,	'Yes',	'system',	1623607402),
(329,	-1,	'VTR-2870',	'system',	1623607402),
(329,	5,	'947-272-8069 x769',	'system',	1623607402),
(329,	6,	'Nell.Boyle@fake-email.com',	'system',	1623607402),
(329,	8,	'East Annamaeborough, Montana',	'system',	1623607402),
(329,	16,	'1-772-922-1495',	'system',	1623607402),
(329,	23,	'Senior Liaison',	'system',	1623607402),
(330,	-2,	'Yes',	'system',	1623607404),
(330,	-1,	'VTR-5288',	'system',	1623607404),
(330,	5,	'1-272-840-6081 x2933',	'system',	1623607404),
(330,	6,	'Vincenzo.Gutkowski@fake-email.com',	'system',	1623607404),
(330,	8,	'Port Rubin, New Hampshire',	'system',	1623607404),
(330,	16,	'203-075-9966',	'system',	1623607404),
(330,	23,	'Customer Supervisor',	'system',	1623607404),
(331,	-2,	'Yes',	'system',	1623607407),
(331,	-1,	'VTR-4557',	'system',	1623607407),
(331,	5,	'980-123-0236',	'system',	1623607407),
(331,	6,	'Madelyn.Friesen@fake-email.com',	'system',	1623607407),
(331,	8,	'East Ranee, Pennsylvania',	'system',	1623607407),
(331,	16,	'337.870.9136',	'system',	1623607407),
(331,	23,	'Sales Analyst',	'system',	1623607407),
(332,	-2,	'Yes',	'system',	1623607410),
(332,	-1,	'VTR-404',	'system',	1623607410),
(332,	5,	'(160) 325-0394 x445',	'system',	1623607410),
(332,	6,	'Asley.Davis@fake-email.com',	'system',	1623607410),
(332,	8,	'Quigleyfurt, Utah',	'system',	1623607410),
(332,	16,	'(889) 512-2689',	'system',	1623607410),
(332,	23,	'Administration Developer',	'system',	1623607410),
(333,	-2,	'Yes',	'system',	1623607412),
(333,	-1,	'VTR-8350',	'system',	1623607412),
(333,	5,	'1-904-840-9292 x808',	'system',	1623607412),
(333,	6,	'Ivory.Davis@fake-email.com',	'system',	1623607412),
(333,	8,	'East Leopoldo, New Mexico',	'system',	1623607412),
(333,	16,	'628.302.6957',	'system',	1623607412),
(333,	23,	'Global Design Agent',	'system',	1623607412),
(334,	-2,	'Yes',	'system',	1623606329),
(334,	-1,	'VTR-1822',	'system',	1623606329),
(334,	5,	'(244) 862-3605 x307',	'system',	1623607415),
(334,	6,	'Peter.Shields@fake-email.com',	'system',	1623606329),
(334,	8,	'Stephainebury, Alaska',	'system',	1623606329),
(334,	16,	'(335) 297-2593',	'system',	1623606329),
(334,	23,	'Administration Strategist',	'system',	1623606329),
(335,	-2,	'Yes',	'system',	1623607417),
(335,	-1,	'VTR-7840',	'system',	1623607417),
(335,	5,	'358-197-7521 x2140',	'system',	1623607417),
(335,	6,	'Mackenzie.Hickle@fake-email.com',	'system',	1623607417),
(335,	8,	'East Daniellshire, West Virginia',	'system',	1623607417),
(335,	16,	'599-980-5919',	'system',	1623607417),
(335,	23,	'Global Hospitality Consultant',	'system',	1623607417),
(336,	-2,	'Yes',	'system',	1623607420),
(336,	-1,	'VTR-4282',	'system',	1623607420),
(336,	5,	'963-681-9102 x3782',	'system',	1623607420),
(336,	6,	'Corliss.Homenick@fake-email.com',	'system',	1623607420),
(336,	8,	'North Leeburgh, Pennsylvania',	'system',	1623607420),
(336,	16,	'1-169-217-3341',	'system',	1623607420),
(336,	23,	'District Planner',	'system',	1623607420),
(337,	-2,	'Yes',	'system',	1623607423),
(337,	-1,	'VTR-6698',	'system',	1623607423),
(337,	5,	'(262) 405-8013 x025',	'system',	1623607423),
(337,	6,	'Cherilyn.Jacobs@fake-email.com',	'system',	1623607423),
(337,	8,	'East Fabianstad, Pennsylvania',	'system',	1623607423),
(337,	16,	'1-278-547-4976',	'system',	1623607423),
(337,	23,	'Product Representative',	'system',	1623607423),
(338,	-2,	'Yes',	'system',	1623607424),
(338,	-1,	'VTR-3993',	'system',	1623607424),
(338,	5,	'1-205-721-7800 x54342',	'system',	1623607424),
(338,	6,	'Quinton.Morar@fake-email.com',	'system',	1623607424),
(338,	8,	'Lake Breanastad, Missouri',	'system',	1623607424),
(338,	16,	'1-141-748-9525',	'system',	1623607424),
(338,	23,	'Internal Farming Specialist',	'system',	1623607424),
(339,	-2,	'Yes',	'system',	1623607427),
(339,	-1,	'VTR-6716',	'system',	1623607427),
(339,	5,	'402-556-5050 x6009',	'system',	1623607427),
(339,	6,	'Basil.Fay@fake-email.com',	'system',	1623607427),
(339,	8,	'Mohammadburgh, Nebraska',	'system',	1623607427),
(339,	16,	'(215) 256-7814',	'system',	1623607427),
(339,	23,	'Regional Manufacturing Consultant',	'system',	1623607427),
(340,	-2,	'Yes',	'system',	1623607429),
(340,	-1,	'VTR-9830',	'system',	1623607429),
(340,	5,	'565-936-8002',	'system',	1623607429),
(340,	6,	'Glennis.Bergnaum@fake-email.com',	'system',	1623607429),
(340,	8,	'South Franklin, Florida',	'system',	1623607429),
(340,	16,	'665.772.6511',	'system',	1623607429),
(340,	23,	'Healthcare Strategist',	'system',	1623607429),
(341,	-2,	'Yes',	'system',	1623607431),
(341,	-1,	'VTR-8373',	'system',	1623607431),
(341,	5,	'(565) 221-7711 x88735',	'system',	1623607431),
(341,	6,	'Juanita.Brakus@fake-email.com',	'system',	1623607431),
(341,	8,	'Arielleville, Oregon',	'system',	1623607431),
(341,	16,	'545.099.2121',	'system',	1623607431),
(341,	23,	'Regional Engineer',	'system',	1623607431),
(342,	-2,	'Yes',	'system',	1623607433),
(342,	-1,	'VTR-8617',	'system',	1623607433),
(342,	5,	'1-463-383-5941',	'system',	1623607433),
(342,	6,	'Robbyn.Legros@fake-email.com',	'system',	1623607433),
(342,	8,	'Port Stewartborough, Pennsylvania',	'system',	1623607433),
(342,	16,	'902.014.5597',	'system',	1623607433),
(342,	23,	'Principal Legal Facilitator',	'system',	1623607433),
(343,	-2,	'Yes',	'system',	1623607436),
(343,	-1,	'VTR-4570',	'system',	1623607436),
(343,	5,	'473.961.7020',	'system',	1623607436),
(343,	6,	'Lakita.Williamson@fake-email.com',	'system',	1623607436),
(343,	8,	'Port Oda, South Carolina',	'system',	1623607436),
(343,	16,	'(322) 434-7263',	'system',	1623607436),
(343,	23,	'Central Facilitator',	'system',	1623607436),
(344,	-2,	'Yes',	'system',	1623607438),
(344,	-1,	'VTR-8472',	'system',	1623607438),
(344,	5,	'820-162-0882',	'system',	1623607438),
(344,	6,	'Sidney.Bauch@fake-email.com',	'system',	1623607438),
(344,	8,	'Catherinaville, Delaware',	'system',	1623607438),
(344,	16,	'566-383-4527',	'system',	1623607438),
(344,	23,	'Central Technology Engineer',	'system',	1623607438),
(345,	-2,	'Yes',	'system',	1623607440),
(345,	-1,	'VTR-1152',	'system',	1623607440),
(345,	5,	'450-821-6531 x9294',	'system',	1623607440),
(345,	6,	'Darwin.Thiel@fake-email.com',	'system',	1623607440),
(345,	8,	'West German, Louisiana',	'system',	1623607440),
(345,	16,	'(218) 564-4043',	'system',	1623607440),
(345,	23,	'Customer Marketing Facilitator',	'system',	1623607440),
(346,	-2,	'Yes',	'system',	1623607443),
(346,	-1,	'VTR-2187',	'system',	1623607443),
(346,	5,	'981-746-4635 x436',	'system',	1623607443),
(346,	6,	'Brandon.Kub@fake-email.com',	'system',	1623607443),
(346,	8,	'Wilmershire, Minnesota',	'system',	1623607443),
(346,	16,	'659.743.7290',	'system',	1623607443),
(346,	23,	'Principal Marketing Agent',	'system',	1623607443),
(347,	-2,	'Yes',	'system',	1623607445),
(347,	-1,	'VTR-482',	'system',	1623607445),
(347,	5,	'1-614-539-0452 x009',	'system',	1623607445),
(347,	6,	'Heath.Ortiz@fake-email.com',	'system',	1623607445),
(347,	8,	'East Susy, Washington',	'system',	1623607445),
(347,	16,	'(184) 713-5790',	'system',	1623607445),
(347,	23,	'Consulting Liaison',	'system',	1623607445),
(348,	-2,	'Yes',	'system',	1623607448),
(348,	-1,	'VTR-8555',	'system',	1623607448),
(348,	5,	'255.507.3337 x114',	'system',	1623607448),
(348,	6,	'Porsha.Little@fake-email.com',	'system',	1623607448),
(348,	8,	'East Cleveland, Oregon',	'system',	1623607448),
(348,	16,	'(224) 954-9705',	'system',	1623607448),
(348,	23,	'Product Coordinator',	'system',	1623607448),
(349,	-2,	'Yes',	'system',	1623607450),
(349,	-1,	'VTR-4144',	'system',	1623607450),
(349,	5,	'540-689-1204 x377',	'system',	1623607450),
(349,	6,	'Nigel.Bergstrom@fake-email.com',	'system',	1623607450),
(349,	8,	'Toyburgh, Maryland',	'system',	1623607450),
(349,	16,	'756-242-0108',	'system',	1623607450),
(349,	23,	'Sales Manager',	'system',	1623607450),
(350,	-2,	'Yes',	'system',	1623607452),
(350,	-1,	'VTR-2274',	'system',	1623607452),
(350,	5,	'1-705-674-8995 x048',	'system',	1623607452),
(350,	6,	'Classie.Parisian@fake-email.com',	'system',	1623607452),
(350,	8,	'East Kaitlyn, Louisiana',	'system',	1623607452),
(350,	16,	'818.800.3889',	'system',	1623607452),
(350,	23,	'Corporate Hospitality Analyst',	'system',	1623607452);

DROP TABLE IF EXISTS `employee_data_history`;
CREATE TABLE `employee_data_history` (
  `empUID` mediumint(8) unsigned NOT NULL,
  `indicatorID` tinyint(3) NOT NULL,
  `data` text NOT NULL,
  `author` varchar(30) NOT NULL,
  `timestamp` int(10) unsigned NOT NULL DEFAULT '0',
  KEY `empUID` (`empUID`,`indicatorID`),
  KEY `timestamp` (`timestamp`)
) ENGINE=InnoDB DEFAULT CHARSET=utf8;

INSERT INTO `employee_data_history` (`empUID`, `indicatorID`, `data`, `author`, `timestamp`) VALUES
(223,	6,	'ForestDeckow.Becker@fake-email.com',	'tester',	1663951329),
(134,	6,	'WadeHills.Gorczany@fake-email.com',	'tester',	1663952000),
(284,	6,	'ZoilaRau.Friesen@fake-email.com',	'tester',	1663959930);

DROP TABLE IF EXISTS `employee_privileges`;
CREATE TABLE `employee_privileges` (
  `empUID` mediumint(8) unsigned NOT NULL,
  `categoryID` enum('employee','position','group') NOT NULL,
  `UID` smallint(5) unsigned NOT NULL,
  `read` tinyint(1) NOT NULL DEFAULT '0',
  `write` tinyint(1) NOT NULL DEFAULT '0',
  `grant` tinyint(1) NOT NULL DEFAULT '0',
  UNIQUE KEY `empUID` (`empUID`,`categoryID`,`UID`)
) ENGINE=InnoDB DEFAULT CHARSET=utf8;


DROP TABLE IF EXISTS `groups`;
CREATE TABLE `groups` (
  `groupID` smallint(5) unsigned NOT NULL AUTO_INCREMENT,
  `parentID` smallint(5) unsigned NOT NULL DEFAULT '0',
  `groupTitle` varchar(250) NOT NULL,
  `groupAbbreviation` varchar(250) DEFAULT NULL,
  `phoneticGroupTitle` varchar(250) NOT NULL DEFAULT '',
  PRIMARY KEY (`groupID`),
  KEY `parentID` (`parentID`),
  KEY `groupAbbreviation` (`groupAbbreviation`),
  KEY `groupTitle` (`groupTitle`)
) ENGINE=InnoDB DEFAULT CHARSET=utf8;

INSERT INTO `groups` (`groupID`, `parentID`, `groupTitle`, `groupAbbreviation`, `phoneticGroupTitle`) VALUES
(1,	0,	'Sys Admins',	'mauve',	'StlHm'),
(2,	0,	'Everyone else',	'cerise',	'rnCmptrs'),
(3,	0,	'Silk Baby',	'aquamarine',	'SlkBby'),
(4,	0,	'Wool Automotive & Computers',	'beige',	'Wltmtv&Cmptrs'),
(5,	0,	'Silk Health & Garden',	'sapphire',	'SlkHlth&Grdn'),
(6,	0,	'Concrete Outdoors',	'red',	'Cncrttdrs'),
(7,	0,	'Rubber Kids & Garden',	'amber',	'RbbrKds&Grdn'),
(8,	0,	'Iron Home',	'byzantium',	'rnHm'),
(9,	0,	'Granite Music',	'lemon',	'GrntMsc'),
(10,	0,	'Granite Garden & Jewelry',	'cerulean',	'GrntGrdn&Jwlry'),
(11,	0,	'Paper Health',	'cyan',	'PprHlth'),
(12,	0,	'Iron Toys',	'amber',	'rnTys'),
(13,	0,	'Silk Beauty & Music',	'carmine',	'SlkBty&Msc'),
(14,	0,	'Iron Sports',	'amethyst',	'rnSprts'),
(15,	0,	'Bronze Music',	'erin',	'BrnzMsc'),
(16,	0,	'Wooden Movies & Home',	'beige',	'WdnMvs&Hm'),
(17,	0,	'Wooden Automotive & Books',	'aquamarine',	'Wdntmtv&Bks'),
(18,	0,	'Wooden Jewelry',	'violet',	'WdnJwlry'),
(19,	0,	'Concrete Industrial',	'amethyst',	'Cncrtndstrl'),
(20,	0,	'Iron Jewelry & Beauty',	'beige',	'rnJwlry&Bty'),
(21,	0,	'Leather Games',	'mauve',	'LthrGms'),
(22,	0,	'Wooden Electronics & Garden',	'burgundy',	'Wdnlctrncs&Grdn'),
(23,	0,	'Bronze Computers & Tools',	'silver',	'BrnzCmptrs&Tls'),
(24,	0,	'Iron Computers & Baby',	'pink',	'rnCmptrs&Bby'),
(25,	0,	'Bronze Garden & Beauty',	'orchid',	'BrnzGrdn&Bty'),
(26,	0,	'Rubber Music',	'indigo',	'RbbrMsc'),
(27,	0,	'Steel Beauty',	'emerald',	'StlBty'),
(28,	0,	'Cotton Movies & Books',	'cerulean',	'CttnMvs&Bks'),
(29,	0,	'Bronze Kids',	'red',	'BrnzKds'),
(30,	0,	'Wooden Beauty',	'peach',	'WdnBty'),
(31,	0,	'Leather Games',	'gold',	'LthrGms'),
(32,	0,	'Steel Outdoors & Sports',	'amethyst',	'Stltdrs&Sprts'),
(33,	0,	'Marble Home',	'burgundy',	'MrblHm'),
(34,	0,	'Granite Computers & Grocery',	'sapphire',	'GrntCmptrs&Grcry'),
(35,	0,	'Marble Health & Books',	'jade',	'MrblHlth&Bks'),
(36,	0,	'Rubber Grocery',	'taupe',	'RbbrGrcry'),
(37,	0,	'Bronze Garden & Beauty',	'silver',	'BrnzGrdn&Bty'),
(38,	0,	'Marble Sports',	'harlequin',	'MrblSprts'),
(39,	0,	'Steel Home & Books',	'sangria',	'StlHm&Bks'),
(40,	0,	'Aluminum Shoes & Books',	'coral',	'lmnmShs&Bks'),
(41,	0,	'Linen Outdoors',	'gray',	'Lnntdrs'),
(42,	0,	'Paper Music & Kids',	'purple',	'PprMsc&Kds'),
(43,	0,	'Iron Computers',	'black',	'rnCmptrs'),
(44,	0,	'Steel Music',	'burgundy',	'StlMsc'),
(45,	0,	'Leather Movies',	'indigo',	'LthrMvs'),
(46,	0,	'Granite Baby',	'chocolate',	'GrntBby'),
(47,	0,	'Linen Sports & Computers',	'carmine',	'LnnSprts&Cmptrs'),
(48,	0,	'Copper Electronics & Home',	'scarlet',	'Cpprlctrncs&Hm'),
(49,	0,	'Plastic Computers & Jewelry',	'amaranth',	'PlstcCmptrs&Jwlry'),
(50,	0,	'Silk Health',	'lavender',	'SlkHlth'),
(51,	0,	'Iron Electronics & Beauty',	'byzantium',	'rnlctrncs&Bty'),
(52,	0,	'Linen Tools & Automotive',	'pink',	'LnnTls&tmtv'),
(53,	0,	'Aluminum Books',	'amethyst',	'lmnmBks'),
(54,	0,	'Wool Electronics',	'olive',	'Wllctrncs'),
(55,	0,	'Leather Jewelry & Industrial',	'violet',	'LthrJwlry&ndstrl'),
(56,	0,	'Paper Garden',	'carmine',	'PprGrdn'),
(57,	0,	'Copper Clothing & Games',	'maroon',	'CpprClthng&Gms'),
(58,	0,	'Leather Health',	'olive',	'LthrHlth'),
(59,	0,	'Iron Health & Electronics',	'sangria',	'rnHlth&lctrncs'),
(60,	0,	'Granite Shoes & Kids',	'gold',	'GrntShs&Kds'),
(61,	0,	'Steel Electronics & Music',	'carmine',	'Stllctrncs&Msc'),
(62,	0,	'Wool Books',	'salmon',	'WlBks'),
(63,	0,	'Aluminum Computers',	'harlequin',	'lmnmCmptrs'),
(64,	0,	'Iron Jewelry & Computers',	'lavender',	'rnJwlry&Cmptrs'),
(65,	0,	'Aluminum Home',	'green',	'lmnmHm'),
(66,	0,	'Marble Sports',	'ruby',	'MrblSprts'),
(67,	0,	'Wooden Clothing & Tools',	'maroon',	'WdnClthng&Tls'),
(68,	0,	'Wool Games',	'fuchsia',	'WlGms'),
(69,	0,	'Rubber Electronics & Sports',	'lavender',	'Rbbrlctrncs&Sprts'),
(70,	0,	'Iron Beauty & Computers',	'mauve',	'rnBty&Cmptrs'),
(71,	0,	'Cotton Music',	'sky',	'CttnMsc'),
(72,	0,	'Leather Health',	'coral',	'LthrHlth'),
(73,	0,	'Paper Home & Baby',	'copper',	'PprHm&Bby'),
(74,	0,	'Plastic Jewelry',	'grey',	'PlstcJwlry'),
(75,	0,	'Steel Movies',	'byzantium',	'StlMvs'),
(76,	0,	'Plastic Kids',	'scarlet',	'PlstcKds'),
(77,	0,	'Rubber Tools & Movies',	'black',	'RbbrTls&Mvs'),
(78,	0,	'Aluminum Toys & Movies',	'fuchsia',	'lmnmTys&Mvs'),
(79,	0,	'Copper Electronics & Sports',	'azure',	'Cpprlctrncs&Sprts'),
(80,	0,	'Copper Music & Books',	'amethyst',	'CpprMsc&Bks'),
(81,	0,	'Concrete Music',	'lime',	'CncrtMsc'),
(82,	0,	'Plastic Electronics',	'grey',	'Plstclctrncs'),
(83,	0,	'Plastic Sports',	'olive',	'PlstcSprts'),
(84,	0,	'Silk Jewelry & Beauty',	'blush',	'SlkJwlry&Bty'),
(85,	0,	'Copper Jewelry',	'amaranth',	'CpprJwlry'),
(86,	0,	'Cotton Automotive',	'azure',	'Cttntmtv'),
(87,	0,	'Aluminum Books & Movies',	'salmon',	'lmnmBks&Mvs'),
(88,	0,	'Granite Computers',	'white',	'GrntCmptrs'),
(89,	0,	'Aluminum Games',	'bronze',	'lmnmGms'),
(90,	0,	'Concrete Electronics',	'orange',	'Cncrtlctrncs'),
(91,	0,	'Leather Grocery',	'byzantium',	'LthrGrcry'),
(92,	0,	'Cotton Computers',	'byzantium',	'CttnCmptrs'),
(93,	0,	'Iron Sports',	'sangria',	'rnSprts'),
(94,	0,	'Plastic Electronics',	'byzantium',	'Plstclctrncs'),
(95,	0,	'Silk Electronics',	'gold',	'Slklctrncs'),
(96,	0,	'Iron Industrial',	'ivory',	'rnndstrl'),
(97,	0,	'Steel Tools & Movies',	'orange',	'StlTls&Mvs'),
(98,	0,	'Wooden Home',	'puce',	'WdnHm'),
(99,	0,	'Plastic Industrial & Grocery',	'silver',	'Plstcndstrl&Grcry'),
(100,	0,	'Rubber Computers',	'yellow',	'RbbrCmptrs'),
(101,	0,	'Silk Outdoors',	'champagne',	'Slktdrs'),
(102,	0,	'Plastic Clothing & Toys',	'rose',	'PlstcClthng&Tys'),
(103,	0,	'Marble Games',	'carmine',	'MrblGms'),
(104,	0,	'Copper Home',	'rose',	'CpprHm'),
(105,	0,	'Leather Shoes',	'puce',	'LthrShs'),
(106,	0,	'Silk Books & Automotive',	'copper',	'SlkBks&tmtv'),
(107,	0,	'Cotton Tools',	'aquamarine',	'CttnTls'),
(108,	0,	'Marble Movies',	'viridian',	'MrblMvs'),
(109,	0,	'Linen Clothing & Books',	'ivory',	'LnnClthng&Bks'),
(110,	0,	'Leather Industrial & Electronics',	'puce',	'Lthrndstrl&lctrncs'),
(111,	0,	'Linen Sports',	'ultramarine',	'LnnSprts'),
(112,	0,	'Copper Tools',	'burgundy',	'CpprTls'),
(113,	0,	'Granite Beauty',	'periwinkle',	'GrntBty'),
(114,	0,	'Wool Garden & Shoes',	'chocolate',	'WlGrdn&Shs'),
(115,	0,	'Paper Jewelry',	'black',	'PprJwlry'),
(116,	0,	'Marble Shoes & Beauty',	'pink',	'MrblShs&Bty'),
(117,	0,	'Steel Home & Kids',	'red',	'StlHm&Kds'),
(118,	0,	'Aluminum Grocery & Shoes',	'lavender',	'lmnmGrcry&Shs'),
(119,	0,	'Granite Outdoors & Tools',	'maroon',	'Grnttdrs&Tls'),
(120,	0,	'Marble Automotive & Shoes',	'coffee',	'Mrbltmtv&Shs'),
(121,	0,	'Leather Outdoors & Grocery',	'coral',	'Lthrtdrs&Grcry'),
(122,	0,	'Steel Clothing & Movies',	'gray',	'StlClthng&Mvs'),
(123,	0,	'Paper Home',	'amethyst',	'PprHm'),
(124,	0,	'Copper Outdoors',	'sky',	'Cpprtdrs'),
(125,	0,	'Steel Beauty',	'sky',	'StlBty'),
(126,	0,	'Copper Home & Health',	'lilac',	'CpprHm&Hlth'),
(127,	0,	'Wool Toys',	'amethyst',	'WlTys'),
(128,	0,	'Linen Industrial & Music',	'silver',	'Lnnndstrl&Msc'),
(129,	0,	'Wool Kids',	'copper',	'WlKds'),
(130,	0,	'Wool Tools & Industrial',	'olive',	'WlTls&ndstrl'),
(131,	0,	'Copper Home',	'white',	'CpprHm'),
(132,	0,	'Marble Home',	'rose',	'MrblHm'),
(133,	0,	'Plastic Jewelry & Grocery',	'orange',	'PlstcJwlry&Grcry'),
(134,	0,	'Copper Industrial',	'carmine',	'Cpprndstrl'),
(135,	0,	'Rubber Beauty',	'cerulean',	'RbbrBty'),
(136,	0,	'Bronze Beauty',	'sapphire',	'BrnzBty'),
(137,	0,	'Concrete Shoes & Garden',	'silver',	'CncrtShs&Grdn'),
(138,	0,	'Concrete Shoes & Kids',	'harlequin',	'CncrtShs&Kds'),
(139,	0,	'Marble Movies & Music',	'orchid',	'MrblMvs&Msc'),
(140,	0,	'Paper Jewelry & Home',	'amber',	'PprJwlry&Hm'),
(141,	0,	'Granite Games',	'crimson',	'GrntGms'),
(142,	0,	'Rubber Health',	'apricot',	'RbbrHlth'),
(143,	0,	'Wooden Automotive',	'aquamarine',	'Wdntmtv'),
(144,	0,	'Wooden Music',	'gold',	'WdnMsc'),
(145,	0,	'Silk Tools',	'indigo',	'SlkTls'),
(146,	0,	'Iron Beauty & Jewelry',	'violet',	'rnBty&Jwlry'),
(147,	0,	'Concrete Shoes',	'azure',	'CncrtShs'),
(148,	0,	'Granite Grocery & Books',	'plum',	'GrntGrcry&Bks'),
(149,	0,	'Iron Beauty',	'taupe',	'rnBty'),
(150,	0,	'Silk Movies & Garden',	'brown',	'SlkMvs&Grdn'),
(151,	0,	'Concrete Automotive',	'orchid',	'Cncrttmtv'),
(152,	0,	'Concrete Garden & Grocery',	'silver',	'CncrtGrdn&Grcry'),
(153,	0,	'Wooden Computers & Beauty',	'pink',	'WdnCmptrs&Bty'),
(154,	0,	'Concrete Grocery & Games',	'turquoise',	'CncrtGrcry&Gms'),
(155,	0,	'Aluminum Toys',	'erin',	'lmnmTys'),
(156,	0,	'Concrete Outdoors',	'ultramarine',	'Cncrttdrs'),
(157,	0,	'Wool Industrial & Grocery',	'green',	'Wlndstrl&Grcry'),
(158,	0,	'Concrete Tools & Sports',	'silver',	'CncrtTls&Sprts'),
(159,	0,	'Plastic Industrial',	'aquamarine',	'Plstcndstrl'),
(160,	0,	'Concrete Toys',	'purple',	'CncrtTys'),
(161,	0,	'Rubber Kids & Games',	'crimson',	'RbbrKds&Gms'),
(162,	0,	'Marble Music',	'fuchsia',	'MrblMsc'),
(163,	0,	'Copper Home',	'ivory',	'CpprHm'),
(164,	0,	'Wooden Games',	'beige',	'WdnGms'),
(165,	0,	'Rubber Garden',	'pink',	'RbbrGrdn'),
(166,	0,	'Silk Sports & Baby',	'blush',	'SlkSprts&Bby'),
(167,	0,	'Granite Clothing & Grocery',	'pink',	'GrntClthng&Grcry'),
(168,	0,	'Copper Jewelry & Automotive',	'violet',	'CpprJwlry&tmtv'),
(169,	0,	'Linen Games',	'sky',	'LnnGms'),
(170,	0,	'Wool Beauty',	'mauve',	'WlBty'),
(171,	0,	'Copper Sports',	'gold',	'CpprSprts'),
(172,	0,	'Cotton Toys',	'amaranth',	'CttnTys'),
(173,	0,	'Cotton Health & Industrial',	'brown',	'CttnHlth&ndstrl'),
(174,	0,	'Paper Clothing',	'ruby',	'PprClthng'),
(175,	0,	'Wool Games',	'cerise',	'WlGms'),
(176,	0,	'Iron Baby',	'black',	'rnBby'),
(177,	0,	'Steel Music & Movies',	'sangria',	'StlMsc&Mvs'),
(178,	0,	'Wooden Grocery & Garden',	'purple',	'WdnGrcry&Grdn'),
(179,	0,	'Wooden Shoes & Clothing',	'ochre',	'WdnShs&Clthng'),
(180,	0,	'Leather Movies & Automotive',	'carmine',	'LthrMvs&tmtv'),
(181,	0,	'Silk Clothing & Toys',	'cerulean',	'SlkClthng&Tys'),
(182,	0,	'Leather Automotive',	'orange',	'Lthrtmtv'),
(183,	0,	'Copper Books',	'ochre',	'CpprBks'),
(184,	0,	'Leather Computers & Home',	'viridian',	'LthrCmptrs&Hm'),
(185,	0,	'Wooden Games',	'blue',	'WdnGms'),
(186,	0,	'Wool Movies & Grocery',	'erin',	'WlMvs&Grcry'),
(187,	0,	'Silk Industrial & Health',	'jade',	'Slkndstrl&Hlth'),
(188,	0,	'Bronze Jewelry',	'coral',	'BrnzJwlry'),
(189,	0,	'Rubber Clothing & Tools',	'lilac',	'RbbrClthng&Tls'),
(190,	0,	'Iron Games',	'pear',	'rnGms'),
(191,	0,	'Concrete Toys & Baby',	'raspberry',	'CncrtTys&Bby'),
(192,	0,	'Wool Kids',	'lime',	'WlKds'),
(193,	0,	'Cotton Baby & Beauty',	'indigo',	'CttnBby&Bty'),
(194,	0,	'Bronze Computers',	'salmon',	'BrnzCmptrs'),
(195,	0,	'Steel Books',	'yellow',	'StlBks'),
(196,	0,	'Copper Music',	'bronze',	'CpprMsc'),
(197,	0,	'Rubber Sports',	'white',	'RbbrSprts'),
(198,	0,	'Cotton Electronics & Home',	'ochre',	'Cttnlctrncs&Hm'),
(199,	0,	'Rubber Movies',	'pear',	'RbbrMvs'),
(200,	0,	'AS Test Group',	NULL,	'ASTSTKRP'),
(201,	0,	'AS - Service',	NULL,	'ASSRFS'),
(202,	0,	'2911 TEST Group',	NULL,	'TSTKRP'),
(203,	0,	'AS TEST GROUP 1',	NULL,	'ASTSTKRP'),
(204,	0,	'Office of the Director ELT',	NULL,	'OFSF0TRKTRLT'),
(205,	0,	'Office of Associate Director of Patient Care Services',	NULL,	'OFSFSXTTRKTRFPTNTKRSRFSS'),
(206,	0,	'Group A',	NULL,	'KRP');

DROP TABLE IF EXISTS `group_data`;
CREATE TABLE `group_data` (
  `groupID` smallint(5) unsigned NOT NULL,
  `indicatorID` smallint(5) NOT NULL,
  `data` text NOT NULL,
  `author` varchar(30) NOT NULL,
  `timestamp` int(10) unsigned NOT NULL DEFAULT '0',
  PRIMARY KEY (`groupID`,`indicatorID`),
  KEY `indicatorID` (`indicatorID`)
) ENGINE=InnoDB DEFAULT CHARSET=utf8;


DROP TABLE IF EXISTS `group_data_history`;
CREATE TABLE `group_data_history` (
  `groupID` smallint(5) unsigned NOT NULL,
  `indicatorID` smallint(5) NOT NULL,
  `data` text NOT NULL,
  `author` varchar(30) NOT NULL,
  `timestamp` int(10) unsigned NOT NULL DEFAULT '0',
  KEY `timestamp` (`timestamp`),
  KEY `groupID` (`groupID`,`indicatorID`)
) ENGINE=InnoDB DEFAULT CHARSET=utf8;


DROP TABLE IF EXISTS `group_privileges`;
CREATE TABLE `group_privileges` (
  `groupID` smallint(5) unsigned NOT NULL,
  `categoryID` enum('employee','position','group') NOT NULL,
  `UID` mediumint(8) unsigned NOT NULL,
  `read` tinyint(1) NOT NULL DEFAULT '0',
  `write` tinyint(1) NOT NULL DEFAULT '0',
  `grant` tinyint(1) NOT NULL DEFAULT '0',
  UNIQUE KEY `groupID` (`groupID`,`categoryID`,`UID`)
) ENGINE=InnoDB DEFAULT CHARSET=utf8;

INSERT INTO `group_privileges` (`groupID`, `categoryID`, `UID`, `read`, `write`, `grant`) VALUES
(14,	'position',	1,	1,	1,	1),
(14,	'group',	1,	1,	1,	1),
(14,	'group',	2,	1,	0,	0),
(15,	'position',	1,	1,	1,	1),
(15,	'group',	1,	1,	1,	1),
(15,	'group',	2,	1,	0,	0),
(16,	'position',	2,	1,	1,	1),
(16,	'position',	4,	1,	1,	1),
(16,	'group',	1,	1,	1,	1),
(16,	'group',	2,	1,	0,	0),
(16,	'group',	16,	1,	1,	1),
(26,	'position',	5,	1,	1,	1),
(26,	'group',	1,	1,	1,	1),
(26,	'group',	2,	1,	0,	0),
(27,	'position',	5,	1,	1,	1),
(27,	'group',	1,	1,	1,	1),
(27,	'group',	2,	1,	0,	0),
(28,	'position',	5,	1,	1,	1),
(28,	'group',	1,	1,	1,	1),
(28,	'group',	2,	1,	0,	0),
(29,	'position',	5,	1,	1,	1),
(29,	'group',	1,	1,	1,	1),
(29,	'group',	2,	1,	0,	0),
(30,	'position',	5,	1,	1,	1),
(30,	'group',	1,	1,	1,	1),
(30,	'group',	2,	1,	0,	0),
(32,	'position',	5,	1,	1,	1),
(32,	'group',	1,	1,	1,	1),
(32,	'group',	2,	1,	0,	0),
(33,	'position',	5,	1,	1,	1),
(33,	'group',	1,	1,	1,	1),
(33,	'group',	2,	1,	0,	0),
(35,	'position',	1,	1,	1,	1),
(35,	'position',	5,	1,	1,	1),
(35,	'group',	1,	1,	1,	1),
(35,	'group',	2,	1,	0,	0),
(36,	'position',	1,	1,	1,	1),
(36,	'position',	5,	1,	1,	1),
(36,	'group',	1,	1,	1,	1),
(36,	'group',	2,	1,	0,	0),
(40,	'position',	1,	1,	1,	1),
(40,	'position',	5,	1,	1,	1),
(40,	'group',	1,	1,	1,	1),
(40,	'group',	2,	1,	0,	0),
(41,	'position',	1,	1,	1,	1),
(41,	'position',	5,	1,	1,	1),
(41,	'group',	1,	1,	1,	1),
(41,	'group',	2,	1,	0,	0),
(42,	'position',	1,	1,	1,	1),
(42,	'position',	5,	1,	1,	1),
(42,	'group',	1,	1,	1,	1),
(42,	'group',	2,	1,	0,	0),
(53,	'position',	1,	1,	1,	1),
(53,	'position',	5,	1,	1,	1),
(53,	'position',	16,	1,	1,	1),
(53,	'group',	1,	1,	1,	1),
(53,	'group',	2,	1,	0,	0),
(54,	'position',	1,	1,	1,	1),
(54,	'position',	5,	1,	1,	1),
(54,	'position',	16,	1,	1,	1),
(54,	'group',	1,	1,	1,	1),
(54,	'group',	2,	1,	0,	0),
(55,	'position',	1,	1,	1,	1),
(55,	'position',	5,	1,	1,	1),
(55,	'position',	16,	1,	1,	1),
(55,	'group',	1,	1,	1,	1),
(55,	'group',	2,	1,	0,	0),
(56,	'position',	1,	1,	1,	1),
(56,	'position',	5,	1,	1,	1),
(56,	'position',	16,	1,	1,	1),
(56,	'group',	1,	1,	1,	1),
(56,	'group',	2,	1,	0,	0),
(57,	'position',	1,	1,	1,	1),
(57,	'position',	5,	1,	1,	1),
(57,	'position',	16,	1,	1,	1),
(57,	'group',	1,	1,	1,	1),
(57,	'group',	2,	1,	0,	0),
(58,	'position',	1,	1,	1,	1),
(58,	'position',	5,	1,	1,	1),
(58,	'position',	16,	1,	1,	1),
(58,	'group',	1,	1,	1,	1),
(58,	'group',	2,	1,	0,	0),
(59,	'position',	1,	1,	1,	1),
(59,	'position',	5,	1,	1,	1),
(59,	'position',	16,	1,	1,	1),
(59,	'group',	1,	1,	1,	1),
(59,	'group',	2,	1,	0,	0),
(60,	'position',	1,	1,	1,	1),
(60,	'position',	5,	1,	1,	1),
(60,	'position',	16,	1,	1,	1),
(60,	'group',	1,	1,	1,	1),
(60,	'group',	2,	1,	0,	0),
(61,	'position',	1,	1,	1,	1),
(61,	'position',	5,	1,	1,	1),
(61,	'position',	16,	1,	1,	1),
(61,	'group',	1,	1,	1,	1),
(61,	'group',	2,	1,	0,	0),
(62,	'position',	1,	1,	1,	1),
(62,	'position',	5,	1,	1,	1),
(62,	'position',	16,	1,	1,	1),
(62,	'group',	1,	1,	1,	1),
(62,	'group',	2,	1,	0,	0),
(63,	'position',	1,	1,	1,	1),
(63,	'position',	5,	1,	1,	1),
(63,	'position',	16,	1,	1,	1),
(63,	'group',	1,	1,	1,	1),
(63,	'group',	2,	1,	0,	0),
(64,	'position',	1,	1,	1,	1),
(64,	'position',	5,	1,	1,	1),
(64,	'position',	16,	1,	1,	1),
(64,	'group',	1,	1,	1,	1),
(64,	'group',	2,	1,	0,	0),
(65,	'position',	1,	1,	1,	1),
(65,	'position',	5,	1,	1,	1),
(65,	'position',	16,	1,	1,	1),
(65,	'group',	1,	1,	1,	1),
(65,	'group',	2,	1,	0,	0),
(67,	'position',	5,	1,	1,	1),
(67,	'position',	16,	1,	1,	1),
(67,	'group',	1,	1,	1,	1),
(67,	'group',	2,	1,	0,	0),
(68,	'position',	5,	1,	1,	1),
(68,	'position',	16,	1,	1,	1),
(68,	'group',	1,	1,	1,	1),
(68,	'group',	2,	1,	0,	0),
(73,	'position',	5,	1,	1,	1),
(73,	'position',	21,	1,	1,	1),
(73,	'group',	1,	1,	1,	1),
(73,	'group',	2,	1,	0,	0),
(74,	'employee',	42,	1,	1,	1),
(74,	'group',	1,	1,	1,	1),
(74,	'group',	2,	1,	0,	0),
(75,	'position',	24,	1,	1,	1),
(75,	'group',	1,	1,	1,	1),
(75,	'group',	2,	1,	0,	0),
(78,	'position',	1,	1,	1,	1),
(78,	'position',	5,	1,	1,	1),
(78,	'position',	21,	1,	1,	1),
(78,	'group',	1,	1,	1,	1),
(78,	'group',	2,	1,	0,	0),
(79,	'position',	5,	1,	1,	1),
(79,	'position',	21,	1,	1,	1),
(79,	'group',	1,	1,	1,	1),
(79,	'group',	2,	1,	0,	0),
(80,	'position',	5,	1,	1,	1),
(80,	'position',	21,	1,	1,	1),
(80,	'group',	1,	1,	1,	1),
(80,	'group',	2,	1,	0,	0),
(81,	'position',	5,	1,	1,	1),
(81,	'position',	21,	1,	1,	1),
(81,	'group',	1,	1,	1,	1),
(81,	'group',	2,	1,	0,	0),
(82,	'position',	5,	1,	1,	1),
(82,	'position',	21,	1,	1,	1),
(82,	'position',	31,	1,	1,	1),
(82,	'group',	1,	1,	1,	1),
(82,	'group',	2,	1,	0,	0),
(86,	'employee',	116,	1,	1,	1),
(86,	'group',	1,	1,	1,	1),
(86,	'group',	2,	1,	0,	0),
(87,	'position',	6,	1,	1,	1),
(87,	'position',	29,	1,	1,	1),
(87,	'group',	1,	1,	1,	1),
(87,	'group',	2,	1,	0,	0),
(88,	'position',	5,	1,	1,	1),
(88,	'position',	21,	1,	1,	1),
(88,	'position',	31,	1,	1,	1),
(88,	'position',	32,	1,	1,	1),
(88,	'position',	34,	1,	1,	1),
(88,	'group',	1,	1,	1,	1),
(88,	'group',	2,	1,	0,	0),
(88,	'group',	105,	1,	1,	1),
(89,	'position',	5,	1,	1,	1),
(89,	'position',	21,	1,	1,	1),
(89,	'position',	31,	1,	1,	1),
(89,	'position',	32,	1,	1,	1),
(89,	'group',	1,	1,	1,	1),
(89,	'group',	2,	1,	0,	0),
(90,	'position',	5,	1,	1,	1),
(90,	'position',	21,	1,	1,	1),
(90,	'position',	31,	1,	1,	1),
(90,	'position',	32,	1,	1,	1),
(90,	'group',	1,	1,	1,	1),
(90,	'group',	2,	1,	0,	0),
(91,	'position',	5,	1,	1,	1),
(91,	'position',	21,	1,	1,	1),
(91,	'position',	31,	1,	1,	1),
(91,	'position',	32,	1,	1,	1),
(91,	'group',	1,	1,	1,	1),
(91,	'group',	2,	1,	0,	0),
(92,	'position',	5,	1,	1,	1),
(92,	'position',	21,	1,	1,	1),
(92,	'position',	31,	1,	1,	1),
(92,	'position',	32,	1,	1,	1),
(92,	'position',	36,	1,	1,	1),
(92,	'group',	1,	1,	1,	1),
(92,	'group',	2,	1,	0,	0),
(93,	'position',	5,	1,	1,	1),
(93,	'position',	21,	1,	1,	1),
(93,	'position',	31,	1,	1,	1),
(93,	'position',	32,	1,	1,	1),
(93,	'position',	36,	1,	1,	1),
(93,	'group',	1,	1,	1,	1),
(93,	'group',	2,	1,	0,	0),
(94,	'position',	5,	1,	1,	1),
(94,	'position',	21,	1,	1,	1),
(94,	'position',	31,	1,	1,	1),
(94,	'position',	32,	1,	1,	1),
(94,	'position',	36,	1,	1,	1),
(94,	'group',	1,	1,	1,	1),
(94,	'group',	2,	1,	0,	0),
(95,	'position',	5,	1,	1,	1),
(95,	'position',	21,	1,	1,	1),
(95,	'position',	31,	1,	1,	1),
(95,	'position',	32,	1,	1,	1),
(95,	'position',	36,	1,	1,	1),
(95,	'group',	1,	1,	1,	1),
(95,	'group',	2,	1,	0,	0),
(96,	'position',	5,	1,	1,	1),
(96,	'position',	21,	1,	1,	1),
(96,	'position',	31,	1,	1,	1),
(96,	'position',	32,	1,	1,	1),
(96,	'position',	36,	1,	1,	1),
(96,	'group',	1,	1,	1,	1),
(96,	'group',	2,	1,	0,	0),
(97,	'position',	5,	1,	1,	1),
(97,	'position',	21,	1,	1,	1),
(97,	'position',	31,	1,	1,	1),
(97,	'position',	32,	1,	1,	1),
(97,	'position',	36,	1,	1,	1),
(97,	'group',	1,	1,	1,	1),
(97,	'group',	2,	1,	0,	0),
(98,	'position',	5,	1,	1,	1),
(98,	'position',	21,	1,	1,	1),
(98,	'position',	31,	1,	1,	1),
(98,	'position',	32,	1,	1,	1),
(98,	'position',	36,	1,	1,	1),
(98,	'group',	1,	1,	1,	1),
(98,	'group',	2,	1,	0,	0),
(99,	'position',	5,	1,	1,	1),
(99,	'position',	21,	1,	1,	1),
(99,	'position',	31,	1,	1,	1),
(99,	'position',	32,	1,	1,	1),
(99,	'position',	36,	1,	1,	1),
(99,	'group',	1,	1,	1,	1),
(99,	'group',	2,	1,	0,	0),
(100,	'position',	5,	1,	1,	1),
(100,	'position',	21,	1,	1,	1),
(100,	'position',	31,	1,	1,	1),
(100,	'position',	32,	1,	1,	1),
(100,	'position',	36,	1,	1,	1),
(100,	'group',	1,	1,	1,	1),
(100,	'group',	2,	1,	0,	0),
(101,	'position',	5,	1,	1,	1),
(101,	'position',	21,	1,	1,	1),
(101,	'position',	31,	1,	1,	1),
(101,	'position',	32,	1,	1,	1),
(101,	'position',	36,	1,	1,	1),
(101,	'group',	1,	1,	1,	1),
(101,	'group',	2,	1,	0,	0),
(102,	'position',	24,	1,	1,	1),
(102,	'group',	1,	1,	1,	1),
(102,	'group',	2,	1,	0,	0),
(103,	'employee',	180,	1,	1,	1),
(103,	'group',	1,	1,	1,	1),
(103,	'group',	2,	1,	0,	0),
(105,	'position',	4,	1,	1,	1),
(105,	'position',	30,	1,	1,	1),
(105,	'group',	1,	1,	1,	1),
(105,	'group',	2,	1,	0,	0),
(106,	'employee',	133,	1,	1,	1),
(106,	'group',	1,	1,	1,	1),
(106,	'group',	2,	1,	0,	0),
(107,	'employee',	206,	1,	1,	1),
(107,	'group',	1,	1,	1,	1),
(107,	'group',	2,	1,	0,	0),
(108,	'employee',	206,	1,	1,	1),
(108,	'group',	1,	1,	1,	1),
(108,	'group',	2,	1,	0,	0),
(109,	'employee',	206,	1,	1,	1),
(109,	'group',	1,	1,	1,	1),
(109,	'group',	2,	1,	0,	0),
(110,	'employee',	206,	1,	1,	1),
(110,	'group',	1,	1,	1,	1),
(110,	'group',	2,	1,	0,	0),
(111,	'employee',	206,	1,	1,	1),
(111,	'group',	1,	1,	1,	1),
(111,	'group',	2,	1,	0,	0),
(112,	'employee',	133,	1,	1,	1),
(112,	'group',	1,	1,	1,	1),
(112,	'group',	2,	1,	0,	0),
(113,	'position',	4,	1,	1,	1),
(113,	'position',	30,	1,	1,	1),
(113,	'group',	1,	1,	1,	1),
(113,	'group',	2,	1,	0,	0),
(115,	'employee',	221,	1,	1,	1),
(115,	'group',	1,	1,	1,	1),
(115,	'group',	2,	1,	0,	0),
(118,	'employee',	221,	1,	1,	1),
(118,	'group',	1,	1,	1,	1),
(118,	'group',	2,	1,	0,	0),
(119,	'employee',	222,	1,	1,	1),
(119,	'group',	1,	1,	1,	1),
(119,	'group',	2,	1,	0,	0),
(120,	'employee',	221,	1,	1,	1),
(120,	'group',	1,	1,	1,	1),
(120,	'group',	2,	1,	0,	0),
(200,	'position',	4,	1,	1,	1),
(200,	'position',	30,	1,	1,	1),
(200,	'group',	1,	1,	1,	1),
(200,	'group',	2,	1,	0,	0),
(201,	'position',	4,	1,	1,	1),
(201,	'position',	30,	1,	1,	1),
(201,	'group',	1,	1,	1,	1),
(201,	'group',	2,	1,	0,	0),
(202,	'position',	4,	1,	1,	1),
(202,	'position',	30,	1,	1,	1),
(202,	'position',	46,	1,	1,	1),
(202,	'group',	1,	1,	1,	1),
(202,	'group',	2,	1,	0,	0),
(203,	'position',	4,	1,	1,	1),
(203,	'position',	30,	1,	1,	1),
(203,	'position',	46,	1,	1,	1),
(203,	'group',	1,	1,	1,	1),
(203,	'group',	2,	1,	0,	0),
(204,	'position',	1,	1,	1,	1),
(204,	'position',	4,	1,	1,	1),
(204,	'position',	30,	1,	1,	1),
(204,	'position',	46,	1,	1,	1),
(204,	'group',	1,	1,	1,	1),
(204,	'group',	2,	1,	0,	0),
(205,	'position',	1,	1,	1,	1),
(205,	'position',	4,	1,	1,	1),
(205,	'position',	30,	1,	1,	1),
(205,	'position',	46,	1,	1,	1),
(205,	'group',	1,	1,	1,	1),
(205,	'group',	2,	1,	0,	0),
(206,	'position',	1,	1,	1,	1),
(206,	'position',	4,	1,	1,	1),
(206,	'position',	30,	1,	1,	1),
(206,	'position',	46,	1,	1,	1),
(206,	'position',	47,	1,	1,	1),
(206,	'group',	1,	1,	1,	1),
(206,	'group',	2,	1,	0,	0);

DROP TABLE IF EXISTS `group_tags`;
CREATE TABLE `group_tags` (
  `groupID` smallint(6) NOT NULL,
  `tag` varchar(100) NOT NULL,
  UNIQUE KEY `groupID` (`groupID`,`tag`),
  KEY `tag` (`tag`)
) ENGINE=InnoDB DEFAULT CHARSET=utf8;

INSERT INTO `group_tags` (`groupID`, `tag`) VALUES
(14,	'Academy_Demo1'),
(28,	'Academy_Demo1'),
(37,	'Academy_Demo1'),
(46,	'Academy_Demo1'),
(53,	'Academy_Demo1'),
(55,	'Academy_Demo1'),
(57,	'Academy_Demo1'),
(65,	'Academy_Demo1'),
(74,	'Academy_Demo1'),
(79,	'Academy_Demo1'),
(88,	'Academy_Demo1'),
(90,	'Academy_Demo1'),
(97,	'Academy_Demo1'),
(107,	'Academy_Demo1'),
(110,	'Academy_Demo1'),
(111,	'Academy_Demo1'),
(112,	'Academy_Demo1'),
(113,	'Academy_Demo1'),
(120,	'Academy_Demo1'),
(190,	'Academy_Demo1'),
(194,	'Academy_Demo1'),
(200,	'Academy_Demo1'),
(201,	'Academy_Demo1'),
(202,	'Academy_Demo1'),
(203,	'Academy_Demo1'),
(204,	'Academy_Demo1'),
(205,	'Academy_Demo1'),
(206,	'Academy_Demo1'),
(207,	'Academy_Demo1'),
(14,	'ELT'),
(28,	'ELT'),
(74,	'ELT'),
(79,	'ELT'),
(90,	'ELT'),
(200,	'ELT'),
(201,	'ELT'),
(204,	'ELT'),
(14,	'service'),
(15,	'service'),
(26,	'service'),
(27,	'service'),
(28,	'service'),
(29,	'service'),
(30,	'service'),
(33,	'service'),
(35,	'service'),
(36,	'service'),
(67,	'service'),
(68,	'service'),
(74,	'service'),
(75,	'service'),
(79,	'service'),
(80,	'service'),
(81,	'service'),
(82,	'service'),
(86,	'service'),
(90,	'service'),
(91,	'service'),
(92,	'service'),
(102,	'service'),
(103,	'service'),
(200,	'service'),
(201,	'service'),
(204,	'service'),
(205,	'service');

DROP TABLE IF EXISTS `indicators`;
CREATE TABLE `indicators` (
  `indicatorID` smallint(5) NOT NULL AUTO_INCREMENT,
  `name` varchar(50) NOT NULL,
  `format` text NOT NULL,
  `description` varchar(50) DEFAULT NULL,
  `default` varchar(20) DEFAULT NULL,
  `parentID` smallint(5) unsigned DEFAULT NULL,
  `categoryID` enum('employee','position','group') NOT NULL,
  `html` varchar(255) DEFAULT NULL,
  `jsSort` varchar(255) DEFAULT NULL,
  `required` tinyint(4) NOT NULL DEFAULT '0',
  `sort` tinyint(4) NOT NULL DEFAULT '1',
  `timeAdded` timestamp NOT NULL DEFAULT CURRENT_TIMESTAMP,
  `encrypted` tinyint(1) NOT NULL DEFAULT '0',
  `disabled` tinyint(4) NOT NULL DEFAULT '0',
  PRIMARY KEY (`indicatorID`),
  KEY `parentID` (`parentID`),
  KEY `sort` (`sort`),
  KEY `categoryID` (`categoryID`),
  KEY `name` (`name`)
) ENGINE=InnoDB DEFAULT CHARSET=utf8;

INSERT INTO `indicators` (`indicatorID`, `name`, `format`, `description`, `default`, `parentID`, `categoryID`, `html`, `jsSort`, `required`, `sort`, `timeAdded`, `encrypted`, `disabled`) VALUES
(1,	'Photo',	'image',	NULL,	NULL,	NULL,	'employee',	NULL,	NULL,	0,	1,	'2011-11-07 23:55:49',	0,	0),
(2,	'Pay Plan',	'dropdown\r\n\r\nGS\r\nWG\r\nVM\r\nVN\r\nNS\r\nNA\r\nAD\r\nWS\r\nWL\r\nVP\r\nVC\r\nES\r\nFEE\r\nLVN\r\nRN\r\nL\r\nU\r\nQ\r\nK\r\nV1',	NULL,	NULL,	NULL,	'position',	NULL,	NULL,	1,	1,	'2011-12-09 06:27:37',	0,	0),
(3,	'Position Description',	'fileupload',	NULL,	NULL,	NULL,	'position',	NULL,	NULL,	1,	10,	'2011-12-09 06:38:12',	0,	0),
(4,	'FTE Ceiling',	'number',	NULL,	NULL,	NULL,	'group',	NULL,	NULL,	1,	1,	'2012-01-25 23:46:27',	0,	0),
(5,	'Phone',	'text',	NULL,	NULL,	NULL,	'employee',	NULL,	NULL,	1,	1,	'2012-03-01 22:57:20',	0,	0),
(6,	'Email',	'text',	NULL,	NULL,	NULL,	'employee',	NULL,	NULL,	1,	1,	'2012-03-01 22:57:20',	0,	0),
(7,	'Pager',	'text',	NULL,	NULL,	NULL,	'employee',	NULL,	NULL,	0,	1,	'2012-03-01 22:57:47',	0,	0),
(8,	'Room',	'text',	NULL,	NULL,	NULL,	'employee',	NULL,	NULL,	1,	1,	'2012-03-01 22:57:47',	0,	0),
(9,	'PD Number',	'text',	NULL,	NULL,	NULL,	'position',	NULL,	NULL,	1,	6,	'2012-03-05 22:47:55',	0,	0),
(10,	'Logo',	'image',	NULL,	NULL,	NULL,	'group',	NULL,	NULL,	0,	1,	'2012-03-18 06:10:44',	0,	0),
(11,	'FTE Ceiling',	'number',	NULL,	'1',	NULL,	'position',	NULL,	NULL,	1,	4,	'2012-03-21 05:51:02',	0,	0),
(12,	'Classification Title',	'text',	NULL,	NULL,	NULL,	'position',	NULL,	NULL,	1,	5,	'2012-03-21 17:02:59',	0,	0),
(13,	'Series',	'text',	NULL,	NULL,	NULL,	'position',	NULL,	NULL,	1,	2,	'2012-05-21 04:18:07',	0,	0),
(14,	'Pay Grade',	'text',	NULL,	NULL,	NULL,	'position',	NULL,	NULL,	1,	3,	'2012-05-21 04:19:37',	0,	0),
(15,	'system',	'json',	NULL,	NULL,	NULL,	'position',	NULL,	NULL,	0,	99,	'2012-05-21 05:32:51',	0,	0),
(16,	'Mobile',	'text',	NULL,	NULL,	NULL,	'employee',	NULL,	NULL,	0,	1,	'2012-05-30 22:51:13',	0,	0),
(17,	'Current FTE',	'number',	NULL,	NULL,	NULL,	'position',	NULL,	NULL,	1,	4,	'2012-06-13 20:50:19',	0,	0),
(18,	'Functional Statement',	'fileupload',	NULL,	NULL,	NULL,	'position',	NULL,	NULL,	1,	15,	'2012-06-13 20:51:15',	0,	0),
(19,	'Total Headcount',	'number',	NULL,	NULL,	NULL,	'position',	NULL,	NULL,	1,	4,	'2012-11-29 23:05:28',	0,	0),
(20,	'EIN',	'number',	NULL,	NULL,	NULL,	'employee',	NULL,	NULL,	0,	1,	'2013-05-22 22:24:34',	0,	0),
(21,	'Recruitment Documents',	'fileupload',	NULL,	NULL,	NULL,	'position',	NULL,	NULL,	1,	11,	'2015-05-01 15:11:39',	0,	0),
(22,	'Organization Code',	'text',	NULL,	NULL,	NULL,	'position',	NULL,	NULL,	1,	20,	'2015-05-01 15:11:44',	0,	0),
(23,	'AD Title',	'text',	NULL,	NULL,	NULL,	'employee',	NULL,	NULL,	0,	1,	'2016-10-12 20:57:07',	0,	0),
(24,	'Contact Info',	'text',	NULL,	NULL,	NULL,	'group',	NULL,	NULL,	1,	1,	'2016-10-12 20:57:08',	0,	0),
(25,	'Location',	'text',	NULL,	NULL,	NULL,	'group',	NULL,	NULL,	1,	1,	'2016-10-12 20:57:08',	0,	0),
(26,	'HR Smart Position Number',	'number',	NULL,	NULL,	NULL,	'position',	NULL,	NULL,	1,	6,	'2016-10-20 21:20:45',	0,	0),
(27,	'LEAF Developer Console Access',	'checkbox\r\nYes',	NULL,	NULL,	NULL,	'employee',	NULL,	NULL,	0,	98,	'2020-01-10 19:46:57',	0,	0),
(28,	'LEAF Developer Console Request Reference',	'text',	NULL,	NULL,	NULL,	'employee',	NULL,	NULL,	0,	99,	'2020-01-10 19:46:57',	0,	0);

DROP TABLE IF EXISTS `indicator_privileges`;
CREATE TABLE `indicator_privileges` (
  `indicatorID` smallint(5) NOT NULL,
  `categoryID` enum('employee','position','group') NOT NULL,
  `UID` mediumint(8) unsigned NOT NULL,
  `read` tinyint(1) NOT NULL DEFAULT '0',
  `write` tinyint(1) NOT NULL DEFAULT '0',
  `grant` tinyint(1) NOT NULL DEFAULT '0',
  UNIQUE KEY `indicatorID` (`indicatorID`,`categoryID`,`UID`)
) ENGINE=InnoDB DEFAULT CHARSET=utf8;

INSERT INTO `indicator_privileges` (`indicatorID`, `categoryID`, `UID`, `read`, `write`, `grant`) VALUES
(1,	'group',	1,	1,	1,	1),
(1,	'group',	2,	1,	0,	0),
(1,	'group',	3,	1,	1,	0),
(2,	'group',	1,	1,	1,	1),
(2,	'group',	2,	1,	0,	0),
(2,	'group',	11,	1,	1,	0),
(3,	'group',	1,	1,	1,	1),
(3,	'group',	2,	1,	0,	0),
(3,	'group',	11,	1,	1,	0),
(5,	'group',	1,	1,	1,	1),
(5,	'group',	2,	1,	0,	0),
(5,	'group',	3,	1,	1,	0),
(6,	'group',	1,	1,	1,	1),
(6,	'group',	2,	1,	0,	0),
(8,	'group',	1,	1,	1,	1),
(8,	'group',	2,	1,	0,	0),
(8,	'group',	3,	1,	1,	0),
(9,	'group',	1,	1,	1,	1),
(9,	'group',	2,	1,	0,	0),
(9,	'group',	11,	1,	1,	0),
(11,	'group',	1,	1,	1,	1),
(11,	'group',	2,	1,	0,	0),
(11,	'group',	11,	1,	1,	0),
(12,	'group',	1,	1,	1,	1),
(12,	'group',	2,	1,	0,	0),
(12,	'group',	11,	1,	1,	0),
(13,	'group',	1,	1,	1,	1),
(13,	'group',	2,	1,	0,	0),
(13,	'group',	11,	1,	1,	0),
(14,	'employee',	116,	1,	1,	1),
(14,	'group',	1,	1,	1,	1),
(14,	'group',	2,	1,	0,	0),
(14,	'group',	11,	1,	1,	0),
(15,	'group',	1,	1,	1,	1),
(15,	'group',	2,	1,	0,	0),
(15,	'group',	11,	1,	1,	0),
(17,	'group',	1,	1,	1,	1),
(17,	'group',	2,	1,	0,	0),
(17,	'group',	11,	1,	1,	0),
(18,	'group',	1,	1,	1,	1),
(18,	'group',	2,	1,	0,	0),
(18,	'group',	11,	1,	1,	0),
(19,	'group',	1,	1,	1,	1),
(19,	'group',	2,	1,	0,	0),
(19,	'group',	11,	1,	1,	0),
(23,	'group',	1,	1,	1,	1),
(23,	'group',	2,	1,	0,	0),
(24,	'group',	1,	1,	1,	1),
(24,	'group',	2,	1,	0,	0),
(25,	'group',	1,	1,	1,	1),
(25,	'group',	2,	1,	0,	0),
(26,	'employee',	42,	1,	1,	1),
(27,	'group',	2,	1,	0,	0),
(28,	'group',	2,	1,	0,	0);

DROP TABLE IF EXISTS `positions`;
CREATE TABLE `positions` (
  `positionID` smallint(5) unsigned NOT NULL AUTO_INCREMENT,
  `parentID` smallint(6) unsigned NOT NULL DEFAULT '0',
  `positionTitle` varchar(100) NOT NULL,
  `phoneticPositionTitle` varchar(100) NOT NULL DEFAULT '',
  `numberFTE` tinyint(3) unsigned NOT NULL DEFAULT '1',
  PRIMARY KEY (`positionID`),
  KEY `positionTitle` (`positionTitle`),
  KEY `numberFTE` (`numberFTE`),
  KEY `parentID` (`parentID`),
  KEY `phoneticPositionTitle` (`phoneticPositionTitle`)
) ENGINE=InnoDB DEFAULT CHARSET=utf8;

INSERT INTO `positions` (`positionID`, `parentID`, `positionTitle`, `phoneticPositionTitle`, `numberFTE`) VALUES
(1,	0,	'Network Director',	'NTWRKTRKTR',	1),
(2,	1,	'Chief of Staff',	'XFFSTF',	1),
(3,	1,	'Chief of Everything',	'XFFFR0NK',	1),
(4,	1,	'Chief Biomed for the VISN',	'XFBMTFR0FSN',	1),
(5,	1,	'Associate Director',	'ASXTTRKTR',	1),
(6,	5,	'Human Resources Officer',	'HMNRSRSSFSR',	1),
(7,	5,	'Chief, Medical Records',	'XFMTKLRKRTS',	1),
(8,	1,	'AD, Patient Services',	'ATPTNTSRFSS',	1),
(9,	8,	'Chief, Acute Care',	'XFKTKR',	1),
(10,	8,	'Chief, GEC',	'XFJK',	1),
(11,	3,	'LEAF Coaches',	'LFKXS',	1),
(12,	1,	'Assistant Director',	'ASSTNTTRKTR',	1),
(13,	12,	'Chief, Facilties',	'XFFSLTS',	1),
(14,	12,	'Chief, Ground Services',	'XFKRNTSRFSS',	1),
(15,	3,	'test',	'TST',	1),
(17,	1,	'HSS',	'S',	1),
(20,	1,	'Associate Director',	'ASXTTRKTR',	1),
(21,	20,	'Chief, Supply Chain Management',	'XFSPLXNMNJMNT',	1),
(22,	20,	'HRO, Human Resources',	'RHMNRSRSS',	1),
(23,	22,	'HR Specialist',	'RSPXLST',	1),
(24,	1,	'Professional Animal Lover',	'PRFSNLNMLLFR',	1),
(25,	24,	'Animal Banker (1.85 FTE)',	'ANMLBNKRFT',	1),
(26,	25,	'Money Bags',	'MNBKS',	1),
(27,	25,	'Poor House',	'PRHS',	1),
(28,	1,	'Chief of Staff',	'XFFSTF',	1),
(29,	20,	'Chief, Logistics',	'XFLJSTKS',	1),
(30,	10,	'Nurse, GEC',	'NRSJK',	1),
(31,	28,	'Deputy COS',	'TPTKS',	1),
(32,	31,	'Chief, Surgical Services',	'XFSRJKLSRFSS',	1),
(33,	24,	'Accountability Officer',	'AKKNTBLTFSR',	1),
(34,	33,	'Coffeee Person',	'KFPRSN',	1),
(35,	1,	'Associate Director',	'ASXTTRKTR',	1),
(36,	8,	'Chief, Nursing',	'XFNRSNK',	1),
(37,	35,	'Chief, Dog Sitters',	'XFTKSTRS',	1),
(38,	37,	'Dog Sitter North Region',	'TKSTRNR0RJN',	1),
(39,	37,	'Dog Sitter South Region',	'TKSTRS0RJN',	1),
(40,	37,	'Dog Sitter West Region',	'TKSTRWSTRJN',	1),
(41,	24,	'Meme writer',	'MMRTR',	1),
(42,	3,	'All things wonderful',	'AL0NKSWNTRFL',	1),
(43,	24,	'Chief coffee buyer',	'XFKFBYR',	1),
(44,	43,	'Assistant #1',	'ASSTNT',	1),
(45,	43,	'Assistant #2',	'ASSTNT',	1),
(46,	1,	'AS - Chief of AS',	'ASXFFS',	1),
(47,	46,	'Associate Director of Patient Care Services',	'ASXTTRKTRFPTNTKRSRFSS',	1);

DROP TABLE IF EXISTS `position_data`;
CREATE TABLE `position_data` (
  `positionID` smallint(5) unsigned NOT NULL,
  `indicatorID` smallint(5) NOT NULL,
  `data` text NOT NULL,
  `author` varchar(30) NOT NULL,
  `timestamp` int(10) unsigned NOT NULL DEFAULT '0',
  PRIMARY KEY (`positionID`,`indicatorID`),
  KEY `indicatorID` (`indicatorID`)
) ENGINE=InnoDB DEFAULT CHARSET=utf8;

INSERT INTO `position_data` (`positionID`, `indicatorID`, `data`, `author`, `timestamp`) VALUES
(1,	2,	'GS',	'VTRUSVTOMOKO',	1523554674),
(1,	15,	'{&quot;1&quot;:{&quot;x&quot;:495,&quot;y&quot;:101,&quot;zoom&quot;:2}}',	'VTRUSVTOMOKO',	1521568108),
(2,	9,	'Leaf #123',	'VTRUSVTOMOKO',	1477590532),
(2,	15,	'{&quot;1&quot;:{&quot;x&quot;:238,&quot;y&quot;:211}}',	'VTRUSVTOMOKO',	1521568106),
(3,	15,	'{&quot;3&quot;:{&quot;x&quot;:167.3899993896484375,&quot;y&quot;:115.59999847412109375},&quot;1&quot;:{&quot;x&quot;:872.38995361328125,&quot;y&quot;:459.389984130859375}}',	'VTRUSVTOMOKO',	1537811932),
(4,	15,	'{&quot;1&quot;:{&quot;x&quot;:27,&quot;y&quot;:299}}',	'VTRUSVTOMOKO',	1521568096),
(5,	15,	'{&quot;1&quot;:{&quot;x&quot;:603,&quot;y&quot;:210}}',	'VTRUSVTOMOKO',	1521468525),
(6,	15,	'{&quot;1&quot;:{&quot;x&quot;:604,&quot;y&quot;:268}}',	'VTRUSVTOMOKO',	1521468523),
(7,	15,	'{&quot;1&quot;:{&quot;x&quot;:604,&quot;y&quot;:327}}',	'VTRUSVTOMOKO',	1521468529),
(8,	15,	'{&quot;1&quot;:{&quot;x&quot;:1031,&quot;y&quot;:173}}',	'VTRUSVTOMOKO',	1521468484),
(9,	15,	'{&quot;1&quot;:{&quot;x&quot;:1029,&quot;y&quot;:230}}',	'VTRUSVTOMOKO',	1521468550),
(10,	15,	'{&quot;1&quot;:{&quot;x&quot;:1025,&quot;y&quot;:284}}',	'VTRUSVTOMOKO',	1521468554),
(11,	15,	'{&quot;3&quot;:{&quot;x&quot;:48.3899993896484375,&quot;y&quot;:299.600006103515625},&quot;1&quot;:{&quot;x&quot;:792,&quot;y&quot;:518}}',	'VTRUSVTOMOKO',	1537811926),
(12,	15,	'{&quot;1&quot;:{&quot;x&quot;:834,&quot;y&quot;:208}}',	'VTRUSVTOMOKO',	1521468502),
(13,	15,	'{&quot;1&quot;:{&quot;x&quot;:834,&quot;y&quot;:263}}',	'VTRUSVTOMOKO',	1521468519),
(14,	15,	'{&quot;1&quot;:{&quot;x&quot;:832,&quot;y&quot;:317}}',	'VTRUSVTOMOKO',	1521468563),
(15,	15,	'{&quot;3&quot;:{&quot;x&quot;:272.389984130859375,&quot;y&quot;:303},&quot;1&quot;:{&quot;x&quot;:795.39996337890625,&quot;y&quot;:572}}',	'VTRUSVTOMOKO',	1537811929),
(17,	15,	'{&quot;1&quot;:{&quot;x&quot;:24,&quot;y&quot;:352}}',	'VTRUSVTOMOKO',	1521568099),
(20,	15,	'{&quot;1&quot;:{&quot;x&quot;:1199,&quot;y&quot;:168}}',	'VTRUSVTOMOKO',	1521468511),
(21,	2,	'GS',	'VTRUSVTOMOKO',	1520534741),
(21,	11,	'1',	'VTRUSVTOMOKO',	1520534775),
(21,	13,	'0343',	'VTRUSVTOMOKO',	1520534749),
(21,	14,	'12',	'VTRUSVTOMOKO',	1520534757),
(21,	15,	'{&quot;1&quot;:{&quot;x&quot;:1192.719970703125,&quot;y&quot;:231}}',	'VTRUSVTOMOKO',	1521468569),
(22,	15,	'{&quot;1&quot;:{&quot;x&quot;:1198.719970703125,&quot;y&quot;:295}}',	'VTRUSVTOMOKO',	1521468572),
(23,	2,	'GS',	'VTRUSVTOMOKO',	1520535264),
(23,	13,	'0302',	'VTRUSVTOMOKO',	1520535275),
(23,	15,	'{&quot;1&quot;:{&quot;x&quot;:1197.719970703125,&quot;y&quot;:346}}',	'VTRUSVTOMOKO',	1521468575),
(24,	15,	'{&quot;1&quot;:{&quot;x&quot;:617,&quot;y&quot;:427,&quot;hideSubordinates&quot;:1},&quot;24&quot;:{&quot;x&quot;:363,&quot;y&quot;:237}}',	'VTRUSVTOMOKO',	1544642387),
(25,	15,	'{&quot;1&quot;:{&quot;hideSubordinates&quot;:1,&quot;x&quot;:205,&quot;y&quot;:389},&quot;25&quot;:{&quot;x&quot;:452,&quot;y&quot;:158},&quot;24&quot;:{&quot;x&quot;:353,&quot;y&quot;:360}}',	'VTRUSVTOMOKO',	1521569040),
(26,	2,	'GS',	'VTRUSVTOMOKO',	1521568198),
(26,	9,	'LEAF 1234 VACANT',	'VTRUSVTOMOKO',	1521568321),
(26,	11,	'.85',	'VTRUSVTOMOKO',	1521568429),
(26,	12,	'Money Bags',	'VTRUSVTOMOKO',	1521568256),
(26,	13,	'343',	'VTRUSVTOMOKO',	1521568204),
(26,	14,	'13',	'VTRUSVTOMOKO',	1521568209),
(26,	15,	'{&quot;1&quot;:{&quot;x&quot;:120,&quot;y&quot;:472},&quot;25&quot;:{&quot;x&quot;:346,&quot;y&quot;:325},&quot;24&quot;:{&quot;x&quot;:343,&quot;y&quot;:433}}',	'VTRUSVTOMOKO',	1521569021),
(26,	17,	'0',	'VTRUSVTOMOKO',	1521568738),
(26,	19,	'1',	'VTRUSVTOMOKO',	1521568227),
(27,	2,	'GS',	'VTRUSVTOMOKO',	1521568846),
(27,	11,	'1',	'VTRUSVTOMOKO',	1521568864),
(27,	13,	'343',	'VTRUSVTOMOKO',	1521568854),
(27,	14,	'09',	'VTRUSVTOMOKO',	1521568858),
(27,	15,	'{&quot;1&quot;:{&quot;x&quot;:286,&quot;y&quot;:486},&quot;25&quot;:{&quot;x&quot;:554,&quot;y&quot;:330},&quot;24&quot;:{&quot;x&quot;:595,&quot;y&quot;:429}}',	'VTRUSVTOMOKO',	1521569023),
(27,	17,	'1',	'VTRUSVTOMOKO',	1521568868),
(27,	19,	'1',	'VTRUSVTOMOKO',	1521568874),
(28,	15,	'{&quot;1&quot;:{&quot;hideSubordinates&quot;:1,&quot;x&quot;:389,&quot;y&quot;:199}}',	'VTRUSVTOMOKO',	1537810865),
(29,	15,	'{&quot;1&quot;:{&quot;x&quot;:1199,&quot;y&quot;:405}}',	'VTRUSVTOMOKO',	1528392784),
(30,	2,	'RN',	'VTRUSVTOMOKO',	1523555765),
(30,	11,	'1',	'VTRUSVTOMOKO',	1523555802),
(30,	13,	'210',	'VTRUSVTOMOKO',	1523555775),
(30,	14,	'3',	'VTRUSVTOMOKO',	1523555784),
(30,	15,	'{&quot;1&quot;:{&quot;x&quot;:1022,&quot;y&quot;:340}}',	'VTRUSVTOMOKO',	1523555881),
(30,	17,	'.5',	'VTRUSVTOMOKO',	1523555835),
(30,	19,	'1',	'VTRUSVTOMOKO',	1523555825),
(31,	15,	'{&quot;1&quot;:{&quot;x&quot;:398,&quot;y&quot;:262}}',	'VTRUSVTOMOKO',	1523556289),
(32,	15,	'{&quot;1&quot;:{&quot;x&quot;:411,&quot;y&quot;:340}}',	'VTRUSVTOMOKO',	1523556293),
(34,	2,	'GS',	'VTRUSVTOMOKO',	1525975601),
(34,	13,	'303',	'VTRUSVTOMOKO',	1525975609),
(34,	14,	'17',	'VTRUSVTOMOKO',	1525975680),
(35,	15,	'{&quot;35&quot;:{&quot;x&quot;:637.79998779296875,&quot;y&quot;:249.1199951171875}}',	'VTRUSVTOMOKO',	1537810922),
(36,	15,	'{&quot;1&quot;:{&quot;x&quot;:60,&quot;y&quot;:208}}',	'VTRUSVTOMOKO',	1582657554),
(37,	15,	'{&quot;1&quot;:{&quot;hideSubordinates&quot;:0,&quot;x&quot;:430,&quot;y&quot;:440},&quot;35&quot;:{&quot;x&quot;:215.399993896484375,&quot;y&quot;:133.989990234375},&quot;37&quot;:{&quot;x&quot;:211.1999969482421875,&quot;y&quot;:108.79000091552734375}}',	'VTRUSVTOMOKO',	1539108689),
(38,	15,	'{&quot;37&quot;:{&quot;x&quot;:94.59999847412109375,&quot;y&quot;:362.600006103515625}}',	'VTRUSVTOMOKO',	1537810898),
(39,	15,	'{&quot;37&quot;:{&quot;x&quot;:97.59999847412109375,&quot;y&quot;:274.199981689453125}}',	'VTRUSVTOMOKO',	1537810899),
(40,	15,	'{&quot;37&quot;:{&quot;x&quot;:336.79998779296875,&quot;y&quot;:275.19000244140625}}',	'VTRUSVTOMOKO',	1537810901),
(42,	2,	'GS',	'VTRUSVTOMOKO',	1537811716),
(42,	11,	'0.85',	'VTRUSVTOMOKO',	1537811752),
(42,	12,	'HHS',	'VTRUSVTOMOKO',	1537811778),
(42,	13,	'341',	'VTRUSVTOMOKO',	1537811732),
(42,	14,	'13',	'VTRUSVTOMOKO',	1537811743),
(42,	15,	'{&quot;3&quot;:{&quot;x&quot;:44.799999237060546875,&quot;y&quot;:364.79998779296875},&quot;1&quot;:{&quot;x&quot;:960.79998779296875,&quot;y&quot;:520}}',	'VTRUSVTOMOKO',	1537811916),
(42,	17,	'0.85',	'VTRUSVTOMOKO',	1537811757),
(42,	19,	'1',	'VTRUSVTOMOKO',	1537811765),
(42,	26,	'91236549',	'VTRUSVTOMOKO',	1537811881),
(43,	15,	'{&quot;24&quot;:{&quot;x&quot;:20,&quot;y&quot;:239.3199920654296875}}',	'VTRUSVTOMOKO',	1539108822);

DROP TABLE IF EXISTS `position_data_history`;
CREATE TABLE `position_data_history` (
  `positionID` smallint(5) unsigned NOT NULL,
  `indicatorID` smallint(5) NOT NULL,
  `data` text NOT NULL,
  `author` varchar(30) NOT NULL,
  `timestamp` int(10) unsigned NOT NULL DEFAULT '0',
  KEY `timestamp` (`timestamp`),
  KEY `positionID` (`positionID`,`indicatorID`)
) ENGINE=InnoDB DEFAULT CHARSET=utf8;

INSERT INTO `position_data_history` (`positionID`, `indicatorID`, `data`, `author`, `timestamp`) VALUES
(2,	9,	'Leaf #123',	'VTRUSVTOMOKO',	1477590532),
(2,	15,	'{&quot;1&quot;:{&quot;x&quot;:192,&quot;y&quot;:206}}',	'VTRUSVTOMOKO',	1488383929),
(3,	15,	'{&quot;1&quot;:{&quot;x&quot;:391,&quot;y&quot;:211}}',	'VTRUSVTOMOKO',	1488383930),
(4,	15,	'{&quot;1&quot;:{&quot;x&quot;:637,&quot;y&quot;:225}}',	'VTRUSVTOMOKO',	1488383932),
(5,	15,	'{&quot;1&quot;:{&quot;x&quot;:578,&quot;y&quot;:171}}',	'VTRUSVTOMOKO',	1515695984),
(4,	15,	'{&quot;1&quot;:{&quot;x&quot;:830,&quot;y&quot;:167}}',	'VTRUSVTOMOKO',	1515695988),
(8,	15,	'{&quot;1&quot;:{&quot;x&quot;:2,&quot;y&quot;:195}}',	'VTRUSVTOMOKO',	1515695991),
(12,	15,	'{&quot;1&quot;:{&quot;x&quot;:583,&quot;y&quot;:267}}',	'VTRUSVTOMOKO',	1515695997),
(11,	15,	'{&quot;1&quot;:{&quot;x&quot;:187,&quot;y&quot;:284}}',	'VTRUSVTOMOKO',	1515696001),
(6,	15,	'{&quot;1&quot;:{&quot;x&quot;:582,&quot;y&quot;:334}}',	'VTRUSVTOMOKO',	1515696008),
(7,	15,	'{&quot;1&quot;:{&quot;x&quot;:587,&quot;y&quot;:391}}',	'VTRUSVTOMOKO',	1515696012),
(9,	15,	'{&quot;1&quot;:{&quot;x&quot;:1,&quot;y&quot;:259}}',	'VTRUSVTOMOKO',	1515696016),
(10,	15,	'{&quot;1&quot;:{&quot;x&quot;:6,&quot;y&quot;:325.7899932861328}}',	'VTRUSVTOMOKO',	1515696022),
(21,	2,	'GS',	'VTRUSVTOMOKO',	1520534741),
(21,	13,	'0343',	'VTRUSVTOMOKO',	1520534749),
(21,	14,	'12',	'VTRUSVTOMOKO',	1520534757),
(21,	11,	'1',	'VTRUSVTOMOKO',	1520534775),
(20,	15,	'{&quot;1&quot;:{&quot;x&quot;:1219,&quot;y&quot;:115}}',	'VTRUSVTOMOKO',	1520534892),
(21,	15,	'{&quot;1&quot;:{&quot;x&quot;:1284,&quot;y&quot;:214}}',	'VTRUSVTOMOKO',	1520534895),
(22,	15,	'{&quot;1&quot;:{&quot;x&quot;:1278,&quot;y&quot;:291}}',	'VTRUSVTOMOKO',	1520534899),
(9,	15,	'{&quot;1&quot;:{&quot;x&quot;:222,&quot;y&quot;:368}}',	'VTRUSVTOMOKO',	1520534905),
(11,	15,	'{&quot;1&quot;:{&quot;x&quot;:386,&quot;y&quot;:298}}',	'VTRUSVTOMOKO',	1520534908),
(10,	15,	'{&quot;1&quot;:{&quot;x&quot;:-1,&quot;y&quot;:261}}',	'VTRUSVTOMOKO',	1520534913),
(18,	15,	'{&quot;1&quot;:{&quot;x&quot;:1711,&quot;y&quot;:138}}',	'VTRUSVTOMOKO',	1520534917),
(15,	15,	'{&quot;1&quot;:{&quot;x&quot;:388,&quot;y&quot;:360}}',	'VTRUSVTOMOKO',	1520534921),
(23,	2,	'GS',	'VTRUSVTOMOKO',	1520535264),
(23,	13,	'0302',	'VTRUSVTOMOKO',	1520535275),
(23,	15,	'{&quot;1&quot;:{&quot;x&quot;:1342,&quot;y&quot;:347}}',	'VTRUSVTOMOKO',	1520535305),
(10,	15,	'{&quot;1&quot;:{&quot;x&quot;:192,&quot;y&quot;:275}}',	'VTRUSVTOMOKO',	1521468470),
(19,	15,	'{&quot;1&quot;:{&quot;x&quot;:15,&quot;y&quot;:126}}',	'VTRUSVTOMOKO',	1521468474),
(17,	15,	'{&quot;1&quot;:{&quot;x&quot;:14,&quot;y&quot;:168}}',	'VTRUSVTOMOKO',	1521468478),
(8,	15,	'{&quot;1&quot;:{&quot;x&quot;:1031,&quot;y&quot;:173}}',	'VTRUSVTOMOKO',	1521468484),
(4,	15,	'{&quot;1&quot;:{&quot;x&quot;:11,&quot;y&quot;:246}}',	'VTRUSVTOMOKO',	1521468493),
(13,	15,	'{&quot;1&quot;:{&quot;x&quot;:563,&quot;y&quot;:320}}',	'VTRUSVTOMOKO',	1521468499),
(12,	15,	'{&quot;1&quot;:{&quot;x&quot;:834,&quot;y&quot;:208}}',	'VTRUSVTOMOKO',	1521468502),
(20,	15,	'{&quot;1&quot;:{&quot;x&quot;:1199,&quot;y&quot;:168}}',	'VTRUSVTOMOKO',	1521468511),
(5,	15,	'{&quot;1&quot;:{&quot;x&quot;:610,&quot;y&quot;:174}}',	'VTRUSVTOMOKO',	1521468515),
(13,	15,	'{&quot;1&quot;:{&quot;x&quot;:834,&quot;y&quot;:263}}',	'VTRUSVTOMOKO',	1521468519),
(6,	15,	'{&quot;1&quot;:{&quot;x&quot;:604,&quot;y&quot;:268}}',	'VTRUSVTOMOKO',	1521468523),
(5,	15,	'{&quot;1&quot;:{&quot;x&quot;:603,&quot;y&quot;:210}}',	'VTRUSVTOMOKO',	1521468525),
(7,	15,	'{&quot;1&quot;:{&quot;x&quot;:604,&quot;y&quot;:327}}',	'VTRUSVTOMOKO',	1521468529),
(11,	15,	'{&quot;1&quot;:{&quot;x&quot;:387,&quot;y&quot;:270}}',	'VTRUSVTOMOKO',	1521468533),
(3,	15,	'{&quot;1&quot;:{&quot;x&quot;:410,&quot;y&quot;:213}}',	'VTRUSVTOMOKO',	1521468537),
(11,	15,	'{&quot;1&quot;:{&quot;x&quot;:408,&quot;y&quot;:272}}',	'VTRUSVTOMOKO',	1521468540),
(15,	15,	'{&quot;1&quot;:{&quot;x&quot;:401,&quot;y&quot;:326}}',	'VTRUSVTOMOKO',	1521468545),
(9,	15,	'{&quot;1&quot;:{&quot;x&quot;:1029,&quot;y&quot;:230}}',	'VTRUSVTOMOKO',	1521468550),
(10,	15,	'{&quot;1&quot;:{&quot;x&quot;:1025,&quot;y&quot;:284}}',	'VTRUSVTOMOKO',	1521468554),
(2,	15,	'{&quot;1&quot;:{&quot;x&quot;:209,&quot;y&quot;:214}}',	'VTRUSVTOMOKO',	1521468559),
(14,	15,	'{&quot;1&quot;:{&quot;x&quot;:832,&quot;y&quot;:317}}',	'VTRUSVTOMOKO',	1521468563),
(21,	15,	'{&quot;1&quot;:{&quot;x&quot;:1192.719970703125,&quot;y&quot;:231}}',	'VTRUSVTOMOKO',	1521468569),
(22,	15,	'{&quot;1&quot;:{&quot;x&quot;:1198.719970703125,&quot;y&quot;:295}}',	'VTRUSVTOMOKO',	1521468572),
(23,	15,	'{&quot;1&quot;:{&quot;x&quot;:1197.719970703125,&quot;y&quot;:346}}',	'VTRUSVTOMOKO',	1521468575),
(18,	15,	'{&quot;1&quot;:{&quot;x&quot;:15,&quot;y&quot;:220}}',	'VTRUSVTOMOKO',	1521468581),
(18,	15,	'{&quot;1&quot;:{&quot;x&quot;:-2,&quot;y&quot;:331}}',	'VTRUSVTOMOKO',	1521468585),
(4,	15,	'{&quot;1&quot;:{&quot;x&quot;:15,&quot;y&quot;:238}}',	'VTRUSVTOMOKO',	1521468593),
(24,	15,	'{&quot;1&quot;:{&quot;x&quot;:213,&quot;y&quot;:404}}',	'VTRUSVTOMOKO',	1521568084),
(24,	15,	'{&quot;1&quot;:{&quot;x&quot;:192,&quot;y&quot;:341}}',	'VTRUSVTOMOKO',	1521568086),
(24,	15,	'{&quot;1&quot;:{&quot;x&quot;:200,&quot;y&quot;:320}}',	'VTRUSVTOMOKO',	1521568089),
(25,	15,	'{&quot;1&quot;:{&quot;x&quot;:121,&quot;y&quot;:400}}',	'VTRUSVTOMOKO',	1521568091),
(24,	15,	'{&quot;1&quot;:{&quot;x&quot;:189,&quot;y&quot;:316}}',	'VTRUSVTOMOKO',	1521568093),
(4,	15,	'{&quot;1&quot;:{&quot;x&quot;:27,&quot;y&quot;:299}}',	'VTRUSVTOMOKO',	1521568096),
(17,	15,	'{&quot;1&quot;:{&quot;x&quot;:24,&quot;y&quot;:352}}',	'VTRUSVTOMOKO',	1521568099),
(24,	15,	'{&quot;1&quot;:{&quot;x&quot;:212,&quot;y&quot;:304}}',	'VTRUSVTOMOKO',	1521568101),
(25,	15,	'{&quot;1&quot;:{&quot;x&quot;:206,&quot;y&quot;:363}}',	'VTRUSVTOMOKO',	1521568103),
(2,	15,	'{&quot;1&quot;:{&quot;x&quot;:238,&quot;y&quot;:211}}',	'VTRUSVTOMOKO',	1521568106),
(1,	15,	'{&quot;1&quot;:{&quot;x&quot;:495,&quot;y&quot;:101,&quot;zoom&quot;:2}}',	'VTRUSVTOMOKO',	1521568108),
(26,	15,	'{&quot;1&quot;:{&quot;x&quot;:323,&quot;y&quot;:443}}',	'VTRUSVTOMOKO',	1521568140),
(26,	2,	'GS',	'VTRUSVTOMOKO',	1521568198),
(26,	13,	'343',	'VTRUSVTOMOKO',	1521568204),
(26,	14,	'13',	'VTRUSVTOMOKO',	1521568209),
(26,	11,	'1',	'VTRUSVTOMOKO',	1521568216),
(26,	17,	'1',	'VTRUSVTOMOKO',	1521568222),
(26,	19,	'1',	'VTRUSVTOMOKO',	1521568227),
(26,	12,	'Money Bags',	'VTRUSVTOMOKO',	1521568256),
(26,	17,	'0',	'VTRUSVTOMOKO',	1521568287),
(26,	9,	'LEAF 1234 VACANT',	'VTRUSVTOMOKO',	1521568321),
(26,	11,	'.85',	'VTRUSVTOMOKO',	1521568429),
(26,	17,	'0.85',	'VTRUSVTOMOKO',	1521568732),
(26,	17,	'0',	'VTRUSVTOMOKO',	1521568738),
(26,	15,	'{&quot;24&quot;:{&quot;x&quot;:408,&quot;y&quot;:447},&quot;1&quot;:{&quot;x&quot;:323,&quot;y&quot;:443}}',	'VTRUSVTOMOKO',	1521568775),
(25,	15,	'{&quot;24&quot;:{&quot;x&quot;:49,&quot;y&quot;:145},&quot;1&quot;:{&quot;x&quot;:206,&quot;y&quot;:363}}',	'VTRUSVTOMOKO',	1521568778),
(26,	15,	'{&quot;24&quot;:{&quot;x&quot;:49,&quot;y&quot;:176},&quot;1&quot;:{&quot;x&quot;:323,&quot;y&quot;:443}}',	'VTRUSVTOMOKO',	1521568780),
(26,	15,	'{&quot;24&quot;:{&quot;x&quot;:390,&quot;y&quot;:434},&quot;1&quot;:{&quot;x&quot;:323,&quot;y&quot;:443}}',	'VTRUSVTOMOKO',	1521568791),
(25,	15,	'{&quot;24&quot;:{&quot;x&quot;:353,&quot;y&quot;:360},&quot;1&quot;:{&quot;x&quot;:206,&quot;y&quot;:363}}',	'VTRUSVTOMOKO',	1521568794),
(24,	15,	'{&quot;24&quot;:{&quot;x&quot;:363,&quot;y&quot;:263},&quot;1&quot;:{&quot;x&quot;:212,&quot;y&quot;:304}}',	'VTRUSVTOMOKO',	1521568796),
(26,	15,	'{&quot;24&quot;:{&quot;x&quot;:343,&quot;y&quot;:433},&quot;1&quot;:{&quot;x&quot;:323,&quot;y&quot;:443}}',	'VTRUSVTOMOKO',	1521568798),
(24,	15,	'{&quot;24&quot;:{&quot;x&quot;:350,&quot;y&quot;:275},&quot;1&quot;:{&quot;x&quot;:212,&quot;y&quot;:304}}',	'VTRUSVTOMOKO',	1521568799),
(27,	15,	'{&quot;24&quot;:{&quot;x&quot;:595,&quot;y&quot;:429}}',	'VTRUSVTOMOKO',	1521568820),
(27,	2,	'GS',	'VTRUSVTOMOKO',	1521568846),
(27,	13,	'343',	'VTRUSVTOMOKO',	1521568854),
(27,	14,	'09',	'VTRUSVTOMOKO',	1521568858),
(27,	11,	'1',	'VTRUSVTOMOKO',	1521568864),
(27,	17,	'1',	'VTRUSVTOMOKO',	1521568868),
(27,	19,	'1',	'VTRUSVTOMOKO',	1521568874),
(27,	15,	'{&quot;25&quot;:{&quot;x&quot;:594,&quot;y&quot;:322},&quot;24&quot;:{&quot;x&quot;:595,&quot;y&quot;:429}}',	'VTRUSVTOMOKO',	1521568984),
(26,	15,	'{&quot;25&quot;:{&quot;x&quot;:346,&quot;y&quot;:325},&quot;24&quot;:{&quot;x&quot;:343,&quot;y&quot;:433},&quot;1&quot;:{&quot;x&quot;:323,&quot;y&quot;:443}}',	'VTRUSVTOMOKO',	1521568986),
(27,	15,	'{&quot;25&quot;:{&quot;x&quot;:554,&quot;y&quot;:330},&quot;24&quot;:{&quot;x&quot;:595,&quot;y&quot;:429}}',	'VTRUSVTOMOKO',	1521568988),
(25,	15,	'{&quot;25&quot;:{&quot;x&quot;:452,&quot;y&quot;:158},&quot;24&quot;:{&quot;x&quot;:353,&quot;y&quot;:360},&quot;1&quot;:{&quot;x&quot;:206,&quot;y&quot;:363}}',	'VTRUSVTOMOKO',	1521568990),
(24,	15,	'{&quot;24&quot;:{&quot;x&quot;:363,&quot;y&quot;:237},&quot;1&quot;:{&quot;x&quot;:212,&quot;y&quot;:304}}',	'VTRUSVTOMOKO',	1521569004),
(27,	15,	'{&quot;1&quot;:{&quot;x&quot;:480,&quot;y&quot;:453},&quot;25&quot;:{&quot;x&quot;:554,&quot;y&quot;:330},&quot;24&quot;:{&quot;x&quot;:595,&quot;y&quot;:429}}',	'VTRUSVTOMOKO',	1521569019),
(25,	15,	'{&quot;1&quot;:{&quot;x&quot;:205,&quot;y&quot;:389},&quot;25&quot;:{&quot;x&quot;:452,&quot;y&quot;:158},&quot;24&quot;:{&quot;x&quot;:353,&quot;y&quot;:360}}',	'VTRUSVTOMOKO',	1521569020),
(26,	15,	'{&quot;1&quot;:{&quot;x&quot;:120,&quot;y&quot;:472},&quot;25&quot;:{&quot;x&quot;:346,&quot;y&quot;:325},&quot;24&quot;:{&quot;x&quot;:343,&quot;y&quot;:433}}',	'VTRUSVTOMOKO',	1521569021),
(27,	15,	'{&quot;1&quot;:{&quot;x&quot;:286,&quot;y&quot;:486},&quot;25&quot;:{&quot;x&quot;:554,&quot;y&quot;:330},&quot;24&quot;:{&quot;x&quot;:595,&quot;y&quot;:429}}',	'VTRUSVTOMOKO',	1521569023),
(25,	15,	'{&quot;1&quot;:{&quot;hideSubordinates&quot;:1,&quot;x&quot;:205,&quot;y&quot;:389},&quot;25&quot;:{&quot;x&quot;:452,&quot;y&quot;:158},&quot;24&quot;:{&quot;x&quot;:353,&quot;y&quot;:360}}',	'VTRUSVTOMOKO',	1521569040),
(1,	2,	'GS',	'VTRUSVTOMOKO',	1523554674),
(3,	15,	'{&quot;1&quot;:{&quot;x&quot;:794,&quot;y&quot;:457}}',	'VTRUSVTOMOKO',	1523555088),
(11,	15,	'{&quot;1&quot;:{&quot;x&quot;:792,&quot;y&quot;:518}}',	'VTRUSVTOMOKO',	1523555091),
(15,	15,	'{&quot;1&quot;:{&quot;x&quot;:785,&quot;y&quot;:572}}',	'VTRUSVTOMOKO',	1523555094),
(30,	2,	'RN',	'VTRUSVTOMOKO',	1523555765),
(30,	13,	'210',	'VTRUSVTOMOKO',	1523555775),
(30,	14,	'3',	'VTRUSVTOMOKO',	1523555784),
(30,	11,	'1',	'VTRUSVTOMOKO',	1523555802),
(30,	17,	'1',	'VTRUSVTOMOKO',	1523555816),
(30,	19,	'1',	'VTRUSVTOMOKO',	1523555825),
(30,	17,	'.5',	'VTRUSVTOMOKO',	1523555835),
(30,	15,	'{&quot;1&quot;:{&quot;x&quot;:1022,&quot;y&quot;:340}}',	'VTRUSVTOMOKO',	1523555881),
(32,	15,	'{&quot;1&quot;:{&quot;x&quot;:424,&quot;y&quot;:400}}',	'VTRUSVTOMOKO',	1523556274),
(31,	15,	'{&quot;1&quot;:{&quot;x&quot;:419,&quot;y&quot;:295}}',	'VTRUSVTOMOKO',	1523556277),
(28,	15,	'{&quot;1&quot;:{&quot;x&quot;:389,&quot;y&quot;:199}}',	'VTRUSVTOMOKO',	1523556281),
(31,	15,	'{&quot;1&quot;:{&quot;x&quot;:398,&quot;y&quot;:262}}',	'VTRUSVTOMOKO',	1523556289),
(32,	15,	'{&quot;1&quot;:{&quot;x&quot;:411,&quot;y&quot;:340}}',	'VTRUSVTOMOKO',	1523556293),
(34,	2,	'GS',	'VTRUSVTOMOKO',	1525975601),
(34,	13,	'303',	'VTRUSVTOMOKO',	1525975609),
(34,	14,	'17',	'VTRUSVTOMOKO',	1525975680),
(29,	15,	'{&quot;1&quot;:{&quot;x&quot;:1199,&quot;y&quot;:405}}',	'VTRUSVTOMOKO',	1528392784),
(37,	15,	'{&quot;1&quot;:{&quot;x&quot;:430,&quot;y&quot;:440}}',	'VTRUSVTOMOKO',	1528394104),
(38,	15,	'{&quot;37&quot;:{&quot;x&quot;:17,&quot;y&quot;:293}}',	'VTRUSVTOMOKO',	1528394175),
(39,	15,	'{&quot;37&quot;:{&quot;x&quot;:18,&quot;y&quot;:208}}',	'VTRUSVTOMOKO',	1528394178),
(40,	15,	'{&quot;37&quot;:{&quot;x&quot;:312,&quot;y&quot;:215}}',	'VTRUSVTOMOKO',	1528394194),
(37,	15,	'{&quot;1&quot;:{&quot;hideSubordinates&quot;:1,&quot;x&quot;:430,&quot;y&quot;:440}}',	'VTRUSVTOMOKO',	1537810846),
(28,	15,	'{&quot;1&quot;:{&quot;hideSubordinates&quot;:1,&quot;x&quot;:389,&quot;y&quot;:199}}',	'VTRUSVTOMOKO',	1537810865),
(37,	15,	'{&quot;37&quot;:{&quot;x&quot;:211.1999969482421875,&quot;y&quot;:108.79000091552734375},&quot;1&quot;:{&quot;hideSubordinates&quot;:1,&quot;x&quot;:430,&quot;y&quot;:440}}',	'VTRUSVTOMOKO',	1537810891),
(40,	15,	'{&quot;37&quot;:{&quot;x&quot;:348,&quot;y&quot;:275.79998779296875}}',	'VTRUSVTOMOKO',	1537810893),
(39,	15,	'{&quot;37&quot;:{&quot;x&quot;:100.40000152587890625,&quot;y&quot;:251.1899871826171875}}',	'VTRUSVTOMOKO',	1537810896),
(38,	15,	'{&quot;37&quot;:{&quot;x&quot;:94.59999847412109375,&quot;y&quot;:362.600006103515625}}',	'VTRUSVTOMOKO',	1537810898),
(39,	15,	'{&quot;37&quot;:{&quot;x&quot;:97.59999847412109375,&quot;y&quot;:274.199981689453125}}',	'VTRUSVTOMOKO',	1537810899),
(40,	15,	'{&quot;37&quot;:{&quot;x&quot;:336.79998779296875,&quot;y&quot;:275.19000244140625}}',	'VTRUSVTOMOKO',	1537810901),
(37,	15,	'{&quot;35&quot;:{&quot;x&quot;:284.790008544921875,&quot;y&quot;:113.589996337890625},&quot;37&quot;:{&quot;x&quot;:211.1999969482421875,&quot;y&quot;:108.79000091552734375},&quot;1&quot;:{&quot;hideSubordinates&quot;:1,&quot;x&quot;:430,&quot;y&quot;:440}}',	'VTRUSVTOMOKO',	1537810916),
(35,	15,	'{&quot;35&quot;:{&quot;x&quot;:574.3900146484375,&quot;y&quot;:190.3199920654297}}',	'VTRUSVTOMOKO',	1537810918),
(35,	15,	'{&quot;35&quot;:{&quot;x&quot;:581.19000244140625,&quot;y&quot;:206.519989013671875}}',	'VTRUSVTOMOKO',	1537810920),
(35,	15,	'{&quot;35&quot;:{&quot;x&quot;:637.79998779296875,&quot;y&quot;:249.1199951171875}}',	'VTRUSVTOMOKO',	1537810922),
(37,	15,	'{&quot;35&quot;:{&quot;x&quot;:215.399993896484375,&quot;y&quot;:133.989990234375},&quot;37&quot;:{&quot;x&quot;:211.1999969482421875,&quot;y&quot;:108.79000091552734375},&quot;1&quot;:{&quot;hideSubordinates&quot;:1,&quot;x&quot;:430,&quot;y&quot;:440}}',	'VTRUSVTOMOKO',	1537810925),
(24,	15,	'{&quot;1&quot;:{&quot;hideSubordinates&quot;:1,&quot;x&quot;:212,&quot;y&quot;:304},&quot;24&quot;:{&quot;x&quot;:363,&quot;y&quot;:237}}',	'VTRUSVTOMOKO',	1537810945),
(42,	15,	'{&quot;1&quot;:{&quot;x&quot;:952.3999633789062,&quot;y&quot;:520.2000122070312}}',	'VTRUSVTOMOKO',	1537811585),
(3,	15,	'{&quot;1&quot;:{&quot;x&quot;:872.38995361328125,&quot;y&quot;:459.389984130859375}}',	'VTRUSVTOMOKO',	1537811587),
(15,	15,	'{&quot;1&quot;:{&quot;x&quot;:795.39996337890625,&quot;y&quot;:572}}',	'VTRUSVTOMOKO',	1537811589),
(42,	15,	'{&quot;1&quot;:{&quot;x&quot;:960.79998779296875,&quot;y&quot;:520}}',	'VTRUSVTOMOKO',	1537811591),
(42,	2,	'GS',	'VTRUSVTOMOKO',	1537811716),
(42,	13,	'341',	'VTRUSVTOMOKO',	1537811732),
(42,	14,	'13',	'VTRUSVTOMOKO',	1537811743),
(42,	11,	'0.85',	'VTRUSVTOMOKO',	1537811752),
(42,	17,	'0.85',	'VTRUSVTOMOKO',	1537811757),
(42,	19,	'1',	'VTRUSVTOMOKO',	1537811765),
(42,	12,	'HHS',	'VTRUSVTOMOKO',	1537811778),
(42,	26,	'91236549',	'VTRUSVTOMOKO',	1537811881),
(42,	15,	'{&quot;3&quot;:{&quot;x&quot;:44.799999237060546875,&quot;y&quot;:364.79998779296875},&quot;1&quot;:{&quot;x&quot;:960.79998779296875,&quot;y&quot;:520}}',	'VTRUSVTOMOKO',	1537811916),
(15,	15,	'{&quot;3&quot;:{&quot;x&quot;:269.600006103515625,&quot;y&quot;:375.19000244140625},&quot;1&quot;:{&quot;x&quot;:795.39996337890625,&quot;y&quot;:572}}',	'VTRUSVTOMOKO',	1537811920),
(11,	15,	'{&quot;3&quot;:{&quot;x&quot;:46.399997711181640625,&quot;y&quot;:197.589996337890625},&quot;1&quot;:{&quot;x&quot;:792,&quot;y&quot;:518}}',	'VTRUSVTOMOKO',	1537811921),
(3,	15,	'{&quot;3&quot;:{&quot;x&quot;:216.7899932861328125,&quot;y&quot;:113.589996337890625},&quot;1&quot;:{&quot;x&quot;:872.38995361328125,&quot;y&quot;:459.389984130859375}}',	'VTRUSVTOMOKO',	1537811924),
(11,	15,	'{&quot;3&quot;:{&quot;x&quot;:48.3899993896484375,&quot;y&quot;:299.600006103515625},&quot;1&quot;:{&quot;x&quot;:792,&quot;y&quot;:518}}',	'VTRUSVTOMOKO',	1537811926),
(15,	15,	'{&quot;3&quot;:{&quot;x&quot;:272.389984130859375,&quot;y&quot;:303},&quot;1&quot;:{&quot;x&quot;:795.39996337890625,&quot;y&quot;:572}}',	'VTRUSVTOMOKO',	1537811929),
(3,	15,	'{&quot;3&quot;:{&quot;x&quot;:167.3899993896484375,&quot;y&quot;:115.59999847412109375},&quot;1&quot;:{&quot;x&quot;:872.38995361328125,&quot;y&quot;:459.389984130859375}}',	'VTRUSVTOMOKO',	1537811932),
(37,	15,	'{&quot;1&quot;:{&quot;hideSubordinates&quot;:0,&quot;x&quot;:430,&quot;y&quot;:440},&quot;35&quot;:{&quot;x&quot;:215.399993896484375,&quot;y&quot;:133.989990234375},&quot;37&quot;:{&quot;x&quot;:211.1999969482421875,&quot;y&quot;:108.79000091552734375}}',	'VTRUSVTOMOKO',	1539108689),
(43,	15,	'{&quot;24&quot;:{&quot;x&quot;:20,&quot;y&quot;:240}}',	'VTRUSVTOMOKO',	1539108811),
(43,	15,	'{&quot;24&quot;:{&quot;x&quot;:20,&quot;y&quot;:239.3199920654296875}}',	'VTRUSVTOMOKO',	1539108822),
(24,	15,	'{&quot;1&quot;:{&quot;x&quot;:617,&quot;y&quot;:427,&quot;hideSubordinates&quot;:1},&quot;24&quot;:{&quot;x&quot;:363,&quot;y&quot;:237}}',	'VTRUSVTOMOKO',	1544642387),
(36,	15,	'{&quot;1&quot;:{&quot;x&quot;:60,&quot;y&quot;:208}}',	'VTRUSVTOMOKO',	1582657554);

DROP TABLE IF EXISTS `position_privileges`;
CREATE TABLE `position_privileges` (
  `positionID` smallint(5) unsigned NOT NULL,
  `categoryID` enum('employee','position','group') NOT NULL,
  `UID` mediumint(8) unsigned NOT NULL,
  `read` tinyint(1) NOT NULL DEFAULT '0',
  `write` tinyint(1) NOT NULL DEFAULT '0',
  `grant` tinyint(1) NOT NULL DEFAULT '0',
  UNIQUE KEY `positionID` (`positionID`,`categoryID`,`UID`)
) ENGINE=InnoDB DEFAULT CHARSET=utf8;


DROP TABLE IF EXISTS `position_tags`;
CREATE TABLE `position_tags` (
  `positionID` smallint(6) NOT NULL,
  `tag` varchar(100) NOT NULL,
  UNIQUE KEY `positionID` (`positionID`,`tag`),
  KEY `tag` (`tag`)
) ENGINE=InnoDB DEFAULT CHARSET=utf8;


DROP TABLE IF EXISTS `relation_employee_backup`;
CREATE TABLE `relation_employee_backup` (
  `empUID` mediumint(8) unsigned NOT NULL,
  `backupEmpUID` mediumint(8) unsigned NOT NULL,
  `approved` tinyint(4) NOT NULL DEFAULT '0',
  `approverUserName` varchar(30) DEFAULT NULL,
  UNIQUE KEY `empUID` (`empUID`,`backupEmpUID`)
) ENGINE=InnoDB DEFAULT CHARSET=utf8;

INSERT INTO `relation_employee_backup` (`empUID`, `backupEmpUID`, `approved`, `approverUserName`) VALUES
(1,	39,	1,	'VTRGRCAYANA'),
(2,	1,	1,	'tester'),
(56,	39,	1,	'VTRGRCAYANA'),
(56,	42,	1,	'VTRGRCAYANA'),
(68,	69,	1,	'VTRGRCAYANA'),
(69,	1,	1,	'tester'),
(98,	39,	1,	'VTRGRCAYANA'),
(133,	39,	1,	'VTRGRCAYANA');

DROP TABLE IF EXISTS `relation_group_employee`;
CREATE TABLE `relation_group_employee` (
  `groupID` smallint(6) unsigned NOT NULL,
  `empUID` mediumint(8) unsigned NOT NULL,
  UNIQUE KEY `groupID_2` (`groupID`,`empUID`),
  KEY `groupID` (`groupID`),
  KEY `empUID` (`empUID`)
) ENGINE=InnoDB DEFAULT CHARSET=utf8;

INSERT INTO `relation_group_employee` (`groupID`, `empUID`) VALUES
(1,	1),
(1,	2),
(1,	4),
(1,	5),
(1,	15),
(1,	39),
(1,	42),
(1,	56),
(1,	61),
(1,	116),
(1,	133),
(1,	142),
(1,	147),
(1,	148),
(1,	149),
(1,	150),
(1,	166),
(1,	176),
(1,	179),
(1,	180),
(1,	196),
(1,	205),
(1,	218),
(1,	235),
(32,	5),
(32,	39),
(37,	142),
(46,	142),
(53,	91),
(53,	142),
(54,	39),
(55,	39),
(56,	39),
(57,	39),
(65,	1),
(87,	39),
(87,	56),
(88,	39),
(97,	106),
(97,	133),
(97,	144),
(97,	156),
(106,	133),
(107,	206),
(108,	207),
(109,	208),
(110,	208),
(111,	208),
(112,	61),
(113,	223),
(119,	222),
(120,	221),
(190,	142),
(194,	103),
(200,	1),
(202,	7),
(202,	64),
(202,	118),
(202,	121),
(203,	7),
(203,	118),
(203,	121),
(203,	350);

DROP TABLE IF EXISTS `relation_group_position`;
CREATE TABLE `relation_group_position` (
  `groupID` smallint(6) unsigned NOT NULL,
  `positionID` smallint(6) unsigned NOT NULL,
  UNIQUE KEY `groupID_2` (`groupID`,`positionID`),
  KEY `groupID` (`groupID`),
  KEY `positionID` (`positionID`)
) ENGINE=InnoDB DEFAULT CHARSET=utf8;

INSERT INTO `relation_group_position` (`groupID`, `positionID`) VALUES
(14,	3),
(15,	4),
(26,	6),
(27,	7),
(28,	8),
(29,	9),
(30,	10),
(33,	11),
(35,	13),
(36,	14),
(53,	33),
(65,	37),
(67,	21),
(68,	22),
(74,	24),
(75,	25),
(79,	28),
(80,	29),
(81,	31),
(82,	32),
(86,	33),
(90,	35),
(91,	36),
(92,	37),
(102,	41),
(103,	43),
(200,	46),
(201,	46),
(203,	46),
(204,	1),
(205,	47);

DROP TABLE IF EXISTS `relation_position_employee`;
CREATE TABLE `relation_position_employee` (
  `positionID` smallint(6) unsigned NOT NULL,
  `empUID` mediumint(8) unsigned NOT NULL,
  `isActing` tinyint(4) NOT NULL DEFAULT '0',
  UNIQUE KEY `positionID_2` (`positionID`,`empUID`),
  KEY `positionID` (`positionID`),
  KEY `empUID` (`empUID`)
) ENGINE=InnoDB DEFAULT CHARSET=utf8;

INSERT INTO `relation_position_employee` (`positionID`, `empUID`, `isActing`) VALUES
(1,	1,	0),
(2,	5,	0),
(3,	4,	0),
(4,	1,	1),
(5,	39,	0),
(6,	56,	0),
(7,	67,	0),
(8,	68,	1),
(9,	70,	0),
(10,	71,	0),
(11,	4,	0),
(12,	77,	0),
(13,	4,	1),
(14,	99,	0),
(15,	27,	0),
(17,	91,	0),
(20,	95,	1),
(21,	39,	0),
(22,	97,	0),
(23,	98,	0),
(24,	142,	0),
(25,	108,	0),
(26,	109,	1),
(27,	109,	0),
(28,	117,	0),
(29,	56,	0),
(30,	1,	0),
(31,	142,	0),
(32,	142,	0),
(33,	116,	1),
(34,	129,	0),
(35,	132,	0),
(35,	142,	0),
(36,	39,	1),
(37,	142,	0),
(40,	4,	0),
(41,	109,	0),
(42,	168,	0),
(43,	180,	1),
(44,	184,	1),
(45,	185,	0),
(46,	1,	0),
(47,	1,	0);

DROP TABLE IF EXISTS `sessions`;
CREATE TABLE `sessions` (
  `sessionKey` varchar(40) NOT NULL,
  `variableKey` varchar(40) NOT NULL DEFAULT '',
  `data` text NOT NULL,
  `lastModified` int(10) unsigned NOT NULL,
  UNIQUE KEY `sessionKey` (`sessionKey`,`variableKey`)
) ENGINE=InnoDB DEFAULT CHARSET=latin1;


DROP TABLE IF EXISTS `settings`;
CREATE TABLE `settings` (
  `setting` varchar(30) NOT NULL,
  `data` varchar(50) NOT NULL,
  PRIMARY KEY (`setting`)
) ENGINE=InnoDB DEFAULT CHARSET=utf8;

INSERT INTO `settings` (`setting`, `data`) VALUES
('dbversion',	'2021060800'),
('heading',	'LEAF Dev/Testing Organizational Chart'),
('primaryAdmin',	'tester'),
('salt',	'0.458632366227575'),
('subheading',	'test'),
('timeZone',	'America/New_York'),
('version',	'PUBLIC');

DROP TABLE IF EXISTS `tag_hierarchy`;
CREATE TABLE `tag_hierarchy` (
  `tag` varchar(100) NOT NULL,
  `parentTag` varchar(100) DEFAULT NULL,
  PRIMARY KEY (`tag`),
  KEY `parentTag` (`parentTag`)
) ENGINE=InnoDB DEFAULT CHARSET=utf8;

INSERT INTO `tag_hierarchy` (`tag`, `parentTag`) VALUES
('ELT',	NULL),
('service',	'ELT');
